household_id,consumption_kwh,income_proxy,segment_label
1,416.1140686021686,2.0,C
2,788.8568684730267,2.0,A
3,265.7970058311472,4.0,B
4,545.0662268320018,2.0,C
5,372.0998270987408,1.0,C
6,647.3778784563302,2.0,A
7,355.855791988718,2.0,C
8,-103.7591210448241,2.0,D
9,621.1294626475162,2.0,A
10,-37.58278976750364,2.0,D
11,521.2258362456831,2.0,C
12,696.3086359056629,1.0,A
13,562.0124667302432,4.0,B
14,835.7366210138777,4.0,B
15,559.2473937697805,4.0,B
16,378.0984549450077,2.0,C
17,426.8558422484166,2.0,C
18,674.7598169078848,2.0,A
19,517.2073740671842,1.0,C
20,1063.3775546986762,1.0,A
21,523.4053020028367,4.0,B
22,-100.82135477157908,2.0,D
23,192.0827599842251,2.0,D
24,81.48291290976113,2.0,D
25,1108.9109020351823,4.0,A
26,-178.20558225143748,4.0,B
27,130.3730471613473,2.0,D
28,242.32934886653143,1.0,C
29,53.2218591164239,2.0,D
30,684.4466902485594,4.0,B
31,597.4385108311224,2.0,C
32,602.203197134101,4.0,B
33,568.6937270363828,2.0,C
34,520.0485107200604,2.0,C
35,-282.0124953637768,1.0,D
36,698.2165668381303,2.0,A
37,33.16191508486696,1.0,D
38,-66.81298766602208,2.0,D
39,120.45361193504964,4.0,B
40,412.541849291868,2.0,C
41,-6.108124063009086,2.0,D
42,1438.9759984217308,4.0,A
43,186.79146530306008,1.0,D
44,-15.74899757160506,2.0,D
45,857.096903856446,1.0,A
46,-81.47890710783241,4.0,B
47,87.57909534818327,4.0,B
48,467.4030987925409,2.0,C
49,223.74896762562028,2.0,D
50,810.5891447051804,1.0,A
51,465.5619245486896,4.0,B
52,535.103434529432,4.0,B
53,409.7581796821144,2.0,C
54,185.1750847914764,4.0,B
55,261.86575738381134,1.0,C
56,350.72326328409,2.0,C
57,279.6414419230217,2.0,C
58,288.0200004991295,4.0,B
59,450.6827316890871,1.0,C
60,513.883446080268,2.0,C
61,552.7892426448645,2.0,C
62,441.9051118167095,2.0,C
63,873.8947728913602,4.0,B
64,363.8439950614263,4.0,B
65,98.97144403306572,1.0,D
66,196.51513265906556,2.0,D
67,724.279282732107,2.0,A
68,756.5177490559831,2.0,A
69,412.6593723928996,2.0,C
70,300.92769795198546,2.0,C
71,506.5962935493723,4.0,B
72,727.5919623098442,2.0,A
73,299.4309227552488,2.0,C
74,262.6913468766696,2.0,C
75,851.0979893576034,2.0,A
76,737.7371962253703,2.0,A
77,172.92533673355726,4.0,B
78,649.0175622982372,2.0,A
79,613.6485685850307,1.0,C
80,396.3317764960398,4.0,B
81,274.47703383451784,1.0,C
82,221.61749191155263,4.0,B
83,-224.76735722699848,2.0,D
84,479.4949885281883,4.0,B
85,396.60591449095546,1.0,C
86,415.8567776623029,2.0,C
87,379.1079711155887,1.0,C
88,2.659846633460859,1.0,D
89,604.0392387753645,2.0,C
90,501.30560092541214,2.0,C
91,812.9576362316404,2.0,A
92,247.13650248377704,2.0,C
93,304.8360130767576,2.0,C
94,191.7377922305032,2.0,D
95,693.2607216706435,2.0,A
96,833.5594136670536,2.0,A
97,681.4182672836522,2.0,A
98,489.26866364914895,2.0,C
99,274.9727898632765,2.0,C
100,360.5437744854883,2.0,C
101,172.9088597916821,1.0,D
102,655.8353872520138,1.0,A
103,841.4597256221916,2.0,A
104,349.13288880881987,2.0,C
105,364.1259046125487,4.0,B
106,719.9558565700213,4.0,B
107,335.62779936827786,4.0,B
108,596.1025051249928,2.0,C
109,65.7343234433489,2.0,D
110,382.60115851554855,2.0,C
111,644.4333283207415,2.0,A
112,632.4303517379408,1.0,C
113,478.6228350955722,2.0,C
114,564.7632995282156,2.0,C
115,467.8482233718415,2.0,C
116,98.41331510579232,1.0,D
117,438.50822822920736,4.0,B
118,871.4824390264926,1.0,A
119,-324.4322927684518,1.0,D
120,-85.5656870319931,2.0,D
121,47.28300184047674,2.0,D
122,686.6780156951781,4.0,B
123,-35.44929061036822,2.0,D
124,424.1010750064617,4.0,B
125,524.653314521965,2.0,C
126,1056.185325716819,2.0,A
127,57.1271821794553,4.0,B
128,-293.18612878466206,4.0,B
129,71.60477856111407,2.0,D
130,397.9781921990617,2.0,C
131,978.103479239372,2.0,A
132,212.27923170057352,2.0,D
133,511.4771519344855,4.0,B
134,424.24236099818927,4.0,B
135,686.3092285406782,2.0,A
136,508.5198920587948,1.0,C
137,54.27181834522361,2.0,D
138,-169.81322199764622,2.0,D
139,347.96878663992,2.0,C
140,502.8556683232368,1.0,C
141,-66.23970274473947,4.0,B
142,523.1478914678905,2.0,C
143,719.52640350673,2.0,A
144,13.969548738461183,1.0,D
145,460.0933122151279,1.0,C
146,-78.5209506140913,2.0,D
147,516.3370880280874,1.0,C
148,679.247632933218,2.0,A
149,466.1224718811893,2.0,C
150,356.3586386138367,4.0,B
151,431.5933447905816,2.0,C
152,1110.3176201411152,4.0,A
153,519.5014888069586,4.0,B
154,-305.2383105198446,2.0,D
155,222.224469835346,4.0,B
156,856.8545376355587,1.0,A
157,551.3289365011815,1.0,C
158,152.36350665145213,2.0,D
159,286.951994896707,4.0,B
160,314.8921648097996,2.0,C
161,183.37609117969973,2.0,D
162,344.7726739445964,1.0,C
163,647.7477981001356,2.0,A
164,417.3255250454609,2.0,C
165,310.9360380319496,2.0,C
166,35.22369278557562,2.0,D
167,383.8397901949803,2.0,C
168,-81.42258975800831,1.0,D
169,675.8137378075444,4.0,B
170,32.95590826008828,2.0,D
171,252.1965605726384,1.0,C
172,681.0976842740215,4.0,B
173,436.79864950530896,2.0,C
174,12.55402755553638,4.0,B
175,412.9168363506822,2.0,C
176,268.5699147019626,4.0,B
177,300.21944682969,2.0,C
178,737.3818946228157,4.0,B
179,222.92899372678448,4.0,B
180,471.5290965518387,4.0,B
181,358.1670222315073,2.0,C
182,360.1468719819528,2.0,C
183,946.8256394575792,4.0,B
184,463.7504811629258,2.0,C
185,342.3441644538274,1.0,C
186,-62.367045431932354,1.0,D
187,302.1580009929995,4.0,B
188,434.45639558670064,2.0,C
189,495.1550591836423,4.0,B
190,105.30571522691326,1.0,D
191,433.65032070118673,1.0,C
192,301.9582118490782,2.0,C
193,808.9805529886188,2.0,A
194,75.68563808385375,2.0,D
195,272.8724115366116,2.0,C
196,14.006649252368732,2.0,D
197,166.72902064636685,4.0,B
198,331.57805642096787,2.0,C
199,437.68701361143496,4.0,B
200,569.5111948211538,1.0,C
201,362.8998199621456,2.0,C
202,140.84868111241553,2.0,D
203,193.34780769107428,2.0,D
204,272.307200043309,4.0,B
205,157.48811569014367,4.0,B
206,740.8891408195213,4.0,B
207,883.417610722028,2.0,A
208,318.0614369375771,2.0,C
209,650.8230226779601,2.0,A
210,506.3510383658981,1.0,C
211,881.050679970134,4.0,B
212,476.6429316377227,4.0,B
213,399.326793926313,2.0,C
214,122.76450145023506,1.0,D
215,-356.1758663162982,2.0,D
216,824.2994954000515,1.0,A
217,740.4770872822023,2.0,A
218,446.30731826191806,2.0,C
219,653.9396360063095,4.0,B
220,225.0119764569564,1.0,D
221,-93.78180602444304,2.0,D
222,421.406329150087,4.0,B
223,-27.40469103365928,2.0,D
224,72.94323293346719,2.0,D
225,-176.80207690770123,2.0,D
226,117.80360472140576,2.0,D
227,186.68209395898785,1.0,D
228,407.11629703266135,2.0,C
229,718.729633930729,4.0,B
230,839.4671240739779,1.0,A
231,295.46089658262844,1.0,C
232,545.3868571937021,2.0,C
233,19.456862056329328,2.0,D
234,708.7339195731662,1.0,A
235,726.5647124203799,4.0,B
236,503.113770345584,2.0,C
237,117.63558318993978,1.0,D
238,253.90431251190785,4.0,B
239,238.2681661774746,1.0,C
240,-24.17421047681671,2.0,D
241,-299.83639122568525,1.0,D
242,206.0321297444244,1.0,D
243,251.07809477617116,1.0,C
244,351.1281834877725,2.0,C
245,-114.76338777760895,1.0,D
246,901.283242171172,2.0,A
247,152.82514297914156,2.0,D
248,68.62893059908771,1.0,D
249,586.2264152098936,4.0,B
250,387.75793954680097,2.0,C
251,501.7087811034728,1.0,C
252,107.8804806161894,2.0,D
253,133.4989169066409,2.0,D
254,481.1759076230671,4.0,B
255,327.5824913067412,2.0,C
256,733.7265321333623,1.0,A
257,258.9006972172086,1.0,C
258,260.4922706477414,2.0,C
259,-305.80710602734973,2.0,D
260,506.0407274585255,2.0,C
261,212.876449409768,2.0,D
262,305.2451222037432,4.0,B
263,609.1704643430844,1.0,C
264,174.03223950233698,4.0,B
265,104.92941557807136,2.0,D
266,-296.5855082328038,2.0,D
267,455.6739551625607,2.0,C
268,157.36042606584851,2.0,D
269,1082.8320444417077,1.0,A
270,120.9072625560787,1.0,D
271,282.44503267064584,4.0,B
272,68.21315142522218,2.0,D
273,250.56950355106272,2.0,C
274,525.3063555140104,2.0,C
275,40.96149645513288,4.0,B
276,107.86229081933097,2.0,D
277,374.5423742342925,1.0,C
278,785.4344449296617,1.0,A
279,412.10666233274793,1.0,C
280,88.78087634318052,2.0,D
281,928.2399562214192,4.0,B
282,-99.3125570532954,2.0,D
283,469.1885795653317,2.0,C
284,816.2139382262073,2.0,A
285,79.29284941974299,1.0,D
286,336.3551854015153,1.0,C
287,599.2136889099536,1.0,C
288,724.7151813520145,2.0,A
289,196.4595969223852,4.0,B
290,128.56796486814733,4.0,B
291,438.7978697038134,1.0,C
292,709.186306427555,1.0,A
293,640.4448571401684,2.0,A
294,591.9444434201978,4.0,B
295,355.2047105908924,1.0,C
296,152.35781828361797,2.0,D
297,544.1223864060009,2.0,C
298,444.2856375634763,1.0,C
299,310.88584962624805,4.0,B
300,494.54345206663,2.0,C
301,602.4298047206082,2.0,C
302,521.1254414765756,2.0,C
303,464.8039335553311,1.0,C
304,420.13219179801536,2.0,C
305,397.4923856989861,4.0,B
306,626.1157525080362,1.0,C
307,454.1470570309828,4.0,B
308,140.34843794224082,2.0,D
309,469.719448179532,1.0,C
310,248.28884646968743,2.0,C
311,15.368609819634685,4.0,B
312,621.7125044314122,4.0,B
313,112.63166784917128,4.0,B
314,276.8789528728711,4.0,B
315,228.9908764079213,1.0,D
316,663.0530695043194,2.0,A
317,448.12136125420807,2.0,C
318,379.72817058151657,2.0,C
319,-79.12476905255477,2.0,D
320,92.92937199714686,1.0,D
321,132.43282298052196,2.0,D
322,826.3130801740381,2.0,A
323,562.3858082345873,1.0,C
324,435.3658734322601,2.0,C
325,83.62746770859269,1.0,D
326,546.0732211009654,4.0,B
327,509.8589346991518,1.0,C
328,-57.77433282048662,2.0,D
329,520.7327467622357,1.0,C
330,260.7637949807457,2.0,C
331,884.2109515007428,2.0,A
332,100.54824183989297,2.0,D
333,217.92728439346067,2.0,D
334,870.3644794233687,1.0,A
335,554.782515382505,1.0,C
336,789.9292500631595,2.0,A
337,29.880590458335465,2.0,D
338,531.5003459877667,2.0,C
339,269.8001011922229,1.0,C
340,353.975908184023,2.0,C
341,728.9541495679366,2.0,A
342,280.94611418063363,2.0,C
343,571.2250473270493,4.0,B
344,461.3834211994939,1.0,C
345,1123.0911344871142,4.0,A
346,135.4043832197329,1.0,D
347,260.4869711803377,1.0,C
348,997.3474264755694,2.0,A
349,560.5866701492608,1.0,C
350,551.4448602636392,2.0,C
351,594.6860281956706,4.0,B
352,269.3493032515107,2.0,C
353,96.88357294596663,1.0,D
354,290.82084348274174,2.0,C
355,610.4976825232739,1.0,C
356,897.643356105976,2.0,A
357,934.5331719966684,4.0,B
358,613.6046066872683,2.0,A
359,-227.71793696592687,1.0,D
360,-32.89226942259916,4.0,B
361,-285.9612889167289,4.0,B
362,476.5891435267741,2.0,C
363,712.8014199345503,4.0,B
364,775.2996918014902,4.0,B
365,444.4329081362473,1.0,C
366,-0.9165116678302638,1.0,D
367,962.5678080575132,4.0,B
368,561.895253720101,2.0,C
369,454.357026459044,1.0,C
370,-44.92800494483623,1.0,D
371,861.1275968869749,2.0,A
372,22.554897129332176,4.0,B
373,219.56122322614743,1.0,D
374,-330.9697293396313,2.0,D
375,717.1490774619635,4.0,B
376,142.4107179992743,2.0,D
377,390.013135998238,1.0,C
378,636.361258873574,2.0,A
379,-316.20412668366873,2.0,D
380,150.06866948897306,2.0,D
381,392.1974139125241,1.0,C
382,174.21514064358888,1.0,D
383,185.1006939999465,4.0,B
384,295.40942261027334,1.0,C
385,181.16678220291288,2.0,D
386,557.2866166385377,2.0,C
387,-109.74864354790044,4.0,B
388,271.69590466374416,2.0,C
389,569.8502109995003,1.0,C
390,8.515393842541584,2.0,D
391,273.853649078796,1.0,C
392,-129.4163117183491,4.0,B
393,262.67270113190443,2.0,C
394,-2.806392906096164,4.0,B
395,374.0525341081626,2.0,C
396,495.9868971272201,2.0,C
397,637.6102602518429,4.0,B
398,-69.09756054998866,2.0,D
399,280.4003583277101,2.0,C
400,300.4299742343613,1.0,C
401,241.12651978469853,1.0,C
402,526.053357860597,4.0,B
403,97.65301877770976,2.0,D
404,-85.55407642528519,2.0,D
405,566.0769957043215,4.0,B
406,-65.42682172638007,1.0,D
407,-48.555185501848825,4.0,B
408,549.7165910295572,2.0,C
409,69.70217778196786,2.0,D
410,225.31189827275725,2.0,D
411,520.2088242210891,1.0,C
412,286.6758474041158,4.0,B
413,419.3180424922004,1.0,C
414,478.30438460132416,4.0,B
415,-95.2846929437086,1.0,D
416,-178.0572372214067,2.0,D
417,475.503490499751,2.0,C
418,-151.90295549767745,2.0,D
419,563.4233899018884,2.0,C
420,219.4829751837481,4.0,B
421,172.5409679026438,2.0,D
422,425.1087738089488,1.0,C
423,635.1819270246888,2.0,A
424,295.3981208856817,4.0,B
425,239.50777469891224,2.0,D
426,302.5789482519529,2.0,C
427,442.4664772129781,2.0,C
428,679.1048271259924,1.0,A
429,-77.84712596766911,2.0,D
430,730.468621001011,1.0,A
431,416.9229580576739,4.0,B
432,-108.07052028807324,4.0,B
433,461.8024828164005,2.0,C
434,584.3626623296329,2.0,C
435,659.2404074512368,2.0,A
436,-15.03985807863188,1.0,D
437,31.80524806570861,1.0,D
438,700.7465065960414,4.0,B
439,110.74942193904542,4.0,B
440,234.20824669160848,2.0,D
441,322.3507483236166,4.0,B
442,87.47700507060694,1.0,D
443,400.28416001026807,2.0,C
444,441.8849327166556,2.0,C
445,99.02409441728082,1.0,D
446,551.0959878897061,2.0,C
447,341.92103994888976,2.0,C
448,908.1160425595448,2.0,A
449,155.60532600531425,2.0,D
450,225.959135653644,2.0,D
451,122.26694794257368,1.0,D
452,833.9460056179018,1.0,A
453,624.6674681045901,2.0,A
454,48.22708067132055,4.0,B
455,571.6447604506741,2.0,C
456,680.0672154953961,1.0,A
457,-78.22968081062135,1.0,D
458,-34.030390328777685,4.0,B
459,352.7716010670088,2.0,C
460,390.4880386110272,2.0,C
461,643.4358689198258,1.0,A
462,-25.58644112230189,4.0,B
463,539.1993742115906,2.0,C
464,513.7090753217748,1.0,C
465,-144.65768461859773,1.0,D
466,-159.39031092990626,1.0,D
467,554.8374239859522,2.0,C
468,836.1697602141478,2.0,A
469,589.2516846057782,4.0,B
470,411.169242866162,4.0,B
471,326.9848241882263,1.0,C
472,411.4733167662462,1.0,C
473,377.6235252889308,1.0,C
474,516.6205932945633,1.0,C
475,459.7011649085417,4.0,B
476,537.9303215196824,2.0,C
477,697.6209493555091,1.0,A
478,371.2012137247701,4.0,B
479,745.9001443553082,4.0,B
480,45.86828451871628,2.0,D
481,304.77289152964426,2.0,C
482,107.49013816699204,4.0,B
483,106.92160047014568,2.0,D
484,482.11153887737976,2.0,C
485,419.71621634430153,4.0,B
486,-362.6338054180136,2.0,D
487,288.0567888255179,2.0,C
488,645.9649877918894,4.0,B
489,743.2631642039963,1.0,A
490,396.8777477217191,2.0,C
491,324.36585167069006,1.0,C
492,481.42981247824974,4.0,B
493,231.1327996258559,1.0,D
494,339.2627843337038,4.0,B
495,820.0388182657454,1.0,A
496,238.998587596036,2.0,D
497,630.3111957630452,1.0,C
498,-88.88745262163792,2.0,D
499,512.0816780857899,4.0,B
500,356.13747906371265,4.0,B
501,475.7589300094526,2.0,C
502,144.51881009277858,1.0,D
503,582.8157320981643,2.0,C
504,612.1865006989854,1.0,C
505,586.9721191634243,2.0,C
506,378.4174649703583,1.0,C
507,-2.760745235304796,1.0,D
508,634.2432822910072,2.0,A
509,701.9903324446179,2.0,A
510,405.46456757068927,2.0,C
511,298.0086472729162,2.0,C
512,-50.87017087390251,2.0,D
513,333.6548887778977,2.0,C
514,610.1365700233073,1.0,C
515,766.6373677664275,4.0,B
516,540.9425693540319,4.0,B
517,401.30160032529625,2.0,C
518,393.87631118756985,4.0,B
519,334.50032635045426,2.0,C
520,463.3946107347545,1.0,C
521,311.69418242779494,4.0,B
522,264.4883438978138,2.0,C
523,533.9036273086783,2.0,C
524,549.1544695556485,2.0,C
525,1044.305502453122,4.0,B
526,170.5937553957614,4.0,B
527,254.9134037826168,1.0,C
528,232.50017544875436,2.0,D
529,106.0676575069777,1.0,D
530,629.5297667555982,2.0,A
531,175.64622895891046,1.0,D
532,233.7346849433106,4.0,B
533,830.5956370887457,2.0,A
534,354.3270635173062,2.0,C
535,184.34634963416343,4.0,B
536,646.5533752006302,4.0,B
537,358.52404753063274,2.0,C
538,826.1925919221328,1.0,A
539,77.46750986693837,2.0,D
540,368.0336602866372,1.0,C
541,260.55221710305943,4.0,B
542,284.84612306670965,2.0,C
543,288.18125400099154,2.0,C
544,462.8032353781794,4.0,B
545,538.8510439551002,2.0,C
546,188.32594896374744,1.0,D
547,621.5278292332871,4.0,B
548,931.1655264358844,2.0,A
549,424.2808771104228,2.0,C
550,-150.36102390449264,2.0,D
551,522.5360693830753,2.0,C
552,442.6614534438276,4.0,B
553,141.71262586595697,1.0,D
554,278.68434773384865,2.0,C
555,864.0008556114366,1.0,A
556,77.78621329210046,2.0,D
557,605.2393708961754,2.0,C
558,251.0046768108992,4.0,B
559,-199.44428333747817,1.0,D
560,144.68433225759887,1.0,D
561,427.8213584490408,1.0,C
562,731.2931022872219,4.0,B
563,413.94021741958096,4.0,B
564,484.7541844822005,2.0,C
565,361.3029265642831,2.0,C
566,268.5846438128725,4.0,B
567,175.50239965464516,4.0,B
568,572.8475380736436,4.0,B
569,870.1586294043692,2.0,A
570,1041.5489386331587,4.0,B
571,235.71801543717785,2.0,D
572,716.69965862304,2.0,A
573,-81.80922638572122,2.0,D
574,-121.6729956491697,1.0,D
575,505.5668518770752,4.0,B
576,360.9135347894437,1.0,C
577,291.3070362795829,2.0,C
578,236.21690651221925,2.0,D
579,358.22147922022515,1.0,C
580,212.07567673207535,2.0,D
581,276.36559738315714,4.0,B
582,352.39086159873693,1.0,C
583,871.8160578310826,1.0,A
584,44.37520749725627,1.0,D
585,718.0765089306983,4.0,B
586,537.5926465869777,2.0,C
587,116.37667662135902,2.0,D
588,55.08435429468869,2.0,D
589,311.35874042563654,4.0,B
590,761.499524434505,1.0,A
591,953.0115073320952,4.0,B
592,629.3580561052388,1.0,C
593,447.3171135767918,2.0,C
594,899.3148298726949,1.0,A
595,67.39943429648588,2.0,D
596,206.7012793508122,4.0,B
597,329.2556961344973,2.0,C
598,553.0129652698938,2.0,C
599,518.357913122842,2.0,C
600,232.9810521317716,2.0,D
601,618.9490587200712,2.0,A
602,302.0631090902086,4.0,B
603,409.19036725562495,1.0,C
604,367.645658364731,2.0,C
605,927.1390707290104,1.0,A
606,592.6878319806654,4.0,B
607,-50.53296981915992,4.0,B
608,434.71853380174593,4.0,B
609,131.7636693137967,4.0,B
610,935.757274995588,2.0,A
611,276.80332816558433,2.0,C
612,204.2093667014138,4.0,B
613,176.51343275775022,1.0,D
614,330.5517153798687,2.0,C
615,52.37867914499503,2.0,D
616,306.4631233436,4.0,B
617,170.50768660714976,1.0,D
618,453.4431113366164,2.0,C
619,339.4423207601276,2.0,C
620,499.2721054375103,4.0,B
621,769.9277791523781,4.0,B
622,927.7724056678488,2.0,A
623,601.3314316471282,1.0,C
624,352.3131246342358,2.0,C
625,1072.2077280742642,1.0,A
626,443.94938984492296,4.0,B
627,931.352474972756,2.0,A
628,373.6487120314653,4.0,B
629,-10.271702374144011,1.0,D
630,39.10926559454634,4.0,B
631,-165.33564655805412,2.0,D
632,25.22973956338177,1.0,D
633,482.2645881107221,4.0,B
634,385.97576622840353,2.0,C
635,572.9163234391192,2.0,C
636,-121.70557711929872,2.0,D
637,848.3554838753042,2.0,A
638,445.020283414866,2.0,C
639,-239.35387354628017,2.0,D
640,798.8176624457192,2.0,A
641,-5.551480608523661,2.0,D
642,324.85094263421814,2.0,C
643,182.3184358861959,2.0,D
644,104.8026884970078,2.0,D
645,573.1989461871276,4.0,B
646,125.08663244104751,1.0,D
647,450.6278715452168,4.0,B
648,225.0644443820405,1.0,D
649,73.09258861295689,4.0,B
650,311.3226121569797,2.0,C
651,-54.81428957211813,4.0,B
652,-32.05957324042595,4.0,B
653,143.42060973575963,2.0,D
654,521.6443141211153,1.0,C
655,532.3353633728809,2.0,C
656,98.5736874195428,2.0,D
657,657.715909782084,2.0,A
658,481.54149131466016,2.0,C
659,386.80714681191694,4.0,B
660,124.57799170644604,4.0,B
661,454.72191520732,4.0,B
662,729.4719961935696,4.0,B
663,817.9261730773701,2.0,A
664,1063.8071481223258,2.0,A
665,634.7316058275268,2.0,A
666,416.320993041532,2.0,C
667,645.2045979834879,2.0,A
668,549.1759824722003,2.0,C
669,268.6167902625234,1.0,C
670,406.7914086313029,2.0,C
671,338.4108349721171,2.0,C
672,535.5604241158038,1.0,C
673,380.2032797151851,4.0,B
674,435.4580330066199,2.0,C
675,82.75029683650598,2.0,D
676,-293.7545043419085,2.0,D
677,797.0257785661265,1.0,A
678,469.67943131413256,1.0,C
679,629.5595046266783,4.0,B
680,275.4053269024961,2.0,C
681,604.5617236825487,2.0,C
682,296.4236744153201,2.0,C
683,330.77952164835574,2.0,C
684,385.413730269496,1.0,C
685,829.7784794496263,2.0,A
686,655.941840564885,2.0,A
687,883.2890069151658,2.0,A
688,456.0722781975838,4.0,B
689,612.4588517947831,4.0,B
690,995.485638124226,2.0,A
691,1107.518887883617,2.0,A
692,625.5372878607266,1.0,C
693,-82.59855712114194,2.0,D
694,413.8154371384298,1.0,C
695,354.45382923640625,1.0,C
696,524.056494716711,1.0,C
697,350.4970520788785,2.0,C
698,-73.18498283066288,2.0,D
699,521.8308950666528,1.0,C
700,346.60823579659893,4.0,B
701,709.7469797493791,2.0,A
702,735.213710367761,2.0,A
703,167.52977326025282,1.0,D
704,121.56545711424496,1.0,D
705,1052.763370548095,1.0,A
706,887.0459420442371,2.0,A
707,-496.0842827887543,1.0,D
708,90.66040886606078,1.0,D
709,816.3229134122653,2.0,A
710,334.04806199829034,2.0,C
711,-11.380878215602364,1.0,D
712,917.8900810460198,1.0,A
713,914.4966998692418,2.0,A
714,-84.50296986964969,2.0,D
715,330.04248278665017,2.0,C
716,523.0225405272307,1.0,C
717,-148.28477221084165,2.0,D
718,274.574864911946,2.0,C
719,-41.46719693848053,2.0,D
720,475.0986823572598,2.0,C
721,610.0791518658546,1.0,C
722,786.5119707220931,2.0,A
723,315.8914452598393,2.0,C
724,613.191981070496,4.0,B
725,924.3719336947352,2.0,A
726,259.0495860668816,1.0,C
727,-150.51508295591736,2.0,D
728,491.67003315936006,2.0,C
729,395.4410737212439,2.0,C
730,397.2048299789929,2.0,C
731,323.1914294425417,1.0,C
732,366.65214221866125,1.0,C
733,513.7875509713326,2.0,C
734,592.503962840023,1.0,C
735,153.9937033886776,2.0,D
736,241.20537269513912,2.0,D
737,471.35956375825407,2.0,C
738,-215.5935450058023,2.0,D
739,368.4623394658447,2.0,C
740,150.29111484183343,1.0,D
741,709.4641048276737,2.0,A
742,840.5642484956049,4.0,B
743,109.80335119626808,2.0,D
744,189.76116567592817,2.0,D
745,191.16008155788083,2.0,D
746,502.08129904750535,2.0,C
747,285.62808705255105,2.0,C
748,567.7347856359285,2.0,C
749,85.38288427484764,2.0,D
750,675.0936805016056,1.0,A
751,-19.981287776309955,1.0,D
752,377.9931506301587,4.0,B
753,-249.9112154527513,2.0,D
754,-208.1168577216447,1.0,D
755,542.768705920915,1.0,C
756,180.3992550762929,4.0,B
757,193.90696883698848,2.0,D
758,145.59265300674804,2.0,D
759,331.1068340648278,4.0,B
760,652.5162824660798,2.0,A
761,303.57943642135206,4.0,B
762,53.7147455741528,2.0,D
763,339.49712960797143,1.0,C
764,349.8637857018725,4.0,B
765,735.3513884072516,4.0,B
766,770.3553241938475,2.0,A
767,570.2070171620517,4.0,B
768,557.5112908885077,1.0,C
769,631.5734981681069,2.0,A
770,634.6672792057736,1.0,C
771,607.9412672275253,2.0,A
772,610.9707185203109,2.0,A
773,615.0546788961353,1.0,C
774,697.011388531904,2.0,A
775,434.6075296912139,4.0,B
776,1396.4749780900177,4.0,A
777,-99.11783786667844,2.0,D
778,543.0213765274966,4.0,B
779,203.92562280962196,2.0,D
780,860.1953729972636,2.0,A
781,641.5114304939805,4.0,B
782,612.641416947,4.0,B
783,774.4065288320614,2.0,A
784,581.7150612806273,1.0,C
785,-16.36715156650388,1.0,D
786,763.7518152451476,4.0,B
787,233.64423070233025,4.0,B
788,-40.166621542104565,1.0,D
789,280.177304439054,4.0,B
790,724.6081736127093,4.0,B
791,614.9488615780139,1.0,C
792,-52.239844087565245,2.0,D
793,445.35825135070206,2.0,C
794,261.95823349325224,4.0,B
795,396.4624060435144,2.0,C
796,437.1877819026688,2.0,C
797,242.6305088928796,1.0,C
798,46.78183671105211,2.0,D
799,788.7793082060105,2.0,A
800,139.5051987806453,4.0,B
801,406.1691792971514,2.0,C
802,654.0718970146834,1.0,A
803,662.9698884934687,2.0,A
804,562.7374446604273,4.0,B
805,575.7868608385966,4.0,B
806,-6.232613055365391,2.0,D
807,259.1325818323457,4.0,B
808,-14.058866216330898,2.0,D
809,733.8623020267802,2.0,A
810,477.28561385823,2.0,C
811,557.7161609036741,2.0,C
812,330.4164823550263,2.0,C
813,768.1414648040688,1.0,A
814,-294.5515226980352,2.0,D
815,301.52924795508414,4.0,B
816,659.9388102146739,2.0,A
817,474.3045905997567,2.0,C
818,775.4945009904161,4.0,B
819,623.3667286789247,4.0,B
820,555.426585466572,2.0,C
821,99.79354177688168,4.0,B
822,205.13842449349124,1.0,D
823,634.0944962565751,4.0,B
824,227.5737741024865,2.0,D
825,437.1616813676177,1.0,C
826,286.24802676322054,4.0,B
827,366.8359636776314,1.0,C
828,90.08447092463132,4.0,B
829,609.8392617326783,2.0,A
830,85.30162437663449,2.0,D
831,549.3590290428837,2.0,C
832,640.963421595493,2.0,A
833,614.3511421643308,2.0,A
834,251.7775904298857,2.0,C
835,293.60515643150467,4.0,B
836,394.5541280541509,2.0,C
837,975.0511101680938,2.0,A
838,722.5525545455536,2.0,A
839,713.855134829968,1.0,A
840,988.3669005989497,1.0,A
841,217.3403797146245,2.0,D
842,-77.34651329304018,2.0,D
843,167.72503912267106,1.0,D
844,642.8873153362595,2.0,A
845,30.40967871599463,4.0,B
846,420.1714674153819,1.0,C
847,187.02862008334495,4.0,B
848,425.42473422460193,4.0,B
849,-79.39381679114729,2.0,D
850,473.8372537614175,2.0,C
851,1.6325244601715667,4.0,B
852,448.25953115445554,2.0,C
853,249.8649586851592,2.0,C
854,686.924419203347,2.0,A
855,-468.4517374772519,4.0,D
856,625.1514058305288,2.0,A
857,8.575786158654807,2.0,D
858,106.86572724475116,2.0,D
859,145.1238543712999,2.0,D
860,418.7973334675757,2.0,C
861,637.2909397318276,1.0,C
862,97.80682399121496,1.0,D
863,580.7742072395693,2.0,C
864,6.079810204156729,2.0,D
865,350.5969978382941,4.0,B
866,484.2139084035186,4.0,B
867,378.6982780079161,1.0,C
868,203.3823384041744,2.0,D
869,200.33402156216988,2.0,D
870,60.58776167217138,2.0,D
871,518.0094473031463,2.0,C
872,242.97792451476184,4.0,B
873,597.6218314294997,2.0,C
874,235.22826074182308,2.0,D
875,759.374933643587,4.0,B
876,355.20013623160787,2.0,C
877,612.6960763868171,2.0,A
878,21.926501572111817,2.0,D
879,394.9530934126739,2.0,C
880,128.2233810317017,4.0,B
881,1123.7721617209215,1.0,A
882,809.411694690707,2.0,A
883,-21.96727827498813,1.0,D
884,-13.571888173247372,2.0,D
885,482.7680142609968,1.0,C
886,1017.0624608657744,2.0,A
887,493.7472273378518,4.0,B
888,318.6777568036596,2.0,C
889,54.62690715360429,2.0,D
890,68.36477451047921,1.0,D
891,458.7915536519531,2.0,C
892,793.8878359539461,4.0,B
893,445.3523850224251,4.0,B
894,221.69238711326693,2.0,D
895,-90.91068789623029,1.0,D
896,661.6744385530023,2.0,A
897,643.8197124737791,2.0,A
898,531.3376002395282,2.0,C
899,485.34237119193045,2.0,C
900,692.0999112374265,2.0,A
901,188.38808526473812,2.0,D
902,382.6183715389568,4.0,B
903,410.3255378755373,1.0,C
904,544.3628841006808,2.0,C
905,785.8391212853269,2.0,A
906,457.209618764479,2.0,C
907,629.8846456490905,2.0,A
908,242.3416040579652,1.0,C
909,270.19977292223587,2.0,C
910,651.8725029742709,2.0,A
911,547.5398022512022,2.0,C
912,719.3740475642367,1.0,A
913,385.8218937876497,2.0,C
914,446.1583730375679,2.0,C
915,636.5632264495308,1.0,C
916,571.2349831295298,1.0,C
917,260.0818432918074,2.0,C
918,214.6720810417348,2.0,D
919,273.9169651523895,4.0,B
920,445.0826824246568,4.0,B
921,774.8791375244023,4.0,B
922,911.4091677644714,4.0,B
923,469.33887107286137,2.0,C
924,642.7812830834841,4.0,B
925,285.76334925991966,4.0,B
926,136.1774081937519,1.0,D
927,103.79472838801632,2.0,D
928,539.003074662201,2.0,C
929,683.0820020942313,2.0,A
930,833.5407714274755,4.0,B
931,868.5547391316722,2.0,A
932,337.86789664563554,2.0,C
933,436.9806336653446,4.0,B
934,2.565758797425985,4.0,B
935,532.8682901006507,1.0,C
936,238.06538076434336,2.0,D
937,-120.75765241354122,4.0,B
938,43.53632511559727,1.0,D
939,782.8185236172651,4.0,B
940,835.3265553685378,4.0,B
941,738.4809476910914,2.0,A
942,643.1237189836439,2.0,A
943,-0.4324665483151761,2.0,D
944,319.1859514977298,4.0,B
945,127.02137578409868,2.0,D
946,519.8222095161227,1.0,C
947,305.35409685330217,2.0,C
948,303.48214358193826,2.0,C
949,183.50673866828777,1.0,D
950,690.2189498007958,4.0,B
951,102.99988915361769,2.0,D
952,151.4136733073719,1.0,D
953,410.07084551186944,2.0,C
954,638.2054110998257,4.0,B
955,224.629014686838,1.0,D
956,856.6165981672094,2.0,A
957,252.13063402678063,2.0,C
958,356.5932532319365,2.0,C
959,417.23795569063714,4.0,B
960,200.46711100607504,2.0,D
961,173.74083666084806,4.0,B
962,-266.287882241499,2.0,D
963,464.0881322610271,1.0,C
964,550.1862916426211,1.0,C
965,581.4368188436108,1.0,C
966,347.30936620686566,4.0,B
967,-100.31634550990384,1.0,D
968,829.8407978085049,1.0,A
969,262.08293866199915,1.0,C
970,278.36548645198485,4.0,B
971,564.6914938821511,2.0,C
972,736.3563698180242,1.0,A
973,365.2654574977596,1.0,C
974,355.5639692581816,1.0,C
975,517.4424568365174,4.0,B
976,450.5707568137895,1.0,C
977,632.6050377124766,2.0,A
978,256.01029590905665,2.0,C
979,-241.54226130305688,4.0,B
980,345.8412884764813,4.0,B
981,1265.1280747663473,4.0,A
982,371.8686333277483,2.0,C
983,744.7550529663757,2.0,A
984,753.1179251392466,2.0,A
985,156.45238904035892,1.0,D
986,333.4057555460174,2.0,C
987,571.717957942693,2.0,C
988,745.3598179562687,2.0,A
989,987.091691835981,2.0,A
990,622.8739672437837,4.0,B
991,368.2204515595956,4.0,B
992,139.4579276720338,2.0,D
993,467.75942841453127,4.0,B
994,-86.35372878573929,2.0,D
995,474.7492659468143,1.0,C
996,-351.2956665054097,4.0,B
997,738.5451577020023,2.0,A
998,109.46462284886326,2.0,D
999,673.9116742847242,2.0,A
1000,127.87106073604416,1.0,D
1001,957.6212045533894,1.0,A
1002,236.93018185976103,2.0,D
1003,657.2666197618777,2.0,A
1004,-125.6252617536676,1.0,D
1005,460.29667554123097,2.0,C
1006,327.5474460845088,2.0,C
1007,-75.05118399874408,2.0,D
1008,466.0835487608425,1.0,C
1009,33.3494264668206,2.0,D
1010,557.4002104519968,2.0,C
1011,469.2207144356564,4.0,B
1012,421.084948041032,1.0,C
1013,324.0179029542733,2.0,C
1014,651.2988171665257,4.0,B
1015,556.6751583605186,2.0,C
1016,140.48234012101523,1.0,D
1017,573.0301243791508,4.0,B
1018,-532.9720273998247,2.0,D
1019,393.5727400999124,4.0,B
1020,379.2386084169322,2.0,C
1021,848.7487496710294,2.0,A
1022,351.1844695280741,4.0,B
1023,802.9479171183468,4.0,B
1024,342.31565989273975,2.0,C
1025,447.2444709430116,2.0,C
1026,599.8781137880135,2.0,C
1027,537.3098169528981,1.0,C
1028,758.2168506872424,2.0,A
1029,391.8562818903293,4.0,B
1030,31.06792634129073,2.0,D
1031,357.55539399903324,2.0,C
1032,220.7787156595533,2.0,D
1033,478.1353183792424,1.0,C
1034,121.62746945333272,2.0,D
1035,299.8912303006619,2.0,C
1036,523.1774002946183,4.0,B
1037,145.71960528442636,2.0,D
1038,642.3491742947288,1.0,A
1039,395.84327797644,2.0,C
1040,532.1442781389596,1.0,C
1041,285.7678118515041,2.0,C
1042,459.83788457554346,4.0,B
1043,435.2120066345095,2.0,C
1044,395.4209948263208,1.0,C
1045,338.8950265528195,2.0,C
1046,442.49522021597096,1.0,C
1047,464.6809133677955,4.0,B
1048,545.7268622339682,1.0,C
1049,533.3000065473194,2.0,C
1050,862.3006871356474,2.0,A
1051,331.88586254665904,2.0,C
1052,672.5274405434734,2.0,A
1053,569.2042835620184,2.0,C
1054,927.278360014689,2.0,A
1055,37.08703952557266,2.0,D
1056,512.0570727819511,4.0,B
1057,855.5091823153238,2.0,A
1058,194.2713478655841,4.0,B
1059,-138.645372932716,1.0,D
1060,503.2577812973475,4.0,B
1061,434.1617191795641,2.0,C
1062,64.95136253611474,2.0,D
1063,244.6974951873156,2.0,D
1064,494.3136564474641,2.0,C
1065,-152.6752815451532,2.0,D
1066,180.78996681796647,2.0,D
1067,94.26915196288336,2.0,D
1068,498.9771710969141,4.0,B
1069,877.645291594293,1.0,A
1070,420.4515940992606,2.0,C
1071,347.72608863682854,2.0,C
1072,461.3228702691518,2.0,C
1073,702.1001567170863,2.0,A
1074,-196.7595222566988,1.0,D
1075,388.0330654914201,1.0,C
1076,724.5541530963549,1.0,A
1077,-336.5597822875864,4.0,B
1078,186.86238851227463,2.0,D
1079,275.09807993700264,2.0,C
1080,1026.9945238801802,2.0,A
1081,297.4090028748439,1.0,C
1082,401.18395862217983,4.0,B
1083,398.8293052941544,2.0,C
1084,94.16219271147428,2.0,D
1085,52.89163805101549,4.0,B
1086,462.1524013469959,2.0,C
1087,145.7353400364495,2.0,D
1088,-7.896417642452548,1.0,D
1089,131.63175675187466,2.0,D
1090,538.6615113496105,1.0,C
1091,862.4023155803427,4.0,B
1092,7.704230137092338,2.0,D
1093,497.0521052060039,1.0,C
1094,632.0090142680167,2.0,A
1095,702.2323472050714,2.0,A
1096,800.2173908286846,2.0,A
1097,265.1690597296209,2.0,C
1098,-45.0540356367415,2.0,D
1099,214.9284943527902,2.0,D
1100,778.3273553739639,2.0,A
1101,842.5708739410018,2.0,A
1102,428.0907207076753,4.0,B
1103,22.83991422844332,1.0,D
1104,133.32377515479195,1.0,D
1105,290.24787450010444,2.0,C
1106,743.447621826097,1.0,A
1107,347.34491804588464,2.0,C
1108,454.0360644092035,2.0,C
1109,625.9139319730914,2.0,A
1110,336.7254748890276,2.0,C
1111,483.1102161906041,2.0,C
1112,685.9697360638966,1.0,A
1113,157.9148772962027,2.0,D
1114,182.23993150320263,2.0,D
1115,314.5735665327014,1.0,C
1116,148.30435980105375,4.0,B
1117,312.0661651906344,4.0,B
1118,474.63105107369904,2.0,C
1119,60.347543638881234,2.0,D
1120,67.49918373933247,2.0,D
1121,350.9535614484398,2.0,C
1122,330.5919074901228,4.0,B
1123,314.48191395149365,1.0,C
1124,382.1072330561896,2.0,C
1125,63.06327694032217,2.0,D
1126,300.6629369673779,2.0,C
1127,433.70317958123616,1.0,C
1128,210.78834747182205,2.0,D
1129,-313.3245806130621,1.0,D
1130,140.13165329423953,2.0,D
1131,745.7612297343933,4.0,B
1132,231.6210784669317,1.0,D
1133,22.481217105902655,2.0,D
1134,443.8184984865741,2.0,C
1135,251.67120113939345,4.0,B
1136,592.1058260869635,2.0,C
1137,87.8434392872889,2.0,D
1138,568.3486011743285,2.0,C
1139,297.22860303046315,2.0,C
1140,417.58478196965217,2.0,C
1141,351.6077972201349,4.0,B
1142,106.07842266703337,1.0,D
1143,612.6972732763194,1.0,C
1144,526.3593714286691,2.0,C
1145,537.071443650059,4.0,B
1146,379.26446637926654,4.0,B
1147,829.619207389922,1.0,A
1148,101.27372118885144,2.0,D
1149,69.74224535806866,1.0,D
1150,430.3061774088035,1.0,C
1151,221.70852207920447,2.0,D
1152,797.4160190183255,4.0,B
1153,166.4334583031567,2.0,D
1154,757.5388014922567,2.0,A
1155,564.5479808818682,2.0,C
1156,817.7244287841104,1.0,A
1157,684.6152966318252,2.0,A
1158,306.795804791792,2.0,C
1159,301.344194521524,4.0,B
1160,263.99427690835364,2.0,C
1161,464.6218203011517,2.0,C
1162,1034.267126010639,1.0,A
1163,907.918059298588,1.0,A
1164,247.98422099931497,1.0,C
1165,40.27916578238632,2.0,D
1166,576.5262323083623,4.0,B
1167,748.5988730051981,2.0,A
1168,400.8067547329715,4.0,B
1169,-74.31306533149859,2.0,D
1170,301.2680681670973,4.0,B
1171,477.2326052958552,2.0,C
1172,210.89205624220708,4.0,B
1173,791.3792477854792,2.0,A
1174,67.30485483387497,1.0,D
1175,345.1318346057962,2.0,C
1176,396.2307597406936,1.0,C
1177,533.0700515985841,4.0,B
1178,79.85109033526408,4.0,B
1179,463.62101522243086,2.0,C
1180,-34.05541354559671,2.0,D
1181,461.58377624603554,2.0,C
1182,91.56321151167498,1.0,D
1183,361.3400836170837,2.0,C
1184,-213.8710852810224,1.0,D
1185,628.7298404270545,2.0,A
1186,860.8032729942674,4.0,B
1187,-318.48253156189867,1.0,D
1188,70.57224761933895,2.0,D
1189,57.20294654441159,4.0,B
1190,385.620843500422,1.0,C
1191,949.3342097864232,1.0,A
1192,54.437263158565656,2.0,D
1193,587.2432761945407,2.0,C
1194,308.9992816727136,2.0,C
1195,826.1348063151968,2.0,A
1196,525.9902693389499,2.0,C
1197,367.2384642955906,1.0,C
1198,887.864915928272,2.0,A
1199,593.529275498103,2.0,C
1200,157.80697816560098,1.0,D
1201,321.0178628201447,2.0,C
1202,342.0768668530724,1.0,C
1203,102.9605636792014,2.0,D
1204,525.7621885452783,4.0,B
1205,472.04656663524696,4.0,B
1206,533.175348306919,2.0,C
1207,120.20358600772649,2.0,D
1208,480.0186394755204,1.0,C
1209,447.91181261001753,2.0,C
1210,263.14782189995145,1.0,C
1211,-13.684977863743654,2.0,D
1212,344.3932307840762,2.0,C
1213,278.62957733094174,4.0,B
1214,519.4561574746267,4.0,B
1215,480.7028499267152,2.0,C
1216,510.9172908019772,1.0,C
1217,-48.51120387421565,4.0,B
1218,12.74792220095634,1.0,D
1219,776.5899373284208,2.0,A
1220,457.9107410599561,1.0,C
1221,60.3870501278202,1.0,D
1222,297.0190410280352,2.0,C
1223,376.79265807601473,2.0,C
1224,126.34665299522908,1.0,D
1225,882.2131600899299,2.0,A
1226,-28.842563963837332,1.0,D
1227,324.5607646206737,2.0,C
1228,915.4900120751932,2.0,A
1229,797.5176682099594,2.0,A
1230,439.61591080926246,4.0,B
1231,801.3144309886745,1.0,A
1232,75.61896237417494,4.0,B
1233,123.86867014227504,2.0,D
1234,229.21969136560887,2.0,D
1235,222.91661491870877,1.0,D
1236,209.715120645478,1.0,D
1237,-55.680747493375634,4.0,B
1238,-198.78668594607063,2.0,D
1239,-108.92417507809732,2.0,D
1240,63.775262074943726,1.0,D
1241,661.4498630739399,2.0,A
1242,-236.0587353766407,2.0,D
1243,-145.68467344126793,4.0,B
1244,683.6570243309159,1.0,A
1245,-168.26126390204274,2.0,D
1246,450.4828985577356,4.0,B
1247,156.0532333097601,2.0,D
1248,537.9860426369429,2.0,C
1249,784.1861400906673,1.0,A
1250,245.3730912706189,2.0,D
1251,471.6026978659772,2.0,C
1252,385.1690492094656,1.0,C
1253,332.03091711362566,2.0,C
1254,219.50869945626636,1.0,D
1255,335.75372669685544,2.0,C
1256,82.86643832752429,1.0,D
1257,188.05341202201464,2.0,D
1258,570.7365063930056,4.0,B
1259,-9.384905079324769,2.0,D
1260,499.4908570933396,1.0,C
1261,219.16134664768975,2.0,D
1262,338.3697542776557,2.0,C
1263,272.9394089542204,2.0,C
1264,330.43409504306874,4.0,B
1265,-43.39049073703609,2.0,D
1266,-1.1437733937788153,2.0,D
1267,617.2041884384471,2.0,A
1268,109.07007554257888,1.0,D
1269,522.9691622939774,4.0,B
1270,118.18297762157653,2.0,D
1271,1214.7941194173193,2.0,A
1272,532.8260446746067,2.0,C
1273,143.91892984161723,2.0,D
1274,67.47308062511053,4.0,B
1275,484.3057476901757,1.0,C
1276,147.51614917474117,2.0,D
1277,376.3959926441525,4.0,B
1278,820.5992372320638,1.0,A
1279,614.0581576770116,4.0,B
1280,804.7097812724958,2.0,A
1281,462.44402161539074,2.0,C
1282,78.9461415665046,2.0,D
1283,410.1788076205243,2.0,C
1284,820.2217322154652,2.0,A
1285,203.31046206817308,1.0,D
1286,524.4370647666459,2.0,C
1287,-54.986980338237856,1.0,D
1288,342.27552237304195,4.0,B
1289,627.6006239690241,4.0,B
1290,355.0473297288021,2.0,C
1291,470.6809670004552,2.0,C
1292,150.61648614908282,1.0,D
1293,162.19354188722625,1.0,D
1294,455.1908011299096,2.0,C
1295,-100.87918439629236,4.0,B
1296,626.4269827907682,4.0,B
1297,895.0043688205096,1.0,A
1298,-46.577590636264176,2.0,D
1299,783.5299779324487,2.0,A
1300,802.5697244853166,2.0,A
1301,1017.664195459738,1.0,A
1302,488.7289332901128,2.0,C
1303,294.90285032543824,1.0,C
1304,90.1106850622786,2.0,D
1305,398.41291642537095,2.0,C
1306,66.0781971108924,1.0,D
1307,606.8661368505934,2.0,C
1308,666.4345804607728,2.0,A
1309,105.686469682056,2.0,D
1310,94.48201874684332,1.0,D
1311,342.17567409054635,2.0,C
1312,999.107568636778,2.0,A
1313,282.35771591846634,1.0,C
1314,723.4134512525031,4.0,B
1315,430.12193064896087,2.0,C
1316,265.9110558621762,4.0,B
1317,540.8352259727346,2.0,C
1318,294.06701212075984,2.0,C
1319,547.6070787524035,4.0,B
1320,752.4893623153662,2.0,A
1321,507.5572715997623,2.0,C
1322,462.1196099575701,4.0,B
1323,393.8311029624934,2.0,C
1324,74.25408522551271,2.0,D
1325,236.1681856518665,4.0,B
1326,741.7781756293926,4.0,B
1327,144.4585022839269,4.0,B
1328,-7.964904471299064,2.0,D
1329,249.97894714061133,2.0,C
1330,556.4432960295935,2.0,C
1331,864.4447399356527,4.0,B
1332,19.642974437688,4.0,B
1333,663.5134069570661,2.0,A
1334,420.66385517119454,2.0,C
1335,166.46911970039093,2.0,D
1336,121.74234359016356,4.0,B
1337,223.38841462597424,2.0,D
1338,165.31541068479663,1.0,D
1339,-158.2820831844765,4.0,B
1340,836.1722589020957,2.0,A
1341,430.9616700365027,2.0,C
1342,71.82761734251301,4.0,B
1343,957.0328146021016,1.0,A
1344,135.41982562705493,1.0,D
1345,405.716173209704,2.0,C
1346,652.3784913761306,1.0,A
1347,-15.073551338048958,4.0,B
1348,129.85190727129242,2.0,D
1349,329.4159049457785,2.0,C
1350,-102.68042489157476,2.0,D
1351,966.0583256168544,2.0,A
1352,598.0138244433431,1.0,C
1353,268.7945625048225,2.0,C
1354,1297.0697940593602,2.0,A
1355,634.9708234871362,2.0,A
1356,976.994939126158,1.0,A
1357,551.8080535924743,1.0,C
1358,-68.30444398178253,2.0,D
1359,137.6642486460958,2.0,D
1360,-107.9291694385588,1.0,D
1361,-206.70603453443368,1.0,D
1362,75.87169808385727,4.0,B
1363,349.6300959095066,4.0,B
1364,400.2713751770372,2.0,C
1365,425.2224865942978,1.0,C
1366,931.0029654848656,1.0,A
1367,558.172447136624,4.0,B
1368,708.9024350419111,2.0,A
1369,-152.65866135267618,2.0,D
1370,271.2210527767706,2.0,C
1371,169.9855526519857,1.0,D
1372,529.8681052756544,2.0,C
1373,698.4925960317782,2.0,A
1374,322.6653061602309,2.0,C
1375,298.89284917304417,2.0,C
1376,-159.58782176819045,4.0,B
1377,1201.5495148311293,2.0,A
1378,336.31938674051435,2.0,C
1379,291.58967782460985,1.0,C
1380,903.1716865493404,4.0,B
1381,559.0107219087776,2.0,C
1382,225.3636259316538,2.0,D
1383,454.0463161044328,2.0,C
1384,409.5243504805362,1.0,C
1385,986.9311760921212,1.0,A
1386,-84.6579845678342,2.0,D
1387,1043.7988146822474,2.0,A
1388,371.66437496955393,4.0,B
1389,623.4229226056773,4.0,B
1390,197.10924493407964,1.0,D
1391,316.20691575554304,2.0,C
1392,697.9971539875592,4.0,B
1393,392.7110610275121,1.0,C
1394,615.853431239561,2.0,A
1395,73.97920999354545,4.0,B
1396,871.6867433225273,2.0,A
1397,773.989320651659,4.0,B
1398,696.7625782206758,2.0,A
1399,52.48145138730058,2.0,D
1400,539.4711874187376,4.0,B
1401,644.2073811887155,4.0,B
1402,-48.57735091887668,4.0,B
1403,700.83035768543,4.0,B
1404,186.54703525452447,1.0,D
1405,555.7479867676559,2.0,C
1406,251.6587202369627,4.0,B
1407,-38.723825502282864,4.0,B
1408,63.83928209204674,2.0,D
1409,647.2699838029675,2.0,A
1410,233.1766594032813,2.0,D
1411,267.6359717834721,1.0,C
1412,1019.3574984422434,1.0,A
1413,-122.12351303828824,2.0,D
1414,500.8872332110863,4.0,B
1415,526.6332574409319,1.0,C
1416,729.8275891822084,4.0,B
1417,559.9514311201826,2.0,C
1418,86.78331373800012,4.0,B
1419,545.8629170859188,4.0,B
1420,608.8235498072556,2.0,A
1421,303.2912143941294,2.0,C
1422,367.8012475365383,2.0,C
1423,62.16670968621622,2.0,D
1424,92.70408920935644,1.0,D
1425,284.1111675461183,2.0,C
1426,886.1186347551832,2.0,A
1427,335.05786395504106,1.0,C
1428,608.4771173313144,1.0,C
1429,789.2093714072446,2.0,A
1430,250.00984217205863,1.0,C
1431,587.3869071694503,4.0,B
1432,305.20777970557026,4.0,B
1433,116.93923614291214,4.0,B
1434,440.4752371495569,2.0,C
1435,349.94125126178443,2.0,C
1436,213.57435300252448,2.0,D
1437,223.5657789913772,4.0,B
1438,276.91920740455805,2.0,C
1439,694.0295284114372,4.0,B
1440,559.7683120805832,2.0,C
1441,468.47245374289656,2.0,C
1442,859.711459848979,2.0,A
1443,301.89123642037407,1.0,C
1444,-149.52073805815928,2.0,D
1445,372.5082744330367,1.0,C
1446,650.1370688332674,2.0,A
1447,520.2093553420083,4.0,B
1448,237.06615441496731,4.0,B
1449,36.14341530269587,4.0,B
1450,745.5563517993417,2.0,A
1451,41.68035992038068,2.0,D
1452,230.28103895796295,2.0,D
1453,202.2926922959872,2.0,D
1454,-247.4180084038468,4.0,B
1455,64.73414655718426,2.0,D
1456,793.6260056920995,2.0,A
1457,450.25317809030827,4.0,B
1458,287.4222900340379,1.0,C
1459,305.1764796634659,2.0,C
1460,373.7695651303394,4.0,B
1461,1174.0180706301337,1.0,A
1462,-134.54015910171518,1.0,D
1463,464.35017485997946,2.0,C
1464,45.89550779509318,4.0,B
1465,219.3072343020408,1.0,D
1466,644.7932315103262,4.0,B
1467,700.2161072839649,2.0,A
1468,560.8476439276412,2.0,C
1469,969.2395889997108,2.0,A
1470,380.5448194185436,4.0,B
1471,565.0143449469414,1.0,C
1472,142.3323126522688,2.0,D
1473,460.4806823975367,1.0,C
1474,295.50603267473133,2.0,C
1475,110.3645848625016,2.0,D
1476,250.9410819666541,4.0,B
1477,227.0899510412709,2.0,D
1478,419.6703573533266,4.0,B
1479,-77.02761885847326,4.0,B
1480,451.7134301059485,1.0,C
1481,852.3570324604284,4.0,B
1482,786.1130084372255,2.0,A
1483,478.8289483457151,1.0,C
1484,415.81934962526657,2.0,C
1485,724.2511080417162,2.0,A
1486,254.58718622429885,1.0,C
1487,-261.4929352831157,2.0,D
1488,10.66463885430187,2.0,D
1489,556.3178682067385,2.0,C
1490,237.3984703456412,4.0,B
1491,-155.5513564429309,2.0,D
1492,281.9672115900215,4.0,B
1493,682.3619372443814,2.0,A
1494,349.0779466174764,1.0,C
1495,240.59427327306997,2.0,D
1496,-160.33759229178725,2.0,D
1497,417.6348519295715,2.0,C
1498,131.3966416418935,4.0,B
1499,417.767930815168,4.0,B
1500,254.9408968601525,2.0,C
1501,-101.99265782662144,1.0,D
1502,190.8427844030865,4.0,B
1503,509.9652677373182,4.0,B
1504,587.639585766606,1.0,C
1505,278.84516609393864,1.0,C
1506,471.7260220192046,1.0,C
1507,250.749660067564,1.0,C
1508,837.0916345030028,2.0,A
1509,895.8524229598618,4.0,B
1510,103.6245346096568,2.0,D
1511,429.66550055906936,1.0,C
1512,417.7443371748744,2.0,C
1513,672.1829671095234,2.0,A
1514,-91.22497086787672,2.0,D
1515,555.3839579968698,2.0,C
1516,406.6814556365481,2.0,C
1517,597.6831516982172,4.0,B
1518,608.8318389371176,2.0,A
1519,316.6014692658218,1.0,C
1520,419.0673386359555,2.0,C
1521,165.4859814787201,1.0,D
1522,826.3839013052159,4.0,B
1523,426.3900729613494,1.0,C
1524,378.695260790797,4.0,B
1525,359.14411998778905,1.0,C
1526,633.2756878414219,4.0,B
1527,146.44732217177904,4.0,B
1528,462.15345628836207,2.0,C
1529,698.8885905089041,4.0,B
1530,282.6368762647638,1.0,C
1531,629.996516398449,2.0,A
1532,6.322638681988053,2.0,D
1533,238.2024734968637,2.0,D
1534,79.7867148292741,2.0,D
1535,109.6513928046515,2.0,D
1536,399.1205248557552,2.0,C
1537,650.8674399128633,2.0,A
1538,199.9333019256977,4.0,B
1539,431.7304701864217,2.0,C
1540,278.2362931097245,4.0,B
1541,160.36664963597238,4.0,B
1542,488.22452989119256,1.0,C
1543,592.5058764661445,1.0,C
1544,534.2293937052066,1.0,C
1545,559.5330715788089,4.0,B
1546,206.6923219065405,2.0,D
1547,613.8870548920897,4.0,B
1548,94.38465663435426,2.0,D
1549,576.9528390447406,4.0,B
1550,159.4052562280359,1.0,D
1551,485.57982519575614,2.0,C
1552,25.009794529865133,1.0,D
1553,341.390297834721,2.0,C
1554,386.0214338931768,2.0,C
1555,451.75561156505046,4.0,B
1556,306.41169245865336,2.0,C
1557,661.7284139739405,2.0,A
1558,216.39342542539444,4.0,B
1559,845.0018633588661,2.0,A
1560,178.44901141411907,2.0,D
1561,243.1993753806121,2.0,D
1562,612.530630344824,1.0,C
1563,242.82981149088084,1.0,C
1564,631.2767519395908,2.0,A
1565,749.0541070535148,4.0,B
1566,147.64848756213112,2.0,D
1567,550.0721436600656,4.0,B
1568,492.9257516260414,1.0,C
1569,585.4493786064265,2.0,C
1570,277.1812404140285,2.0,C
1571,799.4756815648788,1.0,A
1572,-285.5915531719854,1.0,D
1573,429.5587909472556,2.0,C
1574,-103.78475140657702,4.0,B
1575,779.9859091799942,1.0,A
1576,94.81615173129347,4.0,B
1577,207.20267593108977,4.0,B
1578,-154.51559451810635,4.0,B
1579,704.5273062567703,2.0,A
1580,693.0280065200068,2.0,A
1581,364.3976751569712,2.0,C
1582,186.96448966159943,4.0,B
1583,550.9349879354763,4.0,B
1584,643.9132583745254,2.0,A
1585,285.24540291268323,4.0,B
1586,406.1665828615878,2.0,C
1587,770.3901111192483,2.0,A
1588,629.2052292486992,2.0,A
1589,565.4185815652779,1.0,C
1590,299.703293223638,2.0,C
1591,178.49147884984723,1.0,D
1592,178.32255586077096,2.0,D
1593,803.1179271630053,1.0,A
1594,-369.2621357449602,1.0,D
1595,34.424695317410624,4.0,B
1596,933.1438889208108,4.0,B
1597,344.4441181488448,2.0,C
1598,182.99509235020457,4.0,B
1599,804.166744006631,1.0,A
1600,415.1053360825143,2.0,C
1601,513.7632075930247,2.0,C
1602,187.0971334025058,2.0,D
1603,531.0119650306542,2.0,C
1604,421.2998627877251,2.0,C
1605,297.6260430959274,4.0,B
1606,-63.02341033415439,2.0,D
1607,457.4026331720869,2.0,C
1608,319.38673377539874,1.0,C
1609,197.5429930581076,4.0,B
1610,-127.48028925504344,1.0,D
1611,124.60250228567088,1.0,D
1612,1143.314603002946,4.0,A
1613,628.9251720958837,1.0,C
1614,-78.67395345380129,2.0,D
1615,611.4470636647911,2.0,A
1616,235.7057764274413,1.0,C
1617,843.2107010987096,1.0,A
1618,256.742997367865,2.0,C
1619,780.6572872993897,1.0,A
1620,-437.0726858210422,1.0,D
1621,418.22220136351535,2.0,C
1622,514.7699547670329,1.0,C
1623,375.4137784252172,4.0,B
1624,356.5628211177126,2.0,C
1625,493.1279111227304,1.0,C
1626,450.161113079521,2.0,C
1627,691.9402804850631,2.0,A
1628,580.2751743754241,2.0,C
1629,696.0932328856076,1.0,A
1630,506.9960713764764,4.0,B
1631,-309.11894428755386,4.0,B
1632,1137.0733770092115,2.0,A
1633,308.72502566619875,2.0,C
1634,1301.1483252932487,2.0,A
1635,-216.15173286702884,1.0,D
1636,38.26831139245781,2.0,D
1637,356.30966710955624,2.0,C
1638,335.3431758842045,2.0,C
1639,406.9927934123112,2.0,C
1640,573.0338953992465,4.0,B
1641,214.73295543432056,2.0,D
1642,361.6971034823968,1.0,C
1643,480.3436893608292,4.0,B
1644,555.9210545298158,2.0,C
1645,429.2538506080009,1.0,C
1646,24.668097434581,2.0,D
1647,1064.8085706204906,1.0,A
1648,363.5966305995254,1.0,C
1649,609.7026911638852,4.0,B
1650,753.0571679499747,2.0,A
1651,547.6441305065189,2.0,C
1652,-90.82500221471793,2.0,D
1653,60.817475305453286,1.0,D
1654,723.9714959224013,1.0,A
1655,677.7443079481859,1.0,A
1656,-53.71349292980972,2.0,D
1657,641.8501473348999,1.0,A
1658,88.51125582958537,2.0,D
1659,308.30013109337574,1.0,C
1660,158.5787083844396,1.0,D
1661,877.4760720199033,4.0,B
1662,389.82436984953,4.0,B
1663,534.9738591133148,2.0,C
1664,117.6669645326109,4.0,B
1665,667.4382470842687,4.0,B
1666,327.8493473607237,4.0,B
1667,23.996457643705924,1.0,D
1668,25.24213150076997,2.0,D
1669,428.6254349639926,2.0,C
1670,-95.44799564529971,2.0,D
1671,570.0769104775327,2.0,C
1672,373.4339085746288,2.0,C
1673,238.35146672969415,2.0,D
1674,691.8922323562374,2.0,A
1675,404.5163749892317,2.0,C
1676,341.2712059485536,1.0,C
1677,121.45391925220925,2.0,D
1678,293.8395519622817,2.0,C
1679,450.92475016096273,4.0,B
1680,502.17609309396113,2.0,C
1681,889.9963489884166,2.0,A
1682,490.2846095880558,4.0,B
1683,333.92647583202177,1.0,C
1684,525.7957047007806,2.0,C
1685,51.582404203307306,4.0,B
1686,-54.93686946026935,2.0,D
1687,272.27629404317014,2.0,C
1688,311.8959851946896,2.0,C
1689,182.07805955150093,4.0,B
1690,690.159130510596,4.0,B
1691,241.3384099775239,2.0,D
1692,241.85098513625547,2.0,D
1693,172.6285651849351,1.0,D
1694,705.7525685142509,1.0,A
1695,24.633622010916497,2.0,D
1696,666.7126882330759,1.0,A
1697,591.9087741848288,2.0,C
1698,791.543629856616,1.0,A
1699,652.6927615880147,2.0,A
1700,424.1421628534299,4.0,B
1701,780.0691415983288,4.0,B
1702,124.7523726873697,1.0,D
1703,710.3503788133567,1.0,A
1704,252.11556070777556,1.0,C
1705,592.0244769096782,4.0,B
1706,77.23781160257289,1.0,D
1707,160.50380947532528,2.0,D
1708,641.3019121653115,2.0,A
1709,741.6744057942157,2.0,A
1710,333.141115319296,1.0,C
1711,122.43169866631251,2.0,D
1712,554.0534995402618,2.0,C
1713,408.5462146871333,4.0,B
1714,112.93026107488816,1.0,D
1715,716.72030884811,2.0,A
1716,234.53329773689484,2.0,D
1717,537.3836140970575,1.0,C
1718,337.26995507659416,4.0,B
1719,252.33128782618212,2.0,C
1720,662.6071938307209,1.0,A
1721,528.0365132707964,1.0,C
1722,646.3193167801808,2.0,A
1723,449.3915761283584,2.0,C
1724,361.7844435271547,1.0,C
1725,471.7536808579314,2.0,C
1726,560.2849211837803,2.0,C
1727,249.9329423091089,1.0,C
1728,494.9187339659686,1.0,C
1729,615.8569432301963,2.0,A
1730,294.6805281896526,2.0,C
1731,609.4614383028038,4.0,B
1732,488.4157932559993,1.0,C
1733,504.5572524524183,4.0,B
1734,491.6926962257924,2.0,C
1735,-22.164900413063947,2.0,D
1736,358.2866188421394,2.0,C
1737,158.5312014496916,4.0,B
1738,155.6842413765151,1.0,D
1739,181.32530825402745,4.0,B
1740,305.9396078294008,4.0,B
1741,522.0791232946974,2.0,C
1742,598.2193645458733,2.0,C
1743,984.9849613928676,4.0,B
1744,279.4549108997937,1.0,C
1745,538.170755527895,2.0,C
1746,384.4804166459367,2.0,C
1747,164.82680426129463,2.0,D
1748,523.1010666896467,1.0,C
1749,363.5118039854469,4.0,B
1750,600.2568910365471,2.0,C
1751,1004.6913333269888,2.0,A
1752,305.3941631761054,1.0,C
1753,523.860008070083,2.0,C
1754,470.4641182851887,2.0,C
1755,581.729789217042,4.0,B
1756,565.7890138727671,4.0,B
1757,-274.49535053814213,4.0,B
1758,29.925202877587594,1.0,D
1759,1015.8299426536646,1.0,A
1760,76.10606055214112,2.0,D
1761,470.0762008030374,1.0,C
1762,285.0003556182373,4.0,B
1763,713.4015891120912,4.0,B
1764,306.4751930837172,4.0,B
1765,-74.19392136729567,4.0,B
1766,609.0841868614648,1.0,C
1767,381.0704114689425,1.0,C
1768,537.413566839779,1.0,C
1769,314.67142265354994,1.0,C
1770,340.31193162185826,2.0,C
1771,-20.30297923082168,2.0,D
1772,1011.0892700261358,2.0,A
1773,270.08071624882894,2.0,C
1774,159.2983218023333,4.0,B
1775,495.4045500681176,4.0,B
1776,512.0030083947509,1.0,C
1777,485.1845775696826,4.0,B
1778,423.3993969230646,4.0,B
1779,263.1709017249796,2.0,C
1780,229.04735686600603,2.0,D
1781,197.30833188410685,2.0,D
1782,557.4162959946157,1.0,C
1783,313.43381248317297,2.0,C
1784,54.721009356832326,2.0,D
1785,391.87873200792,1.0,C
1786,500.7941413105096,4.0,B
1787,686.6821223840429,2.0,A
1788,239.31258408578077,4.0,B
1789,412.85133520051073,1.0,C
1790,358.3337469948823,2.0,C
1791,196.8327830699998,4.0,B
1792,527.6615026863789,2.0,C
1793,260.996511840518,1.0,C
1794,62.67872292142914,2.0,D
1795,340.5860263269903,4.0,B
1796,483.7010634158216,2.0,C
1797,363.1224248581596,4.0,B
1798,673.9417519379963,2.0,A
1799,580.5064349486288,1.0,C
1800,-275.00265707860785,4.0,B
1801,160.6681510579095,1.0,D
1802,424.25145154544,4.0,B
1803,603.8359830086738,4.0,B
1804,72.29705191638993,2.0,D
1805,408.336940657626,1.0,C
1806,588.6237085849441,1.0,C
1807,247.00497185932792,4.0,B
1808,-229.09398604380576,2.0,D
1809,237.85480966161728,2.0,D
1810,617.8808936949673,2.0,A
1811,781.9322046117879,2.0,A
1812,390.3034333628668,2.0,C
1813,517.1987268039446,2.0,C
1814,287.63289876207506,2.0,C
1815,585.6441662107927,1.0,C
1816,490.08350881356114,4.0,B
1817,651.9823936190072,2.0,A
1818,214.7905193796892,2.0,D
1819,38.74593243196927,2.0,D
1820,579.4869998805883,4.0,B
1821,576.5431268129325,1.0,C
1822,-38.94497432858827,1.0,D
1823,472.1314776470454,2.0,C
1824,397.3318120262174,2.0,C
1825,363.62058398879657,2.0,C
1826,685.7705272702852,2.0,A
1827,593.4795815693649,2.0,C
1828,127.73113331761414,2.0,D
1829,335.9944303616273,1.0,C
1830,671.197454412533,2.0,A
1831,-17.99216798739559,2.0,D
1832,435.4746208667755,4.0,B
1833,606.9917539479159,4.0,B
1834,397.4235221953992,4.0,B
1835,862.5820590063736,1.0,A
1836,564.2763769073664,2.0,C
1837,500.2132489391136,4.0,B
1838,657.38535662248,4.0,B
1839,350.3574797609753,2.0,C
1840,559.2241948653859,2.0,C
1841,66.79005756215753,2.0,D
1842,119.5296772389973,2.0,D
1843,372.7965218643934,2.0,C
1844,840.4618578713621,2.0,A
1845,1017.853868082682,2.0,A
1846,278.1258974752193,4.0,B
1847,152.51860672024085,2.0,D
1848,274.7633185184165,2.0,C
1849,195.4128683328036,1.0,D
1850,639.3631021933479,4.0,B
1851,179.42234038283758,2.0,D
1852,359.1018978982614,2.0,C
1853,509.0292629460242,2.0,C
1854,709.872119938218,2.0,A
1855,508.6695989633079,2.0,C
1856,926.2426313597668,2.0,A
1857,81.87438205754574,1.0,D
1858,485.5826769977525,4.0,B
1859,337.6297218322944,2.0,C
1860,-329.2894941421664,1.0,D
1861,423.81362313624766,1.0,C
1862,352.6511253793887,1.0,C
1863,108.65386462907428,4.0,B
1864,214.3497302094397,2.0,D
1865,-155.55085798323637,2.0,D
1866,194.8118437888975,1.0,D
1867,287.6937142351549,1.0,C
1868,262.2791553142563,4.0,B
1869,87.74921135854856,2.0,D
1870,464.873880001943,1.0,C
1871,-32.88535796217184,2.0,D
1872,-90.2786676415542,2.0,D
1873,808.2693201865495,2.0,A
1874,512.661934354002,4.0,B
1875,332.7495841809209,1.0,C
1876,692.8207251698402,1.0,A
1877,308.3898703806377,4.0,B
1878,674.5783507323758,2.0,A
1879,550.4953898617033,4.0,B
1880,77.61072857007582,4.0,B
1881,701.6592319647684,2.0,A
1882,494.1603702540119,2.0,C
1883,1026.5200704672782,2.0,A
1884,189.3473564575029,2.0,D
1885,802.9735595044478,4.0,B
1886,116.49597468409246,4.0,B
1887,247.07132207318637,2.0,C
1888,951.6165640372132,2.0,A
1889,502.9464066170317,2.0,C
1890,360.6567711607969,2.0,C
1891,666.1171804370188,2.0,A
1892,660.6399474464409,2.0,A
1893,663.6565024983134,2.0,A
1894,396.1729163544254,2.0,C
1895,575.4964206217496,1.0,C
1896,638.893280169075,2.0,A
1897,285.94560000819104,4.0,B
1898,182.07486773066705,1.0,D
1899,1066.9127317405532,4.0,A
1900,618.9857712545017,4.0,B
1901,874.4953929255576,1.0,A
1902,798.1812207887674,4.0,B
1903,601.8649140069545,2.0,C
1904,608.8699956452174,2.0,A
1905,573.3330282200818,2.0,C
1906,739.4321508145982,2.0,A
1907,794.0287002802712,4.0,B
1908,592.9372216979996,1.0,C
1909,459.2531554489141,2.0,C
1910,260.7357146611723,2.0,C
1911,-57.50284557376466,4.0,B
1912,439.06818629280735,2.0,C
1913,533.1568663615333,2.0,C
1914,279.4078163131712,1.0,C
1915,204.62442847370596,2.0,D
1916,933.6836590952748,2.0,A
1917,167.2559121580863,2.0,D
1918,545.4821934919767,4.0,B
1919,296.6722818614487,1.0,C
1920,215.2875555440737,1.0,D
1921,666.4267717254139,4.0,B
1922,410.7120458281729,2.0,C
1923,623.7407481613822,2.0,A
1924,33.393066106590254,1.0,D
1925,691.1128745949213,4.0,B
1926,-93.95192715849822,2.0,D
1927,120.30198933664428,1.0,D
1928,564.1103456603718,2.0,C
1929,434.292006320229,4.0,B
1930,322.0485683806801,4.0,B
1931,320.71510487345114,4.0,B
1932,755.33449446193,4.0,B
1933,336.9487469046969,1.0,C
1934,241.75009984564645,1.0,C
1935,424.6520912580117,2.0,C
1936,497.1085229373828,2.0,C
1937,400.4483774821289,4.0,B
1938,267.5594363718993,4.0,B
1939,473.8955438732015,1.0,C
1940,280.9109998062368,2.0,C
1941,622.633973186183,4.0,B
1942,749.5722839760629,2.0,A
1943,357.928182152214,4.0,B
1944,83.73021873567092,2.0,D
1945,-11.647049132550762,2.0,D
1946,131.75206692932392,2.0,D
1947,169.0738050797634,4.0,B
1948,582.3437531874052,2.0,C
1949,-0.0628517701803161,2.0,D
1950,572.8934719390127,2.0,C
1951,-77.30746093519997,1.0,D
1952,518.6936798523798,2.0,C
1953,516.1769990361981,2.0,C
1954,955.8694451404924,2.0,A
1955,318.3717523458547,2.0,C
1956,221.19966262104404,2.0,D
1957,434.10307015064063,1.0,C
1958,655.3175509392082,4.0,B
1959,826.0938367691491,2.0,A
1960,654.1871509436347,4.0,B
1961,667.2918760974976,2.0,A
1962,1071.1691944804998,4.0,A
1963,156.22338340799365,1.0,D
1964,443.0315833877476,2.0,C
1965,391.8225716937227,1.0,C
1966,124.87964008533449,1.0,D
1967,144.6483960720732,2.0,D
1968,54.16853550436656,1.0,D
1969,416.2299424706741,1.0,C
1970,469.3336928649622,4.0,B
1971,290.0639132779839,1.0,C
1972,327.28900015566165,2.0,C
1973,321.7089393817595,1.0,C
1974,708.3758120752101,2.0,A
1975,640.5021988564694,4.0,B
1976,612.7515360996421,1.0,C
1977,417.44617135955673,2.0,C
1978,189.91971174751777,1.0,D
1979,204.23584761152668,1.0,D
1980,586.0787186926505,4.0,B
1981,677.7116789971013,2.0,A
1982,365.09875934325,1.0,C
1983,787.6058421688832,2.0,A
1984,756.3838403092336,1.0,A
1985,910.58552711088,1.0,A
1986,334.34022060016173,4.0,B
1987,490.9074197380743,4.0,B
1988,241.40895882215872,2.0,D
1989,305.67590066789273,2.0,C
1990,341.2512062912988,4.0,B
1991,778.4701126168557,2.0,A
1992,153.78500191633202,4.0,B
1993,326.804156169554,4.0,B
1994,685.9002849525378,2.0,A
1995,471.7273252717394,4.0,B
1996,591.9123052560374,1.0,C
1997,839.3235096921912,4.0,B
1998,-156.1851304746898,2.0,D
1999,117.91661277552991,2.0,D
2000,1038.2737796734684,4.0,B
2001,588.7732921994914,4.0,B
2002,454.3403232484688,2.0,C
2003,400.2746499245713,2.0,C
2004,-307.7581206449935,1.0,D
2005,495.29733443789337,2.0,C
2006,760.0280031486798,2.0,A
2007,788.8423651089494,4.0,B
2008,-113.12509120808228,4.0,B
2009,660.7649306304124,4.0,B
2010,929.5429783766252,4.0,B
2011,436.16902547071015,2.0,C
2012,328.13039156988384,4.0,B
2013,322.71882229452854,1.0,C
2014,230.7862931046861,2.0,D
2015,-227.5700038922868,2.0,D
2016,392.1606968220033,2.0,C
2017,530.7802513190724,1.0,C
2018,783.2777431088587,2.0,A
2019,303.7622181359078,2.0,C
2020,890.307258653002,4.0,B
2021,183.5273809981661,4.0,B
2022,123.25973926571912,2.0,D
2023,156.1253930657084,4.0,B
2024,506.2186392526003,1.0,C
2025,432.7743554367012,4.0,B
2026,173.5611739527064,2.0,D
2027,616.4829040506282,1.0,C
2028,736.0831376733748,2.0,A
2029,-240.75508489258164,1.0,D
2030,485.235137078772,1.0,C
2031,413.7776580130875,1.0,C
2032,1239.6138067321083,2.0,A
2033,585.4485309380138,2.0,C
2034,871.1793411435533,2.0,A
2035,179.9247131595309,2.0,D
2036,700.2474434631986,2.0,A
2037,191.5530782779996,2.0,D
2038,447.9731726965535,2.0,C
2039,376.0540957012152,4.0,B
2040,224.92307697962184,1.0,D
2041,454.2051525053812,2.0,C
2042,54.99668633853952,4.0,B
2043,512.4153869948611,2.0,C
2044,602.5885505377753,2.0,C
2045,531.2271681670472,1.0,C
2046,59.4927291375991,4.0,B
2047,661.5929595378323,2.0,A
2048,333.8142975356872,1.0,C
2049,405.4121095077515,2.0,C
2050,127.7974992868172,2.0,D
2051,855.7886424501801,2.0,A
2052,1020.0377607983118,1.0,A
2053,33.998733562808184,4.0,B
2054,368.5552659592047,2.0,C
2055,314.95523771710106,2.0,C
2056,508.6066307950501,1.0,C
2057,880.3172240492183,2.0,A
2058,466.0433670682906,2.0,C
2059,325.51543442768593,4.0,B
2060,257.985391055724,4.0,B
2061,410.9608492823656,2.0,C
2062,253.5450814297492,1.0,C
2063,752.7258358663933,4.0,B
2064,460.92872957502334,1.0,C
2065,483.0229749671894,4.0,B
2066,36.238749551301055,4.0,B
2067,463.4057348565177,2.0,C
2068,444.15107595350526,4.0,B
2069,601.1894120331513,2.0,C
2070,230.04224413406945,4.0,B
2071,652.663084789722,2.0,A
2072,601.9044248002731,4.0,B
2073,706.209816716383,2.0,A
2074,261.1426120558029,2.0,C
2075,143.4115954002801,4.0,B
2076,79.0772026314637,2.0,D
2077,581.3020238612845,4.0,B
2078,248.0530517114887,1.0,C
2079,641.1820132852314,1.0,A
2080,508.2190296273102,1.0,C
2081,288.2033192177187,4.0,B
2082,757.3331624169334,1.0,A
2083,437.7669868545446,2.0,C
2084,256.0833269962889,2.0,C
2085,586.7758577429335,4.0,B
2086,179.11060275290967,2.0,D
2087,87.06899655962354,1.0,D
2088,29.73241322930193,4.0,B
2089,-216.62287325048487,1.0,D
2090,821.5455803077074,2.0,A
2091,162.24868787675922,2.0,D
2092,704.3050871007181,1.0,A
2093,291.64448514951675,2.0,C
2094,494.9765604328936,2.0,C
2095,521.0916030423846,1.0,C
2096,1288.8688343944484,4.0,A
2097,467.2867171927554,1.0,C
2098,518.3710891658991,2.0,C
2099,664.1691067046369,4.0,B
2100,304.5949039072865,2.0,C
2101,363.05441323800943,2.0,C
2102,292.97922350438347,2.0,C
2103,364.4077973582087,1.0,C
2104,-99.39493229378934,2.0,D
2105,-82.17484905051526,1.0,D
2106,-119.95650175028914,2.0,D
2107,516.3749866276265,1.0,C
2108,122.32439576675957,1.0,D
2109,59.2117405128011,2.0,D
2110,196.6810930918728,2.0,D
2111,57.03166862574676,2.0,D
2112,119.99320006262542,4.0,B
2113,629.2381920576667,2.0,A
2114,391.4539450435168,2.0,C
2115,794.4351382930919,4.0,B
2116,382.8268697312413,2.0,C
2117,400.62594518276,2.0,C
2118,58.077083870962895,2.0,D
2119,54.449675753806446,2.0,D
2120,796.2564953670533,2.0,A
2121,233.5962409066448,1.0,C
2122,950.2693069186306,2.0,A
2123,442.5652395222088,2.0,C
2124,837.7521889015593,1.0,A
2125,881.3974259375937,1.0,A
2126,536.3740415621695,1.0,C
2127,457.2162789181381,4.0,B
2128,196.73755902676223,2.0,D
2129,256.1144684398613,2.0,C
2130,14.593740480763133,2.0,D
2131,633.7684206670368,4.0,B
2132,309.20494903304285,4.0,B
2133,280.40376827165767,4.0,B
2134,688.8270179899217,1.0,A
2135,239.36904652082524,4.0,B
2136,571.8964128369829,1.0,C
2137,401.8422754871224,2.0,C
2138,335.44700955922497,2.0,C
2139,854.3293949951378,2.0,A
2140,717.3412813131717,4.0,B
2141,610.5619927587686,2.0,A
2142,331.9262334553874,4.0,B
2143,341.77968793078134,4.0,B
2144,246.4896698165825,2.0,D
2145,132.69857687384638,2.0,D
2146,350.75484182291416,2.0,C
2147,465.23127821688666,2.0,C
2148,286.69594978591374,2.0,C
2149,389.09291133101016,4.0,B
2150,502.18376441344,2.0,C
2151,529.8052905607732,2.0,C
2152,679.1970818767325,2.0,A
2153,363.5618123191893,1.0,C
2154,595.2018559042028,2.0,C
2155,-28.579950981197896,2.0,D
2156,508.1463225851625,1.0,C
2157,697.8518961581874,4.0,B
2158,470.6697409892044,2.0,C
2159,847.4052482882253,2.0,A
2160,436.3531180772316,2.0,C
2161,420.606752556901,4.0,B
2162,863.7431551626642,4.0,B
2163,383.1649246235208,2.0,C
2164,222.1450653124325,1.0,D
2165,520.3177372907561,1.0,C
2166,564.5910694823633,2.0,C
2167,52.71980914044366,1.0,D
2168,563.1849492592692,4.0,B
2169,840.9164217694561,2.0,A
2170,421.2351194159591,2.0,C
2171,382.9147032063044,1.0,C
2172,257.4159956708728,1.0,C
2173,638.342799224652,2.0,A
2174,358.55615024724216,1.0,C
2175,324.4765051180274,2.0,C
2176,57.45984977208411,2.0,D
2177,405.5780804175376,2.0,C
2178,214.796418045954,2.0,D
2179,136.04641211899576,1.0,D
2180,521.3246530638324,4.0,B
2181,970.050539908511,2.0,A
2182,555.2426806328963,2.0,C
2183,-193.69126810303385,2.0,D
2184,370.33653066475694,1.0,C
2185,390.9049774853305,2.0,C
2186,70.22443891959313,2.0,D
2187,-277.5169961573215,1.0,D
2188,771.1077177680327,2.0,A
2189,681.8893254437585,1.0,A
2190,175.00836549728305,1.0,D
2191,570.8466769228663,4.0,B
2192,478.1842191700481,2.0,C
2193,434.8558547613477,1.0,C
2194,479.4826461783993,4.0,B
2195,58.57160771541578,4.0,B
2196,495.10463847488415,2.0,C
2197,94.20233426778536,1.0,D
2198,139.74625371199005,4.0,B
2199,518.5459239163346,2.0,C
2200,941.7884607517468,2.0,A
2201,69.5250760208753,2.0,D
2202,437.2122172886232,1.0,C
2203,-238.24337115947912,2.0,D
2204,318.00339825059444,2.0,C
2205,333.51841834444144,4.0,B
2206,88.6642327742581,2.0,D
2207,286.9461366444543,2.0,C
2208,768.5416570214086,4.0,B
2209,431.11623847833056,2.0,C
2210,471.1804543765903,4.0,B
2211,434.37154281929713,1.0,C
2212,305.0364261428801,2.0,C
2213,758.951339218625,1.0,A
2214,355.31853842568745,1.0,C
2215,169.8958062397507,1.0,D
2216,599.9014025086597,2.0,C
2217,396.68297088182106,4.0,B
2218,663.6002745062254,2.0,A
2219,553.9159644611171,2.0,C
2220,811.0953292452739,2.0,A
2221,334.54652919297087,2.0,C
2222,759.7935411308497,2.0,A
2223,-40.19413608205036,4.0,B
2224,1048.635249894054,2.0,A
2225,557.2976295007484,1.0,C
2226,166.09652466467597,2.0,D
2227,513.3570275539477,4.0,B
2228,491.6809113029664,4.0,B
2229,202.41464994648396,4.0,B
2230,317.3639305345546,2.0,C
2231,763.4148951952952,2.0,A
2232,687.1884665150451,1.0,A
2233,611.0632959128816,1.0,C
2234,388.1813976291983,1.0,C
2235,466.4382914117325,2.0,C
2236,491.81346188612656,1.0,C
2237,883.102042986658,2.0,A
2238,667.6393559624412,2.0,A
2239,599.262739949092,2.0,C
2240,383.01463650511175,4.0,B
2241,406.5641215514032,1.0,C
2242,630.9115306904669,2.0,A
2243,135.35338660366915,1.0,D
2244,264.8220456545646,2.0,C
2245,-64.83864482062779,2.0,D
2246,450.3878617160232,4.0,B
2247,382.8007570187233,2.0,C
2248,960.6924845707882,2.0,A
2249,506.1261630739548,1.0,C
2250,221.91600899047356,1.0,D
2251,444.2473948954261,2.0,C
2252,765.243164241167,2.0,A
2253,982.718334927182,2.0,A
2254,217.0374951838038,2.0,D
2255,574.3179081330106,2.0,C
2256,567.9995906966585,2.0,C
2257,220.1733874831341,2.0,D
2258,-67.54602796694252,2.0,D
2259,839.9376732850358,4.0,B
2260,236.1555923467216,1.0,C
2261,570.0846294144146,2.0,C
2262,486.30689831614177,2.0,C
2263,559.3300977235732,1.0,C
2264,314.58045762815783,1.0,C
2265,242.85215401082291,1.0,C
2266,451.8555987290468,2.0,C
2267,253.92508683797897,2.0,C
2268,83.64353487104808,2.0,D
2269,-221.87804810468697,2.0,D
2270,169.7968039054343,2.0,D
2271,368.9169447423244,2.0,C
2272,230.19742210943923,2.0,D
2273,347.083027538827,4.0,B
2274,179.67384119357027,4.0,B
2275,498.0258028285609,1.0,C
2276,372.8297476809278,1.0,C
2277,-173.42668291941436,2.0,D
2278,279.89316907718523,2.0,C
2279,543.1922324459963,1.0,C
2280,555.4627189941557,2.0,C
2281,262.08359025833545,4.0,B
2282,-71.6938919045117,4.0,B
2283,592.3245214406954,4.0,B
2284,171.90596220696787,1.0,D
2285,246.1020887450339,2.0,D
2286,708.4059736051406,2.0,A
2287,143.49495978566074,2.0,D
2288,-70.79746793757533,1.0,D
2289,832.7681931623791,2.0,A
2290,428.801429452406,4.0,B
2291,534.7145758123869,2.0,C
2292,785.7028480822146,2.0,A
2293,354.02835125356927,4.0,B
2294,736.7948552103503,2.0,A
2295,678.9956738198607,1.0,A
2296,303.66166595470537,4.0,B
2297,403.0669119829966,2.0,C
2298,432.4701783960419,1.0,C
2299,419.8788829571281,1.0,C
2300,361.509957199148,1.0,C
2301,83.26568123843634,2.0,D
2302,-218.09814017464407,2.0,D
2303,997.581707944124,4.0,B
2304,130.24231731850398,1.0,D
2305,506.12052037884393,2.0,C
2306,1030.916226724254,2.0,A
2307,96.525345054716,4.0,B
2308,91.21659677516648,2.0,D
2309,390.29508676046265,1.0,C
2310,597.8910441582796,2.0,C
2311,317.0305874052419,1.0,C
2312,1100.400887228868,2.0,A
2313,-214.22801184525588,4.0,B
2314,954.2291176486744,1.0,A
2315,186.07103477277693,2.0,D
2316,284.84746381511354,2.0,C
2317,681.0693988298685,2.0,A
2318,794.6795203332101,1.0,A
2319,-50.76351126586144,1.0,D
2320,494.1743441190878,2.0,C
2321,249.77385552690737,2.0,C
2322,118.53015837030205,1.0,D
2323,516.9249148271449,1.0,C
2324,257.58468290391045,2.0,C
2325,547.598275928493,2.0,C
2326,206.36712053460263,1.0,D
2327,-176.93439504158232,2.0,D
2328,565.9566357165767,4.0,B
2329,250.6934682854337,2.0,C
2330,862.6574166603737,2.0,A
2331,216.5037506500269,2.0,D
2332,329.58887636906786,2.0,C
2333,423.4777264391156,2.0,C
2334,365.4764563856357,1.0,C
2335,94.25716170233892,2.0,D
2336,453.7861977877207,2.0,C
2337,99.68799860240256,4.0,B
2338,485.1188225976621,1.0,C
2339,370.3135587809682,2.0,C
2340,328.0985165888011,2.0,C
2341,825.586898667857,2.0,A
2342,264.3101460880475,2.0,C
2343,1119.41772611002,2.0,A
2344,810.7586611438633,2.0,A
2345,267.74036897625945,1.0,C
2346,729.2932341304784,4.0,B
2347,240.276217180005,4.0,B
2348,-39.32823378757013,2.0,D
2349,571.8179900996599,4.0,B
2350,433.4056386173723,2.0,C
2351,310.617148469208,1.0,C
2352,643.6122862346051,4.0,B
2353,317.46580618360935,2.0,C
2354,231.07934346058929,1.0,D
2355,405.5766130395504,2.0,C
2356,59.73262324395279,2.0,D
2357,470.7597018375573,4.0,B
2358,549.2608846902202,4.0,B
2359,745.250744159031,2.0,A
2360,648.635064951515,1.0,A
2361,277.0866777815432,4.0,B
2362,150.4567741092151,4.0,B
2363,471.6391377081975,1.0,C
2364,110.9546571645185,4.0,B
2365,584.3962770075113,2.0,C
2366,639.1912368327132,4.0,B
2367,-88.18437035023925,4.0,B
2368,790.6117176221088,4.0,B
2369,398.5550959021395,2.0,C
2370,443.6776548916981,4.0,B
2371,639.6354370794123,1.0,C
2372,336.03670167190813,4.0,B
2373,405.61945554452205,2.0,C
2374,985.2815396390896,4.0,B
2375,170.1855759861929,1.0,D
2376,244.35976407146865,2.0,D
2377,-349.51657250890696,1.0,D
2378,651.0048233547661,4.0,B
2379,370.4228892942268,1.0,C
2380,277.4119874473877,2.0,C
2381,748.0239765030274,2.0,A
2382,744.460499899915,1.0,A
2383,562.5974134141338,4.0,B
2384,360.107473478628,1.0,C
2385,127.63133310692048,2.0,D
2386,653.1106980058884,4.0,B
2387,-256.2924754661814,2.0,D
2388,435.1459991497205,1.0,C
2389,695.8057725974307,4.0,B
2390,-68.9326876169768,4.0,B
2391,186.70809094228576,1.0,D
2392,449.6766760047661,4.0,B
2393,241.6977317335392,2.0,D
2394,417.76553309719264,2.0,C
2395,384.4788251390327,2.0,C
2396,277.59908419842606,1.0,C
2397,730.7726314679721,2.0,A
2398,1223.1526231588505,2.0,A
2399,166.50746824257203,4.0,B
2400,178.6875417061804,4.0,B
2401,246.722882907174,4.0,B
2402,313.6753897901348,4.0,B
2403,857.6909528619626,1.0,A
2404,1006.8377638672936,4.0,B
2405,247.86657864974552,2.0,C
2406,102.81591783231433,2.0,D
2407,1009.8643938448472,2.0,A
2408,452.79456737027954,2.0,C
2409,326.5395605594602,4.0,B
2410,110.65877667300816,4.0,B
2411,188.6964084157328,2.0,D
2412,513.509985342146,2.0,C
2413,417.3988040846575,2.0,C
2414,478.8634220979318,2.0,C
2415,79.86499325607741,1.0,D
2416,526.1142779777737,2.0,C
2417,533.4344299910563,2.0,C
2418,429.5405646688356,2.0,C
2419,369.36747857896734,2.0,C
2420,431.6904857313881,4.0,B
2421,153.2431317810618,1.0,D
2422,961.0993594452074,2.0,A
2423,271.6143442009224,2.0,C
2424,175.30590881933526,1.0,D
2425,-77.03315407193793,4.0,B
2426,158.43627545502275,4.0,B
2427,489.5199274739601,4.0,B
2428,498.216346407531,1.0,C
2429,554.1817946265613,2.0,C
2430,119.9807002429436,2.0,D
2431,236.59331093661828,2.0,D
2432,616.3897946691523,2.0,A
2433,-48.87128583379194,2.0,D
2434,1009.936211174462,2.0,A
2435,410.5271258577306,1.0,C
2436,219.31480035834184,4.0,B
2437,365.3372342164527,2.0,C
2438,354.2213628264609,1.0,C
2439,129.0889643870879,4.0,B
2440,538.2178442547222,1.0,C
2441,493.4690419572916,2.0,C
2442,327.4003527479355,4.0,B
2443,573.748141400828,4.0,B
2444,558.63143042108,2.0,C
2445,69.30384152056922,4.0,B
2446,1200.6292516014855,2.0,A
2447,362.9205350348293,1.0,C
2448,14.97142970704897,1.0,D
2449,585.9000535574655,2.0,C
2450,318.9217517615647,4.0,B
2451,375.3133350017178,1.0,C
2452,-0.6993499933382168,2.0,D
2453,556.1676654675716,4.0,B
2454,317.9798101420312,4.0,B
2455,-28.09716734902196,1.0,D
2456,-140.3425782231899,2.0,D
2457,225.11187415613244,2.0,D
2458,520.6499501395148,2.0,C
2459,837.113544879069,2.0,A
2460,415.3062002054217,1.0,C
2461,782.2011329817278,2.0,A
2462,-856.2420929703394,1.0,D
2463,737.5084719308616,2.0,A
2464,222.40677540297835,1.0,D
2465,1034.6910247704946,4.0,B
2466,591.3088581460015,2.0,C
2467,306.975071303481,4.0,B
2468,404.85511680347867,2.0,C
2469,269.02469044238944,4.0,B
2470,664.2834111221363,4.0,B
2471,672.1236020114303,1.0,A
2472,-44.76231898679384,4.0,B
2473,883.2512245770395,2.0,A
2474,557.666642233627,4.0,B
2475,627.8190593900022,4.0,B
2476,581.6408953139975,4.0,B
2477,624.3147161157824,2.0,A
2478,775.9644471845311,1.0,A
2479,236.69348918188297,4.0,B
2480,244.49588332589823,2.0,D
2481,426.988177681274,2.0,C
2482,57.18004355990854,1.0,D
2483,460.6182735618978,1.0,C
2484,73.74372077495781,4.0,B
2485,493.5735448443153,2.0,C
2486,20.41877016819666,2.0,D
2487,511.78700478003793,1.0,C
2488,163.45467709567458,4.0,B
2489,448.9289385006492,2.0,C
2490,212.48647861741105,2.0,D
2491,411.4426378352158,4.0,B
2492,1073.139771741964,2.0,A
2493,869.356051318683,2.0,A
2494,407.9098508754143,4.0,B
2495,163.6543939954576,2.0,D
2496,-294.7107002667591,2.0,D
2497,17.11721812777961,4.0,B
2498,331.01575448092285,1.0,C
2499,804.4879953261361,2.0,A
2500,460.3883060867759,2.0,C
2501,493.8068403254405,4.0,B
2502,52.84026175588952,4.0,B
2503,124.26340925526466,2.0,D
2504,9.45269364906784,4.0,B
2505,467.9807708281826,2.0,C
2506,1006.5542290889566,4.0,B
2507,567.4094861027432,2.0,C
2508,-140.0482575084169,2.0,D
2509,193.0906080368057,4.0,B
2510,533.6480136209618,1.0,C
2511,409.4511278225232,4.0,B
2512,189.4824467274658,1.0,D
2513,-172.58736494998936,2.0,D
2514,88.37735733346369,1.0,D
2515,720.5062878665977,2.0,A
2516,105.65407943923752,2.0,D
2517,150.55360184978883,2.0,D
2518,609.6929967485887,1.0,C
2519,143.5855403636004,2.0,D
2520,425.2192714943758,4.0,B
2521,991.0505842221838,1.0,A
2522,690.3413850477812,4.0,B
2523,628.2625871520221,1.0,C
2524,389.1931152313076,2.0,C
2525,127.60431943486292,1.0,D
2526,96.51529324052922,2.0,D
2527,410.5970163397823,4.0,B
2528,563.1652541529004,2.0,C
2529,257.4513027026172,1.0,C
2530,195.69171922454785,2.0,D
2531,304.6418810097358,1.0,C
2532,734.0093544845396,2.0,A
2533,-65.47516083968452,1.0,D
2534,277.58787470409675,1.0,C
2535,603.2143053868862,4.0,B
2536,102.86415489781064,4.0,B
2537,-224.8021377205648,2.0,D
2538,229.29358319911805,4.0,B
2539,256.2623337667817,1.0,C
2540,467.5676534968146,2.0,C
2541,552.101065180542,2.0,C
2542,476.7161762589467,4.0,B
2543,226.4585559496507,2.0,D
2544,349.9306363576976,2.0,C
2545,516.531956386757,2.0,C
2546,933.4516632752654,1.0,A
2547,232.8461389055164,2.0,D
2548,428.56205184443365,4.0,B
2549,574.7236577111631,4.0,B
2550,1017.439054373937,2.0,A
2551,589.4216042293251,1.0,C
2552,275.2735398635751,4.0,B
2553,254.1765775082467,2.0,C
2554,535.5373667193277,2.0,C
2555,878.5691355286397,2.0,A
2556,724.2920594954144,1.0,A
2557,-168.113730064764,1.0,D
2558,920.2971785025989,4.0,B
2559,191.8268122592507,4.0,B
2560,613.7779126321817,1.0,C
2561,-23.92465719371853,2.0,D
2562,139.88608833956476,4.0,B
2563,528.642048988164,4.0,B
2564,487.8245940995088,2.0,C
2565,478.00444797042127,4.0,B
2566,190.30589963278643,2.0,D
2567,300.39241417659,2.0,C
2568,-269.23863637629745,2.0,D
2569,713.3184563311357,2.0,A
2570,69.64355630714459,4.0,B
2571,232.2399623516968,2.0,D
2572,252.543089361773,2.0,C
2573,54.244260423384105,2.0,D
2574,708.9653616391411,2.0,A
2575,30.105502592417167,1.0,D
2576,691.5922877563363,1.0,A
2577,672.2916475697455,4.0,B
2578,617.173105752584,1.0,C
2579,358.91945980191093,2.0,C
2580,-127.05524638673364,2.0,D
2581,782.421766483969,2.0,A
2582,916.6925755927364,2.0,A
2583,688.7121549046149,2.0,A
2584,478.7421505377944,2.0,C
2585,133.40887636151552,4.0,B
2586,112.78072835549835,2.0,D
2587,121.98210345136346,2.0,D
2588,614.4608555667917,4.0,B
2589,-72.70873824204466,1.0,D
2590,259.6172129252119,4.0,B
2591,470.03454730804106,4.0,B
2592,470.0381149113085,2.0,C
2593,88.53544099117909,4.0,B
2594,-13.721770245130756,2.0,D
2595,17.448975140665652,1.0,D
2596,-138.31630574074495,1.0,D
2597,417.9951310904648,4.0,B
2598,606.468311596717,2.0,C
2599,434.7823492802127,2.0,C
2600,663.9549048560314,2.0,A
2601,-41.67569283274952,1.0,D
2602,741.2157936963695,4.0,B
2603,248.3235653738972,2.0,C
2604,486.9023498997528,4.0,B
2605,783.0502693293747,1.0,A
2606,541.2636377407515,2.0,C
2607,770.0606273193407,2.0,A
2608,402.42944147967177,1.0,C
2609,622.4558396075611,2.0,A
2610,750.4088151557714,4.0,B
2611,498.7175580837037,1.0,C
2612,600.9785288675575,2.0,C
2613,483.5801769921683,2.0,C
2614,34.22708880296517,1.0,D
2615,-16.67592047816521,2.0,D
2616,561.3704008044715,2.0,C
2617,688.0462415562448,2.0,A
2618,599.3543260512425,4.0,B
2619,229.91210426255108,2.0,D
2620,682.054389925505,2.0,A
2621,883.8455130326454,1.0,A
2622,28.60965818240362,1.0,D
2623,858.9986492337141,2.0,A
2624,214.49554194461413,1.0,D
2625,619.4131991988447,2.0,A
2626,527.5604277348176,1.0,C
2627,196.5749740992121,2.0,D
2628,520.6635187804511,2.0,C
2629,435.1897070957039,2.0,C
2630,283.3510769777229,2.0,C
2631,594.0004289133244,2.0,C
2632,500.0517523387701,2.0,C
2633,1315.402137011631,2.0,A
2634,264.24763122701484,1.0,C
2635,315.0312073111408,1.0,C
2636,157.83308233792053,2.0,D
2637,540.8178423702801,2.0,C
2638,105.05680844545282,1.0,D
2639,418.4389435426119,1.0,C
2640,-115.79495313027178,2.0,D
2641,579.2919192825261,2.0,C
2642,-136.6097717632265,2.0,D
2643,775.0782341886319,4.0,B
2644,416.15427427250296,2.0,C
2645,74.49557810098025,2.0,D
2646,82.43183308045457,2.0,D
2647,247.82030368810064,2.0,C
2648,168.58673500557444,4.0,B
2649,219.8786549017021,2.0,D
2650,702.3611652046004,4.0,B
2651,377.2103979625944,4.0,B
2652,77.88426207266542,1.0,D
2653,-283.93966574235503,1.0,D
2654,205.8165382411563,1.0,D
2655,170.26196763154934,4.0,B
2656,863.2315691810114,4.0,B
2657,182.2678302983755,2.0,D
2658,861.9347174572727,4.0,B
2659,259.6420194637765,2.0,C
2660,-288.3471389970779,4.0,B
2661,540.4712913347155,2.0,C
2662,117.35508288815583,2.0,D
2663,1040.760108472933,1.0,A
2664,130.67910199686372,1.0,D
2665,912.655811142043,1.0,A
2666,-99.92383579656388,2.0,D
2667,51.966858764797,4.0,B
2668,202.12127352690956,2.0,D
2669,836.0996681693306,2.0,A
2670,918.2380266327466,1.0,A
2671,456.0603260586116,1.0,C
2672,689.5957738826228,1.0,A
2673,604.870646004775,2.0,C
2674,481.48843797222816,2.0,C
2675,14.848406071482998,4.0,B
2676,580.6272649922453,2.0,C
2677,628.1835274880498,2.0,A
2678,654.100815761916,2.0,A
2679,351.601776933731,4.0,B
2680,778.7544530493406,2.0,A
2681,726.1425218408747,2.0,A
2682,427.76982950819,2.0,C
2683,729.0937726619603,2.0,A
2684,573.3380738154317,4.0,B
2685,443.1279826327038,4.0,B
2686,996.0603196484049,2.0,A
2687,475.0185336816221,2.0,C
2688,91.81363555026854,2.0,D
2689,274.9665342992897,4.0,B
2690,809.070807581328,2.0,A
2691,441.8794976702527,2.0,C
2692,10.698740886073324,4.0,B
2693,527.6563625614267,4.0,B
2694,575.7649975574363,2.0,C
2695,202.45320951029947,4.0,B
2696,245.59909190401729,2.0,D
2697,504.9290254008074,1.0,C
2698,347.4796118602749,2.0,C
2699,408.6753333600914,2.0,C
2700,369.9369653796632,2.0,C
2701,630.6233022828646,2.0,A
2702,557.8959826378734,2.0,C
2703,387.7253060256682,1.0,C
2704,824.7665961569124,2.0,A
2705,-86.76347183087859,1.0,D
2706,956.4522290616987,2.0,A
2707,430.76932218116985,4.0,B
2708,-133.4548674443936,2.0,D
2709,50.888602442752926,1.0,D
2710,260.47096698717445,2.0,C
2711,898.0319779850571,2.0,A
2712,242.7319981017476,1.0,C
2713,6.701963834258038,4.0,B
2714,114.34969259085818,4.0,B
2715,31.976526092668223,1.0,D
2716,773.2987836861394,2.0,A
2717,757.7497487008268,1.0,A
2718,529.9222819375361,1.0,C
2719,677.9653078950491,4.0,B
2720,370.8153010348775,2.0,C
2721,153.2411084735332,1.0,D
2722,826.6164468483271,2.0,A
2723,-15.157647270958478,2.0,D
2724,298.2974654945789,4.0,B
2725,737.2179412304413,2.0,A
2726,550.6058156862603,2.0,C
2727,215.11077491161615,4.0,B
2728,17.23807996885421,4.0,B
2729,470.407279463472,4.0,B
2730,505.44605304030966,2.0,C
2731,929.225457896351,2.0,A
2732,455.0679983837941,1.0,C
2733,360.0788356941961,4.0,B
2734,774.3008956822152,4.0,B
2735,872.8678153915356,2.0,A
2736,109.67057822067238,1.0,D
2737,691.8877068360243,2.0,A
2738,411.8434940299075,1.0,C
2739,765.6048618828665,1.0,A
2740,555.0797070477302,4.0,B
2741,555.6517934493878,2.0,C
2742,831.6140865356763,4.0,B
2743,117.23577037127006,4.0,B
2744,743.7016245156776,2.0,A
2745,382.2041916667085,2.0,C
2746,126.02711941008738,4.0,B
2747,199.3448016431076,4.0,B
2748,662.1765223019065,1.0,A
2749,16.307652689381257,2.0,D
2750,285.60343071592825,1.0,C
2751,168.7978818612922,2.0,D
2752,332.5294216526106,4.0,B
2753,139.38252406265457,2.0,D
2754,776.2797731403828,2.0,A
2755,461.9585486408293,4.0,B
2756,893.0566279568227,2.0,A
2757,-114.80264802064858,2.0,D
2758,538.2148580611461,2.0,C
2759,-306.20607888454845,2.0,D
2760,293.1915697716255,1.0,C
2761,998.4153504576336,1.0,A
2762,95.69519669913063,1.0,D
2763,549.8531734124903,2.0,C
2764,551.260412180886,2.0,C
2765,186.6983043139859,4.0,B
2766,-264.86769957645686,2.0,D
2767,527.4228203929209,1.0,C
2768,553.5012142425858,4.0,B
2769,525.7010244241005,2.0,C
2770,349.2206737897118,1.0,C
2771,920.3386758051004,1.0,A
2772,576.2962185136709,4.0,B
2773,564.8184479963644,2.0,C
2774,622.8562435003946,1.0,C
2775,440.49787083265113,2.0,C
2776,533.21534532476,1.0,C
2777,423.73270213436496,2.0,C
2778,631.9799037613016,2.0,A
2779,523.5254923977902,4.0,B
2780,323.9276104606344,1.0,C
2781,378.3761807940221,1.0,C
2782,218.3303386595784,1.0,D
2783,467.59932579754616,2.0,C
2784,674.0009466324743,1.0,A
2785,646.9832170655695,1.0,A
2786,118.77993439942782,2.0,D
2787,422.67707618947065,2.0,C
2788,960.5579811036332,2.0,A
2789,48.67585880262556,4.0,B
2790,154.30774102722015,4.0,B
2791,487.25658320822487,2.0,C
2792,447.6036007974802,2.0,C
2793,111.21917354277502,2.0,D
2794,421.7082629503972,4.0,B
2795,612.70078759441,2.0,A
2796,300.1321194772001,2.0,C
2797,499.9337400615808,2.0,C
2798,542.6851948017309,1.0,C
2799,227.22200150523585,2.0,D
2800,69.57384630064115,4.0,B
2801,1077.871598567986,2.0,A
2802,451.11226772256646,4.0,B
2803,49.3220499447678,2.0,D
2804,793.7242828962318,1.0,A
2805,419.8270046744236,2.0,C
2806,871.2555090619419,1.0,A
2807,998.4820758149835,2.0,A
2808,225.9277567033479,2.0,D
2809,600.9941588818828,4.0,B
2810,1109.6780057947617,4.0,A
2811,819.8024042523306,4.0,B
2812,131.45181982127752,1.0,D
2813,114.52050669210746,2.0,D
2814,510.0461486101324,4.0,B
2815,227.95706825654935,2.0,D
2816,41.00435083275357,4.0,B
2817,429.367395849006,2.0,C
2818,626.0110457709915,2.0,A
2819,251.76277416498144,2.0,C
2820,156.21257955238016,1.0,D
2821,719.6238824680561,2.0,A
2822,289.54964541162457,4.0,B
2823,314.43182048736384,2.0,C
2824,616.7672652563342,1.0,C
2825,344.7183214656316,4.0,B
2826,668.9701476288421,2.0,A
2827,200.804480169876,2.0,D
2828,542.3549548598617,4.0,B
2829,428.6187415576874,1.0,C
2830,406.2525744818845,2.0,C
2831,666.4761918121453,4.0,B
2832,-77.85146459109575,1.0,D
2833,434.6452769653448,4.0,B
2834,-78.80709781844007,2.0,D
2835,617.1600692568875,2.0,A
2836,282.3420717431936,2.0,C
2837,664.1904979489439,2.0,A
2838,425.6586951364976,4.0,B
2839,247.10734774517687,4.0,B
2840,1137.9465638872084,2.0,A
2841,247.428478051618,1.0,C
2842,-5.08278229717962,2.0,D
2843,522.3928073408329,2.0,C
2844,618.5462032865998,1.0,C
2845,371.5453918146856,2.0,C
2846,987.05544343253,2.0,A
2847,619.7194323718695,1.0,C
2848,256.4892391840183,4.0,B
2849,375.1226101587093,4.0,B
2850,867.8898623382477,2.0,A
2851,472.13459694814856,2.0,C
2852,635.6589843841002,4.0,B
2853,471.8347080031491,2.0,C
2854,460.8545538739769,2.0,C
2855,-133.70907900363625,2.0,D
2856,655.8257452154224,2.0,A
2857,769.8494876256941,4.0,B
2858,273.0845851925989,2.0,C
2859,165.49161979658172,2.0,D
2860,393.969042362514,1.0,C
2861,331.8168160611526,2.0,C
2862,-100.27724729722746,1.0,D
2863,173.94261222251615,2.0,D
2864,69.72790561485658,2.0,D
2865,455.8860742882944,1.0,C
2866,425.1840273831645,4.0,B
2867,649.1617329363858,4.0,B
2868,-340.0788690812633,2.0,D
2869,648.1193242273708,2.0,A
2870,304.5073718209395,2.0,C
2871,1078.7017516509377,1.0,A
2872,480.8698309370834,4.0,B
2873,-146.50171574279364,2.0,D
2874,821.8152690284141,4.0,B
2875,121.8343680204357,1.0,D
2876,1049.5374747302355,2.0,A
2877,864.4324297755828,4.0,B
2878,-2.001233248230505,4.0,B
2879,264.6173747200842,1.0,C
2880,1044.1650869819978,2.0,A
2881,87.05964014940929,1.0,D
2882,-12.731296366177505,1.0,D
2883,124.34079202257294,4.0,B
2884,572.7739920616339,4.0,B
2885,537.7684751864724,4.0,B
2886,776.5084220399531,2.0,A
2887,479.5599614947517,2.0,C
2888,651.6091382659299,1.0,A
2889,114.60087766343696,1.0,D
2890,101.77192732989216,2.0,D
2891,-158.97626107788972,2.0,D
2892,699.0715197908512,1.0,A
2893,557.1492379829886,4.0,B
2894,457.8888798015794,2.0,C
2895,542.7511876581208,2.0,C
2896,15.966292753456116,1.0,D
2897,671.7140696376624,2.0,A
2898,91.60320355807464,4.0,B
2899,1101.2848989263175,2.0,A
2900,418.8275701374719,1.0,C
2901,517.2224721084755,4.0,B
2902,679.5593279045296,4.0,B
2903,-64.79342617773159,4.0,B
2904,647.7816583370945,2.0,A
2905,-114.50715910519602,4.0,B
2906,-223.8878881242921,2.0,D
2907,176.0354145411914,1.0,D
2908,-132.90058663153673,2.0,D
2909,-52.090887175219336,2.0,D
2910,784.486047462542,2.0,A
2911,8.366851015769555,2.0,D
2912,492.39696592331376,2.0,C
2913,161.53144051537336,4.0,B
2914,239.959197206538,1.0,C
2915,420.39767324076064,1.0,C
2916,530.4572956237403,4.0,B
2917,664.4454670741027,2.0,A
2918,435.0905647567607,2.0,C
2919,703.6858840740447,2.0,A
2920,187.9134313489912,4.0,B
2921,483.2830519850607,1.0,C
2922,486.0193412998314,2.0,C
2923,135.7612258586979,2.0,D
2924,814.5749331342475,2.0,A
2925,534.3433565003924,1.0,C
2926,701.5083690272888,2.0,A
2927,284.4679574867962,1.0,C
2928,-36.37948676436776,2.0,D
2929,369.67478244160577,1.0,C
2930,628.2972957520197,2.0,A
2931,652.405717464629,2.0,A
2932,567.2273685719518,2.0,C
2933,326.8615739980744,2.0,C
2934,621.3906168561984,2.0,A
2935,542.7733385311384,2.0,C
2936,42.51938849553699,4.0,B
2937,312.986289373525,2.0,C
2938,625.4563618594154,4.0,B
2939,627.7726544029374,2.0,A
2940,803.9478929378583,2.0,A
2941,482.2422070259862,1.0,C
2942,456.6374882057614,4.0,B
2943,684.2741191729763,2.0,A
2944,-228.30184244861996,4.0,B
2945,74.29327073653332,2.0,D
2946,296.2566458152432,1.0,C
2947,217.49482273306975,2.0,D
2948,680.9503866746047,2.0,A
2949,850.6554477387975,2.0,A
2950,826.8556832240216,2.0,A
2951,-30.051779216091347,1.0,D
2952,213.08290212390528,2.0,D
2953,1104.2904125006075,2.0,A
2954,879.6472746143196,1.0,A
2955,653.9751160389017,4.0,B
2956,581.575512364099,1.0,C
2957,435.05008796409913,4.0,B
2958,-197.549551767684,2.0,D
2959,935.6497839950238,1.0,A
2960,200.2205364375632,4.0,B
2961,94.26826240126616,2.0,D
2962,508.64532457402777,2.0,C
2963,352.8397903493286,2.0,C
2964,449.7750502922718,4.0,B
2965,403.7831901300018,4.0,B
2966,215.3378274953312,1.0,D
2967,304.5779403842135,1.0,C
2968,491.580893865932,1.0,C
2969,-72.9158692016934,2.0,D
2970,493.030983975164,4.0,B
2971,825.0597717855818,4.0,B
2972,-149.9871021376223,2.0,D
2973,532.2453089481455,2.0,C
2974,668.1998613829896,1.0,A
2975,-85.24113245608828,1.0,D
2976,304.21031141937647,4.0,B
2977,400.71328673632354,4.0,B
2978,47.0742502467204,1.0,D
2979,431.9842590959988,4.0,B
2980,1023.9713484153664,4.0,B
2981,135.816958178273,2.0,D
2982,425.8189928479347,2.0,C
2983,709.5186033376096,1.0,A
2984,639.5037437691738,1.0,C
2985,40.500911709236334,2.0,D
2986,681.6177291392007,2.0,A
2987,81.10196225673923,2.0,D
2988,329.53339341231015,4.0,B
2989,157.40457650116585,2.0,D
2990,569.038985359816,1.0,C
2991,-180.1917753803077,2.0,D
2992,401.6862685014001,4.0,B
2993,360.57902182684177,2.0,C
2994,441.77612507922674,4.0,B
2995,643.1818376517821,2.0,A
2996,329.5270667937813,2.0,C
2997,0.1617669462571598,1.0,D
2998,160.04564363358327,4.0,B
2999,12.393884316794868,1.0,D
3000,399.87281051644464,1.0,C
3001,779.8580426409355,2.0,A
3002,-94.44766330748917,4.0,B
3003,265.2837001014324,1.0,C
3004,773.0797476855214,1.0,A
3005,197.26549325948824,4.0,B
3006,-218.42259731117656,2.0,D
3007,379.4865355925617,2.0,C
3008,562.0516006783769,4.0,B
3009,31.31228062594147,2.0,D
3010,240.920656414278,2.0,D
3011,380.9026980267858,1.0,C
3012,305.5408713327619,1.0,C
3013,206.84180285906032,2.0,D
3014,214.8419128245091,2.0,D
3015,1311.5790737202096,2.0,A
3016,380.8675898913437,2.0,C
3017,662.968126591719,2.0,A
3018,431.682563368881,1.0,C
3019,453.36900767097234,2.0,C
3020,567.1441937515448,1.0,C
3021,655.0927729179455,2.0,A
3022,341.80587129757845,2.0,C
3023,742.046255899382,2.0,A
3024,193.71115204698023,1.0,D
3025,-75.36333001151343,2.0,D
3026,569.3605941997732,1.0,C
3027,727.4238274941656,1.0,A
3028,199.379568715711,2.0,D
3029,711.0310632374665,2.0,A
3030,477.8896231869978,2.0,C
3031,-45.29774914929209,2.0,D
3032,365.8768179589101,1.0,C
3033,1170.8702235015276,4.0,A
3034,454.0429078938904,2.0,C
3035,431.1043142078911,4.0,B
3036,462.9246480190308,4.0,B
3037,58.47529576998659,1.0,D
3038,467.6576077876728,2.0,C
3039,850.3063774081523,4.0,B
3040,583.1929731441704,1.0,C
3041,462.27520466118114,4.0,B
3042,498.02123217264455,2.0,C
3043,411.4003434018924,1.0,C
3044,964.8094971521188,4.0,B
3045,727.3401848782868,2.0,A
3046,783.577446924209,4.0,B
3047,-60.249767219246735,2.0,D
3048,150.47694374877537,1.0,D
3049,515.1612335459358,4.0,B
3050,820.0757280405319,2.0,A
3051,458.04227418534106,4.0,B
3052,502.7713121524686,2.0,C
3053,-239.9430319209849,4.0,B
3054,601.0926534882597,1.0,C
3055,204.75761198127884,1.0,D
3056,750.1906536067384,1.0,A
3057,408.8549617649626,1.0,C
3058,375.0302921162199,1.0,C
3059,520.5361045693849,2.0,C
3060,776.9604174726097,2.0,A
3061,470.2462903735016,1.0,C
3062,288.6747074821004,2.0,C
3063,292.013163294243,2.0,C
3064,3.050588506724523,1.0,D
3065,1226.587605605765,2.0,A
3066,-2.5709392041887327,2.0,D
3067,56.023981689918,4.0,B
3068,502.65264419774064,1.0,C
3069,621.4698391875905,2.0,A
3070,-55.98183400786405,2.0,D
3071,372.08557978916593,1.0,C
3072,491.8741689408232,4.0,B
3073,541.4781083136911,1.0,C
3074,25.61711541061624,2.0,D
3075,969.6143691368794,4.0,B
3076,819.7806057620083,1.0,A
3077,582.2779442758007,1.0,C
3078,64.06182497478937,4.0,B
3079,613.3694866550637,1.0,C
3080,78.10160761565032,2.0,D
3081,789.9567992624523,2.0,A
3082,210.77963897259195,2.0,D
3083,757.9830460396329,2.0,A
3084,743.1594022740481,1.0,A
3085,207.41292555670108,2.0,D
3086,-160.08035069805044,1.0,D
3087,110.31569012573954,2.0,D
3088,355.6076486596787,2.0,C
3089,1102.4841424000365,1.0,A
3090,54.977812262725365,2.0,D
3091,439.94606397180746,1.0,C
3092,613.2751398035521,2.0,A
3093,767.8816321789293,2.0,A
3094,-19.38759425495647,2.0,D
3095,759.9899428134655,1.0,A
3096,373.6000288377435,2.0,C
3097,120.84124408869474,4.0,B
3098,386.6739730481222,1.0,C
3099,795.4384889520168,1.0,A
3100,37.64050175972676,2.0,D
3101,151.82661359627667,2.0,D
3102,434.3414291447082,4.0,B
3103,391.776459565794,4.0,B
3104,369.9657701679758,2.0,C
3105,509.4799453577982,4.0,B
3106,418.9623989541132,1.0,C
3107,541.6297164529651,4.0,B
3108,481.2870413212461,1.0,C
3109,537.3864939334921,4.0,B
3110,634.5947109246899,1.0,C
3111,428.9546527471188,2.0,C
3112,751.3812451847809,4.0,B
3113,445.5403337542025,2.0,C
3114,178.3872127018293,2.0,D
3115,537.6928585186499,4.0,B
3116,449.2154558110294,1.0,C
3117,344.16809197654726,1.0,C
3118,536.0157957613089,2.0,C
3119,826.5713528847857,2.0,A
3120,431.8007160784656,2.0,C
3121,641.073809474457,1.0,A
3122,-15.176107525830446,4.0,B
3123,521.2616959499148,4.0,B
3124,909.7285268560532,4.0,B
3125,384.5858779825135,1.0,C
3126,566.0716945287854,4.0,B
3127,831.5337648555048,2.0,A
3128,88.13057141148329,1.0,D
3129,-38.63086168926225,1.0,D
3130,-71.06241189327972,1.0,D
3131,846.2126686734673,1.0,A
3132,-121.83606531575948,1.0,D
3133,430.8737874022673,2.0,C
3134,-22.316527568648556,1.0,D
3135,304.3160583519259,2.0,C
3136,46.251520082341415,2.0,D
3137,202.08771111766364,2.0,D
3138,323.1319589379206,2.0,C
3139,-113.1036014796424,4.0,B
3140,286.86501714963765,2.0,C
3141,353.02247278543587,2.0,C
3142,210.5256907412798,2.0,D
3143,263.3983211052699,4.0,B
3144,-24.467419831464383,1.0,D
3145,107.31955679034472,2.0,D
3146,703.6982661628851,2.0,A
3147,747.2238676319707,4.0,B
3148,330.69656463617514,2.0,C
3149,295.3945068530712,1.0,C
3150,612.0325742808607,2.0,A
3151,718.5474184315095,4.0,B
3152,330.8625564294046,2.0,C
3153,507.8494461985887,2.0,C
3154,518.5380947072817,4.0,B
3155,641.9168351716914,4.0,B
3156,557.9768236050475,1.0,C
3157,651.9089549243739,2.0,A
3158,367.9462569816116,4.0,B
3159,820.2324030547477,2.0,A
3160,704.3804258761922,1.0,A
3161,707.5731911480768,4.0,B
3162,654.1835405638149,2.0,A
3163,439.22548021614085,2.0,C
3164,589.8393172577064,4.0,B
3165,223.64234495622225,2.0,D
3166,764.1150565332653,2.0,A
3167,745.2001459779833,4.0,B
3168,445.62369628346966,4.0,B
3169,670.9175946084142,4.0,B
3170,-307.5100097136853,2.0,D
3171,417.2616727003677,2.0,C
3172,1267.0934278185234,4.0,A
3173,419.0500269524308,1.0,C
3174,390.54056674550645,1.0,C
3175,-30.026415079981238,1.0,D
3176,125.52303765761889,2.0,D
3177,491.92950704979,2.0,C
3178,599.6549139699649,4.0,B
3179,299.1399105416432,2.0,C
3180,396.4855595014596,1.0,C
3181,77.07887265722894,2.0,D
3182,456.8657255888993,4.0,B
3183,459.9646615072,2.0,C
3184,614.5066850181089,1.0,C
3185,65.69258894594333,2.0,D
3186,288.9520310850235,2.0,C
3187,661.8868924358217,1.0,A
3188,16.650936072999116,2.0,D
3189,17.915136429878203,2.0,D
3190,-145.59889917345345,4.0,B
3191,754.7398305444272,2.0,A
3192,104.14853662771964,2.0,D
3193,456.2004689820858,2.0,C
3194,429.39853073347945,1.0,C
3195,57.6525458819242,2.0,D
3196,200.2918704719058,2.0,D
3197,482.1497788818402,1.0,C
3198,126.30745021352531,1.0,D
3199,435.8252340106329,1.0,C
3200,999.624390951856,4.0,B
3201,636.4329354153083,2.0,A
3202,105.19898128919937,4.0,B
3203,374.2872075499686,4.0,B
3204,401.9733956860854,2.0,C
3205,172.05814735740302,2.0,D
3206,265.410789835523,2.0,C
3207,718.9293978879979,4.0,B
3208,152.68768270527656,2.0,D
3209,315.49228010786163,2.0,C
3210,477.1662572161615,2.0,C
3211,-101.3042221839815,4.0,B
3212,135.98164666999418,2.0,D
3213,286.33178123749144,2.0,C
3214,-92.33037209895184,2.0,D
3215,314.9430184900689,2.0,C
3216,-53.66297083237328,2.0,D
3217,308.9494689341292,2.0,C
3218,798.2400255703925,2.0,A
3219,307.9203734512424,2.0,C
3220,551.8910762874793,4.0,B
3221,512.2157323069503,1.0,C
3222,262.10017706519307,2.0,C
3223,508.6817970262738,1.0,C
3224,686.4691922784959,2.0,A
3225,860.3976929527754,4.0,B
3226,345.5819249706596,4.0,B
3227,392.20177318842207,2.0,C
3228,514.6264942920113,2.0,C
3229,309.75015801198055,4.0,B
3230,288.4734272036354,4.0,B
3231,201.5181385204257,2.0,D
3232,354.8374048862561,2.0,C
3233,78.30137408490549,2.0,D
3234,265.26914227267224,1.0,C
3235,897.6827535991499,4.0,B
3236,1046.8852377493909,2.0,A
3237,348.761646866624,4.0,B
3238,724.1814129814371,1.0,A
3239,57.04877251138839,2.0,D
3240,24.45245003568607,1.0,D
3241,403.9551882367889,1.0,C
3242,-106.96861870062509,1.0,D
3243,274.44493226971963,4.0,B
3244,313.88612629610554,2.0,C
3245,488.7157763057684,1.0,C
3246,159.80155939866447,2.0,D
3247,-301.29310407334106,1.0,D
3248,292.0301338828705,2.0,C
3249,26.599232349152143,2.0,D
3250,48.98046670624552,2.0,D
3251,18.835338634505945,4.0,B
3252,-130.2308328575715,2.0,D
3253,381.86196785347664,2.0,C
3254,656.2752540830097,4.0,B
3255,379.4140034433667,4.0,B
3256,686.5036956830861,2.0,A
3257,474.99320049949375,2.0,C
3258,-85.78747717885841,1.0,D
3259,138.89740576282423,2.0,D
3260,-26.85163872138395,1.0,D
3261,604.2154364480815,1.0,C
3262,375.34842161369306,2.0,C
3263,797.6385987766287,4.0,B
3264,400.6254326247481,4.0,B
3265,-256.61559296609937,2.0,D
3266,47.22508309288168,2.0,D
3267,864.3006981810397,2.0,A
3268,544.9655183825271,4.0,B
3269,659.8265214144919,2.0,A
3270,1066.6334714636732,1.0,A
3271,235.1679619487821,2.0,D
3272,186.6405105462001,4.0,B
3273,261.40863370074914,1.0,C
3274,272.1658627038613,1.0,C
3275,155.15549212886853,2.0,D
3276,807.2285707925023,2.0,A
3277,49.862919460884655,2.0,D
3278,267.50561269056186,2.0,C
3279,267.701123666318,4.0,B
3280,406.70439284735306,2.0,C
3281,159.30523458828318,2.0,D
3282,760.3755054346223,1.0,A
3283,700.8713557182566,1.0,A
3284,538.8091285579576,1.0,C
3285,-22.45205461379527,2.0,D
3286,15.82975305550258,2.0,D
3287,484.2588447835605,4.0,B
3288,214.01125459967815,1.0,D
3289,708.0750885273158,1.0,A
3290,156.57389690458163,2.0,D
3291,185.20434236939903,4.0,B
3292,587.4092769602418,4.0,B
3293,816.2117053518928,2.0,A
3294,-263.2096885881334,1.0,D
3295,164.34310990815655,4.0,B
3296,339.7400911752644,2.0,C
3297,230.6412873144204,4.0,B
3298,304.9818209394863,1.0,C
3299,764.3046319678799,2.0,A
3300,535.4579459945818,2.0,C
3301,877.2929410856449,4.0,B
3302,91.6144031857482,4.0,B
3303,11.327885436234794,1.0,D
3304,405.66784570572105,4.0,B
3305,478.5613385350422,4.0,B
3306,757.7430728178103,4.0,B
3307,239.92158397245112,2.0,D
3308,7.539561896624718,4.0,B
3309,518.8746981127031,2.0,C
3310,486.7172920374045,2.0,C
3311,-295.15402222559453,4.0,B
3312,227.9447131173525,2.0,D
3313,434.4630820278872,2.0,C
3314,220.64230452993604,4.0,B
3315,-163.88104608027743,2.0,D
3316,252.2509578698155,2.0,C
3317,-407.8616931465064,1.0,D
3318,743.0029904858138,4.0,B
3319,462.6009816768642,2.0,C
3320,216.04123201002457,2.0,D
3321,812.9381933500694,4.0,B
3322,127.27321915368628,2.0,D
3323,294.4208498823042,1.0,C
3324,-94.33220347792884,2.0,D
3325,281.7217767382251,2.0,C
3326,732.0363480416804,2.0,A
3327,902.0455243127147,2.0,A
3328,194.7876206112861,2.0,D
3329,595.6493576751992,2.0,C
3330,374.3158259654697,2.0,C
3331,-246.6486648156896,4.0,B
3332,514.3682795465131,2.0,C
3333,-46.57511174835969,4.0,B
3334,413.2124714119825,4.0,B
3335,566.3117395103768,4.0,B
3336,400.8315258515328,2.0,C
3337,866.8265602007525,4.0,B
3338,377.3290085133318,1.0,C
3339,670.8662038960522,1.0,A
3340,287.3270428156983,2.0,C
3341,981.8288371592138,2.0,A
3342,408.5785537003764,2.0,C
3343,855.7384510756482,4.0,B
3344,428.4528928689151,1.0,C
3345,667.4516801845431,4.0,B
3346,640.0786161286943,2.0,A
3347,504.9871447567213,4.0,B
3348,-80.06788931925513,4.0,B
3349,419.5126070029512,2.0,C
3350,548.8593278491214,2.0,C
3351,402.4472930902471,1.0,C
3352,411.2924344446397,2.0,C
3353,708.6770895714511,2.0,A
3354,176.91650118751124,1.0,D
3355,-83.01253483652351,2.0,D
3356,450.2372252809822,2.0,C
3357,441.4276798222877,1.0,C
3358,402.4368173375949,4.0,B
3359,707.7363944400054,1.0,A
3360,200.7806624502828,4.0,B
3361,881.2201870464958,2.0,A
3362,257.6100610499318,4.0,B
3363,567.2105202676394,2.0,C
3364,469.2605191200747,2.0,C
3365,41.03375666421312,2.0,D
3366,133.1615707720556,4.0,B
3367,-50.07486742131693,2.0,D
3368,66.61570092845886,4.0,B
3369,27.959966024882817,4.0,B
3370,504.7936521659677,1.0,C
3371,283.01797433975844,2.0,C
3372,386.674651366131,2.0,C
3373,640.856683549817,1.0,A
3374,-142.86455523676204,2.0,D
3375,-336.62763208006083,2.0,D
3376,480.9949520890526,2.0,C
3377,801.7180830578867,4.0,B
3378,74.65676508347076,1.0,D
3379,108.67200337010138,2.0,D
3380,380.1175065187668,1.0,C
3381,169.77121466042482,4.0,B
3382,441.54722852056886,4.0,B
3383,-11.210332503757796,2.0,D
3384,457.9396929669938,2.0,C
3385,44.87916391442138,1.0,D
3386,751.0929591171446,4.0,B
3387,500.7559742311245,4.0,B
3388,636.2112307485047,1.0,C
3389,302.038354463747,4.0,B
3390,533.6200789732593,2.0,C
3391,503.7682163343807,2.0,C
3392,392.8595351981832,2.0,C
3393,821.4457710659544,2.0,A
3394,616.1182932991695,2.0,A
3395,84.30574483098167,1.0,D
3396,353.73820270095746,2.0,C
3397,513.2185359139235,1.0,C
3398,662.5435966420582,2.0,A
3399,615.2297078021008,2.0,A
3400,559.9357990225518,2.0,C
3401,592.2437538430335,2.0,C
3402,292.36548966994087,2.0,C
3403,56.565025048500615,2.0,D
3404,419.14560706479415,2.0,C
3405,521.0500625216146,4.0,B
3406,504.8056637230002,2.0,C
3407,141.55749238517598,2.0,D
3408,880.2844113061099,2.0,A
3409,824.4457119937888,2.0,A
3410,-20.153528292534872,4.0,B
3411,593.4408447970586,2.0,C
3412,418.358816154158,1.0,C
3413,643.4550783775668,2.0,A
3414,168.55613535708864,4.0,B
3415,-62.40102669811728,4.0,B
3416,783.7477185307854,2.0,A
3417,580.1653012955198,2.0,C
3418,813.4652698470297,4.0,B
3419,650.0861931708978,1.0,A
3420,-51.10456957020955,1.0,D
3421,364.0266627044936,1.0,C
3422,-0.9342497451655732,2.0,D
3423,775.9499230271374,4.0,B
3424,723.2929548249354,1.0,A
3425,251.05409899141708,2.0,C
3426,655.005803009709,4.0,B
3427,58.05933003994312,1.0,D
3428,-174.58173403131616,2.0,D
3429,629.3861826085857,2.0,A
3430,215.5450013703401,4.0,B
3431,140.27327079415102,2.0,D
3432,605.7133573830365,2.0,C
3433,831.111255080148,4.0,B
3434,186.4195393317897,2.0,D
3435,197.74747140705875,2.0,D
3436,835.8890842840908,4.0,B
3437,83.88148807243499,2.0,D
3438,543.6984685369091,4.0,B
3439,310.1862551257842,1.0,C
3440,73.90707764759975,4.0,B
3441,126.3288995744942,1.0,D
3442,834.1254021279653,2.0,A
3443,-2.533939041944393,1.0,D
3444,733.6791554184556,1.0,A
3445,329.76993946473823,1.0,C
3446,147.26956514621224,4.0,B
3447,-139.0631555463774,2.0,D
3448,448.5525258187209,2.0,C
3449,404.2506347556788,4.0,B
3450,264.21750796526567,2.0,C
3451,23.85493028890653,2.0,D
3452,427.2800940368584,4.0,B
3453,234.7540669109493,1.0,C
3454,-214.856805596336,1.0,D
3455,511.40519137933575,2.0,C
3456,683.1260013976755,2.0,A
3457,560.8923591712494,1.0,C
3458,185.6531932350752,2.0,D
3459,417.3015363998678,1.0,C
3460,629.9596756481386,4.0,B
3461,775.1632566281274,2.0,A
3462,561.8560143276113,1.0,C
3463,924.79995815539,1.0,A
3464,287.172704541609,1.0,C
3465,395.0548663467897,2.0,C
3466,106.78832246359508,4.0,B
3467,711.9934184194688,1.0,A
3468,423.6554074224567,1.0,C
3469,268.31464110211925,1.0,C
3470,12.24190969020242,4.0,B
3471,472.9565093593909,1.0,C
3472,370.7133244392064,2.0,C
3473,-153.81314295933612,1.0,D
3474,319.75749900007975,2.0,C
3475,186.71993447619624,2.0,D
3476,729.5941768648879,2.0,A
3477,635.5749172074451,2.0,A
3478,-130.93978660000482,1.0,D
3479,665.268035722112,2.0,A
3480,863.5365951463368,1.0,A
3481,874.6346340174719,2.0,A
3482,300.83512733320134,2.0,C
3483,535.0086998194759,2.0,C
3484,209.68564857350836,1.0,D
3485,261.542034378474,2.0,C
3486,165.65303273169295,2.0,D
3487,414.5361398140234,2.0,C
3488,377.2293686263984,2.0,C
3489,-190.2353133876985,4.0,B
3490,825.5548814504782,2.0,A
3491,580.122917648691,2.0,C
3492,307.5594359499263,1.0,C
3493,116.28765476559823,1.0,D
3494,146.374488556607,4.0,B
3495,287.5524923842971,1.0,C
3496,465.6653845671983,1.0,C
3497,-72.89293691741716,4.0,B
3498,651.1079839798574,4.0,B
3499,158.0071543186031,2.0,D
3500,870.0037477125562,1.0,A
3501,559.1006431934991,2.0,C
3502,312.9436160249823,2.0,C
3503,876.8581989972325,2.0,A
3504,371.622757620458,2.0,C
3505,841.0720905693072,2.0,A
3506,1050.235660185006,4.0,A
3507,-47.04080652612765,4.0,B
3508,358.2605334025129,1.0,C
3509,510.68902004183326,4.0,B
3510,58.35509011085213,2.0,D
3511,681.9621209513265,1.0,A
3512,353.91298428608206,1.0,C
3513,726.9907339436352,1.0,A
3514,616.9929786625121,4.0,B
3515,225.6571989276716,2.0,D
3516,184.62600211634475,2.0,D
3517,29.307763690412685,4.0,B
3518,321.8181929789141,4.0,B
3519,-103.9942388472819,2.0,D
3520,304.32754730787985,4.0,B
3521,243.9178678247013,4.0,B
3522,203.79755095948667,4.0,B
3523,485.8940470743802,1.0,C
3524,429.28524090457927,1.0,C
3525,26.81542825847237,1.0,D
3526,-131.15888361475152,1.0,D
3527,293.6210990409213,1.0,C
3528,557.0661888124856,2.0,C
3529,152.1198894871172,4.0,B
3530,-149.9319268108461,4.0,B
3531,436.7481978530339,2.0,C
3532,117.77278096983844,1.0,D
3533,650.9560689288533,1.0,A
3534,1039.2493402519597,2.0,A
3535,448.8087260254808,2.0,C
3536,537.7469034306106,1.0,C
3537,354.71901222506455,2.0,C
3538,326.3397802547722,1.0,C
3539,101.47901717907786,4.0,B
3540,506.9383098288498,4.0,B
3541,488.82142204112216,2.0,C
3542,961.615778715374,2.0,A
3543,-83.48964474888106,2.0,D
3544,746.5402692020393,2.0,A
3545,20.05885131699091,1.0,D
3546,-168.28171889528232,1.0,D
3547,586.0202582867923,4.0,B
3548,754.3442946994908,2.0,A
3549,14.019118853198677,4.0,B
3550,366.81692664577855,4.0,B
3551,-22.791777665184892,2.0,D
3552,888.7656518415452,1.0,A
3553,1210.8765499033084,1.0,A
3554,234.6631993401485,4.0,B
3555,677.3612639451569,2.0,A
3556,6.608710021297782,4.0,B
3557,440.8554680310599,2.0,C
3558,484.3741171381218,4.0,B
3559,256.72723489560747,2.0,C
3560,16.873599125171324,2.0,D
3561,-270.0002277875468,2.0,D
3562,458.0873839519679,1.0,C
3563,758.5439657859633,2.0,A
3564,1036.8367089311976,2.0,A
3565,303.6894440055677,4.0,B
3566,406.6420341157848,2.0,C
3567,863.0928098522622,4.0,B
3568,527.0258553295776,4.0,B
3569,650.3324474500257,2.0,A
3570,24.51408342378994,4.0,B
3571,821.0699579437896,2.0,A
3572,386.7405737738202,4.0,B
3573,-324.8951001838151,4.0,B
3574,291.5704128808724,1.0,C
3575,593.1598099046354,1.0,C
3576,-231.56298000278505,4.0,B
3577,20.211695534751527,2.0,D
3578,626.6881170018333,4.0,B
3579,848.1331919909145,4.0,B
3580,513.1455208633206,4.0,B
3581,579.3174974666173,2.0,C
3582,753.3354008115962,1.0,A
3583,1003.1595245281524,2.0,A
3584,471.0140597293282,2.0,C
3585,215.26268254323145,2.0,D
3586,100.19314490170842,1.0,D
3587,-289.2982142509942,2.0,D
3588,105.5374728006737,2.0,D
3589,609.1868118362597,2.0,A
3590,418.5032667059583,2.0,C
3591,399.063897656136,2.0,C
3592,593.4422988037518,4.0,B
3593,668.9479811734635,2.0,A
3594,-416.01884415690574,2.0,D
3595,583.9281021950384,2.0,C
3596,570.9563169164066,2.0,C
3597,561.665702013016,1.0,C
3598,61.35544199732095,4.0,B
3599,225.1417745570012,2.0,D
3600,269.1601456194308,4.0,B
3601,-86.45769716949519,2.0,D
3602,1103.8679370094403,1.0,A
3603,462.2521986546593,2.0,C
3604,413.6296949279286,1.0,C
3605,467.5720382873065,1.0,C
3606,610.7316952402646,2.0,A
3607,230.07124437346712,2.0,D
3608,239.04110503055287,2.0,D
3609,535.8639538732373,2.0,C
3610,300.3429462959802,2.0,C
3611,621.9465630958089,2.0,A
3612,661.6453740056733,1.0,A
3613,471.1176990487801,1.0,C
3614,103.53782756068556,2.0,D
3615,82.4294870552717,2.0,D
3616,753.9252542293328,2.0,A
3617,960.2571363500898,4.0,B
3618,366.2930868942434,2.0,C
3619,588.0916084779233,1.0,C
3620,245.2314764802505,2.0,D
3621,789.773149585391,2.0,A
3622,855.0528758644144,1.0,A
3623,595.8818442030778,2.0,C
3624,502.3728854900074,2.0,C
3625,327.90245838767265,4.0,B
3626,271.6580006613583,2.0,C
3627,-258.38643593249606,4.0,B
3628,59.30332470857434,4.0,B
3629,269.6872735498034,2.0,C
3630,110.31338675314475,2.0,D
3631,316.1109283226715,1.0,C
3632,263.8034767987026,2.0,C
3633,516.5410162713533,1.0,C
3634,353.1826878138325,4.0,B
3635,869.5702873926621,1.0,A
3636,175.72543156988104,1.0,D
3637,650.0597742639657,4.0,B
3638,27.57296970246665,2.0,D
3639,210.8905339964734,2.0,D
3640,278.12939603261066,2.0,C
3641,474.45643827772847,2.0,C
3642,-307.65925228206186,4.0,B
3643,190.6955706698664,4.0,B
3644,549.1543744802932,4.0,B
3645,703.1846330597664,2.0,A
3646,400.1649148926807,1.0,C
3647,632.2328643562819,2.0,A
3648,342.39274265345256,1.0,C
3649,466.9974221210433,4.0,B
3650,613.4978508008774,2.0,A
3651,92.59805763427828,1.0,D
3652,170.8699346050019,2.0,D
3653,-21.24000095197465,2.0,D
3654,267.7621399283317,2.0,C
3655,726.8211450254041,2.0,A
3656,433.95194630534985,2.0,C
3657,410.47348185385147,4.0,B
3658,942.6286216832832,2.0,A
3659,228.45743818716144,4.0,B
3660,733.2059833844089,4.0,B
3661,-168.49442190004515,1.0,D
3662,928.469056952938,2.0,A
3663,44.13288424723538,1.0,D
3664,508.6072907126186,2.0,C
3665,717.8960057644684,2.0,A
3666,-2.8936935299832958,2.0,D
3667,1131.8380069986704,1.0,A
3668,859.1699843215335,1.0,A
3669,358.57548566090804,1.0,C
3670,152.4305774021264,2.0,D
3671,37.88021401177929,4.0,B
3672,601.9159693157301,1.0,C
3673,480.4455401950759,1.0,C
3674,518.391920011154,2.0,C
3675,308.58763075218013,2.0,C
3676,276.14763794838893,4.0,B
3677,1075.502657728554,4.0,A
3678,751.3551254855277,1.0,A
3679,670.303487183252,4.0,B
3680,359.44594881336616,2.0,C
3681,329.17036887368675,1.0,C
3682,-138.63414547111984,4.0,B
3683,650.8607304057333,2.0,A
3684,165.05106775235555,4.0,B
3685,547.8472946523859,4.0,B
3686,65.41762260613484,1.0,D
3687,621.2791033274461,2.0,A
3688,1.3911927328043134,2.0,D
3689,408.65941598494265,1.0,C
3690,131.14581741424314,2.0,D
3691,289.18640352335,4.0,B
3692,254.4255499902369,4.0,B
3693,560.1930384660268,2.0,C
3694,142.4106285943742,2.0,D
3695,411.3815123694966,4.0,B
3696,514.2734185127314,4.0,B
3697,141.10918215205163,2.0,D
3698,392.4925441549908,2.0,C
3699,642.4921863704039,2.0,A
3700,328.5265248085856,1.0,C
3701,720.5694603745776,4.0,B
3702,195.09561510544307,2.0,D
3703,470.1948487364615,2.0,C
3704,40.3108472019652,2.0,D
3705,559.3027017047255,1.0,C
3706,48.18306727849671,4.0,B
3707,404.427193737613,2.0,C
3708,382.69615111725807,4.0,B
3709,706.3785585551803,1.0,A
3710,495.2725215131026,2.0,C
3711,881.8033181417713,4.0,B
3712,605.9457162974935,2.0,C
3713,47.68265689647927,1.0,D
3714,478.64635454689625,4.0,B
3715,450.9827679424488,2.0,C
3716,-1.8728059018783936,4.0,B
3717,156.94476519264356,1.0,D
3718,150.38470250535832,4.0,B
3719,665.6862407151856,2.0,A
3720,218.0948731763419,2.0,D
3721,723.6540505737548,1.0,A
3722,609.4752036709842,4.0,B
3723,20.23661368978929,2.0,D
3724,59.51519280887703,2.0,D
3725,636.1623954916205,1.0,C
3726,416.3246715362842,1.0,C
3727,460.2713044693164,2.0,C
3728,-79.59054096111902,2.0,D
3729,104.7284919924416,4.0,B
3730,182.5421721936545,2.0,D
3731,287.6152151713288,1.0,C
3732,26.91965875826571,4.0,B
3733,462.30339364306775,4.0,B
3734,171.33174120073556,2.0,D
3735,377.2666726227828,4.0,B
3736,354.6155025541114,1.0,C
3737,8.968147809386835,1.0,D
3738,388.38649331641017,4.0,B
3739,130.0977308425483,4.0,B
3740,557.0707677572136,2.0,C
3741,1210.917217507992,2.0,A
3742,509.1321001548954,2.0,C
3743,345.52956051138096,2.0,C
3744,492.0797547563683,2.0,C
3745,361.4848692539623,2.0,C
3746,848.9405193150978,1.0,A
3747,268.8886992932321,1.0,C
3748,557.2641034514075,1.0,C
3749,1140.6420576111752,2.0,A
3750,552.7097872079146,2.0,C
3751,290.70414808009923,2.0,C
3752,212.87658055106812,2.0,D
3753,635.3385743483292,1.0,C
3754,85.33417019886116,4.0,B
3755,835.7380058545714,2.0,A
3756,163.42094826489446,4.0,B
3757,852.9578728244206,1.0,A
3758,-688.838221341352,4.0,D
3759,655.3015589880521,4.0,B
3760,298.41120397131266,1.0,C
3761,475.23616531177214,1.0,C
3762,364.549085822938,2.0,C
3763,438.414779874104,4.0,B
3764,828.7810569662743,2.0,A
3765,698.0390863057245,1.0,A
3766,444.9043894101646,2.0,C
3767,744.9750258369538,1.0,A
3768,186.66340212535695,2.0,D
3769,460.5043960413529,4.0,B
3770,706.5259426475402,4.0,B
3771,1122.4896991834148,2.0,A
3772,377.4100345782798,4.0,B
3773,671.374520431022,2.0,A
3774,39.74700959803465,1.0,D
3775,18.822490831157666,1.0,D
3776,659.3093361896296,2.0,A
3777,348.2156152676995,1.0,C
3778,163.84464893780827,2.0,D
3779,835.9995585300874,2.0,A
3780,516.6740160765955,1.0,C
3781,836.2012898929318,2.0,A
3782,968.994801006208,2.0,A
3783,944.464411901658,2.0,A
3784,332.2553159357488,4.0,B
3785,39.15102361107717,2.0,D
3786,291.57442236762705,1.0,C
3787,378.78569083618913,1.0,C
3788,456.6355055221542,4.0,B
3789,242.0114097254397,1.0,C
3790,1264.3777716501677,2.0,A
3791,544.2375978468356,2.0,C
3792,349.69683480947003,1.0,C
3793,726.3867079826816,4.0,B
3794,607.6680251392477,1.0,C
3795,850.9820626134407,2.0,A
3796,-185.9703189967136,1.0,D
3797,269.5470944631801,2.0,C
3798,430.63286512305234,4.0,B
3799,359.2103301184768,2.0,C
3800,1114.656790757919,2.0,A
3801,403.8972910731789,4.0,B
3802,292.4967660970254,4.0,B
3803,-108.30899437193231,1.0,D
3804,795.7503900503223,1.0,A
3805,-44.55469629100395,4.0,B
3806,244.06183937461904,1.0,C
3807,440.0180349726457,4.0,B
3808,398.6689327079654,1.0,C
3809,472.8626451868779,2.0,C
3810,58.18590950840519,4.0,B
3811,521.9866409924539,2.0,C
3812,128.889099037074,1.0,D
3813,573.144616316576,4.0,B
3814,548.2944166948773,2.0,C
3815,324.26687185790377,2.0,C
3816,237.1238983999657,2.0,D
3817,396.319891328657,2.0,C
3818,-309.58651545729015,2.0,D
3819,531.9559238454309,2.0,C
3820,607.8232083032246,1.0,C
3821,486.9702886642328,1.0,C
3822,131.98991507623123,2.0,D
3823,20.45291056356132,2.0,D
3824,239.16177627592205,4.0,B
3825,374.3349791120345,1.0,C
3826,647.4212990579454,4.0,B
3827,113.81575418707996,2.0,D
3828,193.93601626833944,4.0,B
3829,333.82847807665064,4.0,B
3830,350.3803493206243,2.0,C
3831,109.62433995581648,2.0,D
3832,358.20436651888406,4.0,B
3833,400.4323955007734,2.0,C
3834,415.1743849917849,4.0,B
3835,477.8101062820924,2.0,C
3836,-398.9580100206029,2.0,D
3837,368.2199052668243,2.0,C
3838,727.8311883421318,1.0,A
3839,472.6335739170053,2.0,C
3840,421.9378499350637,1.0,C
3841,712.8664297767764,1.0,A
3842,315.7334271074677,2.0,C
3843,332.4283130596569,4.0,B
3844,26.03912362004945,1.0,D
3845,487.5071205477087,1.0,C
3846,2.2147183998019955,2.0,D
3847,429.7269114034764,1.0,C
3848,140.5805047416784,2.0,D
3849,502.30146269790936,1.0,C
3850,410.1513672049912,2.0,C
3851,246.6058235210172,2.0,D
3852,510.0182330943163,2.0,C
3853,113.44383294034763,2.0,D
3854,352.1003596767424,4.0,B
3855,211.32247194936087,2.0,D
3856,379.4702515627721,2.0,C
3857,183.03563744975315,2.0,D
3858,854.6027812646048,2.0,A
3859,817.1590706530731,2.0,A
3860,227.1001171628804,2.0,D
3861,287.3836343167194,1.0,C
3862,591.0397171919653,2.0,C
3863,-21.406303567106647,1.0,D
3864,12.678375534910458,2.0,D
3865,853.4041840455984,2.0,A
3866,136.17651939615206,1.0,D
3867,300.96277222705527,1.0,C
3868,196.5123053866964,2.0,D
3869,452.5806160285914,1.0,C
3870,948.477816279856,2.0,A
3871,802.9704113355835,4.0,B
3872,401.0850462902007,2.0,C
3873,695.7855372463894,2.0,A
3874,529.4240223984875,1.0,C
3875,-208.02328773798055,2.0,D
3876,440.6600965861031,2.0,C
3877,455.4183323383558,4.0,B
3878,-54.07682352816454,2.0,D
3879,346.2188150054128,2.0,C
3880,929.9186818139758,2.0,A
3881,202.3861955222294,2.0,D
3882,287.1493773292278,1.0,C
3883,176.3793035059563,2.0,D
3884,558.1217999523549,2.0,C
3885,152.48514105113483,4.0,B
3886,454.38401836952926,2.0,C
3887,270.1971441502542,4.0,B
3888,93.5958941378704,4.0,B
3889,747.300558470946,2.0,A
3890,885.4097093290362,4.0,B
3891,943.5480902453,2.0,A
3892,999.3547826825334,2.0,A
3893,634.3426639633136,2.0,A
3894,341.68529950818,2.0,C
3895,360.9045568688376,4.0,B
3896,518.3337362876567,2.0,C
3897,566.1926830361774,4.0,B
3898,120.03481818861997,1.0,D
3899,254.16202234187585,2.0,C
3900,575.3828391936729,4.0,B
3901,544.5792433836631,2.0,C
3902,750.9221325088516,2.0,A
3903,53.57307831461134,2.0,D
3904,-10.983396750841564,2.0,D
3905,520.5831397744032,4.0,B
3906,1.098901355646035,2.0,D
3907,1227.0389983964942,4.0,A
3908,550.8840301793578,2.0,C
3909,225.51999679501304,4.0,B
3910,348.0860895886736,1.0,C
3911,-422.928420603915,4.0,D
3912,689.9305646776049,2.0,A
3913,159.73902476114205,2.0,D
3914,360.8339715669831,2.0,C
3915,80.7311932834325,1.0,D
3916,79.62956304886944,2.0,D
3917,490.840357316649,2.0,C
3918,445.3771831715017,1.0,C
3919,541.1055619013702,4.0,B
3920,178.50815461429124,2.0,D
3921,680.015714919818,2.0,A
3922,443.6293195512441,2.0,C
3923,794.3613359294169,1.0,A
3924,572.1205078268339,1.0,C
3925,515.4195165920659,2.0,C
3926,1116.4483819583568,4.0,A
3927,231.8139213514534,2.0,D
3928,631.0730560341159,1.0,C
3929,514.0336339930196,1.0,C
3930,808.8614789188538,1.0,A
3931,148.77510458864515,2.0,D
3932,156.33760090966953,2.0,D
3933,568.644843407911,2.0,C
3934,593.5639969168876,2.0,C
3935,131.37894162202474,4.0,B
3936,331.0060058133986,2.0,C
3937,203.4001157575813,2.0,D
3938,482.4908921354423,2.0,C
3939,578.3544766690749,2.0,C
3940,826.2141165577343,2.0,A
3941,68.5687491275184,4.0,B
3942,5.743108801554797,1.0,D
3943,657.2283563573819,2.0,A
3944,360.5722020976887,4.0,B
3945,308.66594218499563,2.0,C
3946,268.78463253615246,4.0,B
3947,873.0987543631243,2.0,A
3948,454.4910723847146,2.0,C
3949,321.60053682000466,2.0,C
3950,196.5368708196875,2.0,D
3951,135.1705186243546,1.0,D
3952,418.7187673252985,2.0,C
3953,208.34629445632635,2.0,D
3954,810.463480683133,1.0,A
3955,-103.70639033394129,1.0,D
3956,225.2666311059996,2.0,D
3957,197.84950078290188,1.0,D
3958,772.1902501864677,2.0,A
3959,245.6903648421778,2.0,D
3960,-72.62980244266083,2.0,D
3961,316.5818202158941,1.0,C
3962,513.7760407933116,2.0,C
3963,333.0894809163849,2.0,C
3964,1106.4338156978788,4.0,A
3965,546.1901781325175,4.0,B
3966,356.7319959836867,4.0,B
3967,378.4852091060652,2.0,C
3968,615.4802716754651,2.0,A
3969,193.58891146462705,2.0,D
3970,513.3543642052587,2.0,C
3971,701.1865671894329,2.0,A
3972,224.9744680687225,4.0,B
3973,-81.9790952313229,2.0,D
3974,-9.089093104143103,4.0,B
3975,795.4751556495166,2.0,A
3976,615.255444725572,2.0,A
3977,441.70295206797846,4.0,B
3978,194.05622209342852,2.0,D
3979,271.176966005286,1.0,C
3980,222.52495984969343,2.0,D
3981,300.3006480647423,2.0,C
3982,627.6108420307771,4.0,B
3983,476.59956486736,2.0,C
3984,634.9583784228321,2.0,A
3985,82.35961367593183,2.0,D
3986,-92.57110462084546,2.0,D
3987,91.15575414561658,2.0,D
3988,684.3281095826535,2.0,A
3989,250.59926954498715,4.0,B
3990,-273.9233759172472,2.0,D
3991,806.0715842308183,1.0,A
3992,158.62665760807215,4.0,B
3993,590.9046874663217,2.0,C
3994,636.6705363353935,2.0,A
3995,831.3440664332077,2.0,A
3996,261.6009530269074,4.0,B
3997,483.7403994542407,1.0,C
3998,316.88967086666474,2.0,C
3999,253.5096713679266,4.0,B
4000,620.5840180660099,2.0,A
4001,201.61124206966036,1.0,D
4002,223.78660583247049,1.0,D
4003,-106.9339170172526,4.0,B
4004,255.86370500176943,2.0,C
4005,749.2181587192063,2.0,A
4006,163.07870131845647,1.0,D
4007,1051.4360648573484,2.0,A
4008,347.31216521998374,2.0,C
4009,86.29109462076428,2.0,D
4010,907.7938113264548,2.0,A
4011,261.7968954179741,2.0,C
4012,508.9150526685246,2.0,C
4013,277.5557449067784,1.0,C
4014,661.1528155083822,2.0,A
4015,314.76310085495464,2.0,C
4016,467.9828283364431,2.0,C
4017,-296.37481775342576,1.0,D
4018,1051.5909775037835,2.0,A
4019,473.564202555994,1.0,C
4020,837.6708312199892,2.0,A
4021,371.0259040316004,2.0,C
4022,461.13719535220497,1.0,C
4023,296.4200949946552,4.0,B
4024,505.9477938134759,2.0,C
4025,499.6087364313869,2.0,C
4026,483.3772513323078,1.0,C
4027,559.0408868028271,2.0,C
4028,92.4551977626544,1.0,D
4029,-238.04464123843445,2.0,D
4030,532.7255018886915,1.0,C
4031,156.79489334963523,2.0,D
4032,433.561904609005,1.0,C
4033,258.55046666211024,2.0,C
4034,669.2394313257628,4.0,B
4035,437.3911895028453,4.0,B
4036,-116.29318820266587,4.0,B
4037,303.14312959356903,2.0,C
4038,336.0432314387418,1.0,C
4039,916.5245034327194,1.0,A
4040,-119.91306051140988,4.0,B
4041,1038.9910374782803,2.0,A
4042,43.83382746846155,1.0,D
4043,302.33452603904584,2.0,C
4044,784.3393763638812,2.0,A
4045,390.93622199755913,1.0,C
4046,486.0933526736571,1.0,C
4047,483.8097562080467,2.0,C
4048,-247.81344925543303,1.0,D
4049,766.0856116526392,2.0,A
4050,625.745534127727,4.0,B
4051,940.4461387280768,2.0,A
4052,709.9456819702418,4.0,B
4053,-181.29932292925537,4.0,B
4054,-67.41729181463705,2.0,D
4055,665.5577331675455,4.0,B
4056,1118.2093068066044,2.0,A
4057,418.58527475501,2.0,C
4058,316.34519209059295,2.0,C
4059,1128.332163320306,2.0,A
4060,872.7217920822037,4.0,B
4061,880.0971986784662,2.0,A
4062,303.887934282561,2.0,C
4063,676.7703630927881,2.0,A
4064,200.25397893405375,2.0,D
4065,87.0590680092759,2.0,D
4066,656.9533959038667,1.0,A
4067,248.3860981261504,4.0,B
4068,361.84713315596593,2.0,C
4069,517.3978172681561,2.0,C
4070,332.49180419352854,2.0,C
4071,490.7611403798384,2.0,C
4072,11.45757447926519,2.0,D
4073,154.24103192619987,2.0,D
4074,320.53774218566065,2.0,C
4075,-199.7078468415116,2.0,D
4076,292.4221780577468,2.0,C
4077,418.3483383587534,1.0,C
4078,824.9767652521759,2.0,A
4079,-66.22831367904581,2.0,D
4080,-18.27999226974606,2.0,D
4081,194.25970265621277,2.0,D
4082,41.13804434929489,4.0,B
4083,357.02054698716705,4.0,B
4084,344.29101876911125,2.0,C
4085,834.1628704741887,2.0,A
4086,717.3935529605693,4.0,B
4087,462.5437829747047,1.0,C
4088,-179.12301805513107,2.0,D
4089,643.9583325774466,4.0,B
4090,-107.72504927484056,2.0,D
4091,128.6738329969806,2.0,D
4092,-271.16731949342795,2.0,D
4093,651.0805639063676,2.0,A
4094,221.05807548833636,4.0,B
4095,158.90213863235346,2.0,D
4096,357.6525329549522,4.0,B
4097,134.3301217014336,2.0,D
4098,287.0906041259576,1.0,C
4099,115.0268781774546,2.0,D
4100,-261.5696682347831,2.0,D
4101,404.8205013744477,2.0,C
4102,388.0221146349535,1.0,C
4103,546.2837932078504,2.0,C
4104,913.1163160262944,2.0,A
4105,350.0838880933283,2.0,C
4106,444.8487273304244,1.0,C
4107,431.6595535463495,2.0,C
4108,391.1501434094221,2.0,C
4109,442.56053354075607,4.0,B
4110,156.53239184921708,1.0,D
4111,453.9737002830831,2.0,C
4112,420.3010054262475,2.0,C
4113,58.26882330389924,2.0,D
4114,-145.94182372411524,1.0,D
4115,1134.3750384973212,2.0,A
4116,341.4420339584124,2.0,C
4117,217.19365830415973,2.0,D
4118,502.2522114560755,2.0,C
4119,639.7331025918043,2.0,A
4120,480.4656582669565,1.0,C
4121,817.4939461444521,2.0,A
4122,285.1942488868335,4.0,B
4123,832.8653274085002,4.0,B
4124,445.6033532560097,2.0,C
4125,771.2187410032898,4.0,B
4126,590.710660954484,2.0,C
4127,45.23033040450497,2.0,D
4128,437.202296489759,2.0,C
4129,439.3690008243635,2.0,C
4130,156.6386760441682,2.0,D
4131,574.411297428724,4.0,B
4132,238.80642875231956,1.0,C
4133,127.31480056946845,4.0,B
4134,513.444271434972,1.0,C
4135,1155.6171585130892,2.0,A
4136,485.9837133277235,1.0,C
4137,374.0839412664342,4.0,B
4138,343.14747111307173,2.0,C
4139,754.8254666826525,2.0,A
4140,238.90678722971137,2.0,D
4141,817.7188009834958,1.0,A
4142,587.3472825927417,4.0,B
4143,288.9099667681596,4.0,B
4144,756.7252406330476,4.0,B
4145,470.7566486702448,2.0,C
4146,231.269532424142,2.0,D
4147,675.3385841986187,2.0,A
4148,596.7016938276095,4.0,B
4149,273.8194636601755,1.0,C
4150,405.4414276283615,1.0,C
4151,401.88935247738885,2.0,C
4152,186.3979351265968,1.0,D
4153,-50.38813123585447,1.0,D
4154,540.4178450925041,4.0,B
4155,192.08363851667625,1.0,D
4156,758.5632213637898,1.0,A
4157,615.8410542225827,4.0,B
4158,230.59372357561736,4.0,B
4159,716.2130848224663,1.0,A
4160,-81.12311811443271,1.0,D
4161,684.2641341173742,4.0,B
4162,456.3457405152,1.0,C
4163,161.0252455608619,2.0,D
4164,-117.81757899552156,2.0,D
4165,562.8185761805629,1.0,C
4166,108.85072047235964,1.0,D
4167,442.63556713545694,2.0,C
4168,-52.883381314384,1.0,D
4169,831.1371877124839,4.0,B
4170,175.35622414091722,1.0,D
4171,356.6319350579618,4.0,B
4172,384.8592427595207,2.0,C
4173,359.0514522481819,4.0,B
4174,657.7187103948597,1.0,A
4175,321.7910808121835,4.0,B
4176,592.6594274491961,1.0,C
4177,607.2781946562227,2.0,C
4178,132.2537339223859,4.0,B
4179,141.55442812800942,1.0,D
4180,276.664562491054,2.0,C
4181,219.68542956774328,2.0,D
4182,474.070520201454,4.0,B
4183,191.26576805068188,1.0,D
4184,703.2732344057649,2.0,A
4185,791.4818671509129,2.0,A
4186,-23.750894296668605,2.0,D
4187,121.47057394006612,2.0,D
4188,576.3241443112754,2.0,C
4189,520.1161723479005,4.0,B
4190,220.4227278804101,4.0,B
4191,217.2526363661887,2.0,D
4192,111.02717020375924,4.0,B
4193,420.5263332568334,4.0,B
4194,69.25932680384602,2.0,D
4195,463.1060691073855,2.0,C
4196,336.0517869276759,2.0,C
4197,944.391601822134,2.0,A
4198,384.6881093248859,2.0,C
4199,-28.91988643106123,2.0,D
4200,412.1257414963066,2.0,C
4201,343.4870722232592,2.0,C
4202,306.38721132925696,2.0,C
4203,110.48741913911068,2.0,D
4204,500.8587957505501,1.0,C
4205,522.8277800038272,2.0,C
4206,-208.34908844216045,1.0,D
4207,246.8274690004773,2.0,D
4208,412.2632793603924,2.0,C
4209,622.8165740626662,4.0,B
4210,117.76282813705956,2.0,D
4211,622.036935070053,1.0,C
4212,305.5808324676741,1.0,C
4213,491.3814146538611,2.0,C
4214,370.80033366936334,1.0,C
4215,-332.0726273459085,1.0,D
4216,191.0727650494016,4.0,B
4217,642.0174254362648,2.0,A
4218,604.4788082740141,1.0,C
4219,235.73346819242212,2.0,D
4220,610.7845845839281,1.0,C
4221,-215.69830320809444,4.0,B
4222,471.74007274312567,2.0,C
4223,419.0990080975097,4.0,B
4224,257.263352178263,2.0,C
4225,756.797804554794,1.0,A
4226,428.6657421718084,2.0,C
4227,338.15951997836777,1.0,C
4228,575.1825802356784,1.0,C
4229,293.6941169719014,1.0,C
4230,121.68734417057776,1.0,D
4231,488.3934164629595,2.0,C
4232,399.8625841774289,2.0,C
4233,119.98762658711628,1.0,D
4234,829.4478632714072,2.0,A
4235,475.236729785584,4.0,B
4236,669.4496221954616,4.0,B
4237,224.27653170694524,4.0,B
4238,997.4274358720966,2.0,A
4239,207.893720276428,2.0,D
4240,753.1253862490141,2.0,A
4241,269.6488915974851,2.0,C
4242,227.4974359443775,2.0,D
4243,285.6309135677496,4.0,B
4244,537.3193377042726,1.0,C
4245,229.7274879341558,2.0,D
4246,34.29656909352451,1.0,D
4247,226.71158489789136,4.0,B
4248,710.6279196324263,1.0,A
4249,368.69183094037743,2.0,C
4250,156.6051764442846,2.0,D
4251,155.52895060528363,2.0,D
4252,-5.683782743666882,4.0,B
4253,409.4777760097347,4.0,B
4254,117.31415970201977,2.0,D
4255,965.0001831410824,4.0,B
4256,446.9834506315059,1.0,C
4257,1086.4772419600874,1.0,A
4258,303.0326826084114,1.0,C
4259,244.2632399606547,1.0,C
4260,134.28310997680717,4.0,B
4261,-115.19782740517212,4.0,B
4262,220.3436281674057,4.0,B
4263,-27.69898032175581,2.0,D
4264,-186.47696200111432,2.0,D
4265,864.9312523063627,2.0,A
4266,187.49479423323243,1.0,D
4267,566.0467490409949,2.0,C
4268,253.98622041541705,2.0,C
4269,510.8093971276149,2.0,C
4270,247.4224478348772,2.0,C
4271,938.3588280117492,4.0,B
4272,293.83636931892045,4.0,B
4273,-33.380234982710135,2.0,D
4274,253.80797285117603,2.0,C
4275,10.747412080520576,2.0,D
4276,332.6372694062597,2.0,C
4277,24.15804090099516,2.0,D
4278,1209.05359956875,4.0,A
4279,441.6551763418765,2.0,C
4280,-150.82182410214443,1.0,D
4281,194.15243501469428,2.0,D
4282,-129.9839123300079,4.0,B
4283,232.6840765075373,1.0,D
4284,585.6812122250032,4.0,B
4285,629.1551492704886,4.0,B
4286,448.3758281779668,2.0,C
4287,-107.09089804008522,2.0,D
4288,127.0740054931743,2.0,D
4289,317.98865351438974,2.0,C
4290,126.23756651322248,1.0,D
4291,57.696061108928745,4.0,B
4292,-74.97403880821128,2.0,D
4293,594.8457711365453,2.0,C
4294,170.71280099768015,2.0,D
4295,354.594790589421,4.0,B
4296,575.8090369680349,1.0,C
4297,395.07144754488695,2.0,C
4298,365.8259577559983,1.0,C
4299,702.9149994479126,2.0,A
4300,373.0865157878754,2.0,C
4301,713.2077654659794,2.0,A
4302,311.8704575383297,2.0,C
4303,664.2395952417738,1.0,A
4304,927.9802691040036,2.0,A
4305,833.9881881240979,4.0,B
4306,244.58644455984347,2.0,D
4307,286.1461040547467,2.0,C
4308,568.7086884873081,1.0,C
4309,762.8590024005427,4.0,B
4310,970.3624599127633,4.0,B
4311,627.9681053175198,2.0,A
4312,439.5546731260998,2.0,C
4313,101.23397678129692,2.0,D
4314,222.0534719897958,2.0,D
4315,491.7836520903347,2.0,C
4316,398.672629312346,1.0,C
4317,31.853376576143887,2.0,D
4318,470.1119653232249,1.0,C
4319,774.0155851681008,4.0,B
4320,585.5101212750885,2.0,C
4321,668.105565484019,2.0,A
4322,210.18087696099283,2.0,D
4323,631.745739813807,2.0,A
4324,364.2873719522999,4.0,B
4325,262.7998047078398,2.0,C
4326,406.80208134945445,2.0,C
4327,-17.694031586608332,2.0,D
4328,46.36735118866193,2.0,D
4329,653.0482596952844,4.0,B
4330,427.74712145624864,2.0,C
4331,843.2050803983382,2.0,A
4332,583.2851632758217,2.0,C
4333,277.93965517388614,2.0,C
4334,310.4415102004639,2.0,C
4335,333.0626075782794,2.0,C
4336,818.0414492276282,2.0,A
4337,851.0657821090083,2.0,A
4338,300.4221231212836,4.0,B
4339,662.6276404430482,2.0,A
4340,914.982315882799,1.0,A
4341,330.60832735501583,4.0,B
4342,360.5206118438496,4.0,B
4343,438.54994560829846,1.0,C
4344,692.1547803501314,1.0,A
4345,396.2039328053064,4.0,B
4346,358.2805731298964,2.0,C
4347,305.8230714556845,4.0,B
4348,216.34205179506327,2.0,D
4349,881.1803328542303,2.0,A
4350,503.318926930677,1.0,C
4351,651.9815557371672,4.0,B
4352,584.494574365731,4.0,B
4353,243.10649238855387,2.0,D
4354,403.60691236819,1.0,C
4355,66.65254883992179,4.0,B
4356,349.624892210299,1.0,C
4357,407.4935213386093,1.0,C
4358,983.4118105363266,4.0,B
4359,735.4317050019963,1.0,A
4360,548.9754755793043,2.0,C
4361,-15.65547533451911,1.0,D
4362,287.10426508724936,2.0,C
4363,223.17556920206343,2.0,D
4364,414.699741522931,1.0,C
4365,-212.14396316360975,4.0,B
4366,204.27664305279865,1.0,D
4367,137.4629059930145,2.0,D
4368,352.46856324753645,2.0,C
4369,35.79382910441376,2.0,D
4370,333.151175162361,2.0,C
4371,653.1689260827139,2.0,A
4372,-54.23837117244295,2.0,D
4373,367.6063826597226,2.0,C
4374,770.6114703962489,2.0,A
4375,546.5040449025439,1.0,C
4376,182.554952966887,4.0,B
4377,328.71627973514927,1.0,C
4378,655.4835568407418,1.0,A
4379,414.1011467144213,1.0,C
4380,658.3283469797295,2.0,A
4381,448.63478225467776,4.0,B
4382,356.12329359882096,2.0,C
4383,248.8442168455442,4.0,B
4384,219.89457083383584,1.0,D
4385,94.65829335207629,1.0,D
4386,35.297995009062845,2.0,D
4387,293.87557706895234,1.0,C
4388,569.0706739602024,2.0,C
4389,498.5658414027529,2.0,C
4390,176.53435526716558,4.0,B
4391,423.4241042963,4.0,B
4392,278.9840264257862,4.0,B
4393,294.593990152977,2.0,C
4394,546.0796304652089,1.0,C
4395,170.72502703503196,2.0,D
4396,-258.50703772027464,4.0,B
4397,1070.9846410139735,1.0,A
4398,124.50921163950244,4.0,B
4399,268.7248969316486,2.0,C
4400,553.2165561740529,4.0,B
4401,187.3683532387241,2.0,D
4402,424.9156629057864,4.0,B
4403,-228.74215822879103,4.0,B
4404,184.5994032028713,2.0,D
4405,147.6594354929288,2.0,D
4406,268.4590752053184,1.0,C
4407,480.4446356824653,2.0,C
4408,27.087271866595927,1.0,D
4409,247.794888584105,1.0,C
4410,-217.82628059263843,1.0,D
4411,163.81863858689604,2.0,D
4412,377.8031879508012,2.0,C
4413,608.933895662429,2.0,A
4414,130.6073760587231,2.0,D
4415,551.2613821274103,4.0,B
4416,249.90548852601896,4.0,B
4417,-8.465148069875681,1.0,D
4418,699.6583898025314,4.0,B
4419,402.8662323623424,2.0,C
4420,495.2145399281183,1.0,C
4421,435.6818395437567,2.0,C
4422,545.0610628957054,2.0,C
4423,659.6031331142399,1.0,A
4424,634.5876700679548,1.0,C
4425,677.7608148697826,2.0,A
4426,325.7017888640445,2.0,C
4427,-194.8087682649988,2.0,D
4428,803.243509307385,1.0,A
4429,326.7032948534211,1.0,C
4430,597.2017748613614,2.0,C
4431,336.8443309450899,2.0,C
4432,366.91522170400464,1.0,C
4433,753.1632061747671,2.0,A
4434,276.22599592756126,2.0,C
4435,239.32753184614896,1.0,C
4436,570.2192675937563,2.0,C
4437,183.0107893160552,4.0,B
4438,250.21174469544667,1.0,C
4439,-153.4456053492097,2.0,D
4440,495.8582099573789,2.0,C
4441,252.79224827856228,1.0,C
4442,96.30460615541637,1.0,D
4443,678.7432304650856,2.0,A
4444,16.66435461640259,2.0,D
4445,100.52070940189788,4.0,B
4446,499.4993261467697,4.0,B
4447,492.04666428368927,2.0,C
4448,536.0246480697775,2.0,C
4449,733.144728209883,2.0,A
4450,338.76507103137004,2.0,C
4451,875.847394265004,1.0,A
4452,582.4961461230041,1.0,C
4453,453.04231739948034,2.0,C
4454,743.3875841110582,2.0,A
4455,303.1381632163064,4.0,B
4456,-27.19720621654301,1.0,D
4457,149.91104116605956,1.0,D
4458,463.5928218941596,4.0,B
4459,160.0155490216498,2.0,D
4460,91.61059670171544,2.0,D
4461,-11.595472422869875,4.0,B
4462,529.5920168473189,1.0,C
4463,450.3783328596113,4.0,B
4464,419.7504482952728,1.0,C
4465,875.4672430304406,4.0,B
4466,313.59269833875067,1.0,C
4467,141.2614364741865,2.0,D
4468,1011.9183925319912,2.0,A
4469,93.4587628023388,1.0,D
4470,902.3046400512952,4.0,B
4471,785.8911835787195,4.0,B
4472,778.2953383521279,2.0,A
4473,245.81767974071963,4.0,B
4474,647.1870306950166,1.0,A
4475,20.59011141503663,1.0,D
4476,119.97735976846604,1.0,D
4477,316.7998207195388,1.0,C
4478,869.6108087374294,2.0,A
4479,411.1673128939362,2.0,C
4480,514.1404717375339,1.0,C
4481,-67.72239508454277,1.0,D
4482,580.5199722344478,4.0,B
4483,361.01169282955993,2.0,C
4484,-33.79072161407373,2.0,D
4485,56.22553184823892,4.0,B
4486,961.1037627687782,2.0,A
4487,519.9185247081591,4.0,B
4488,624.797511358633,4.0,B
4489,251.83009302994267,1.0,C
4490,496.58717612370265,1.0,C
4491,704.5745730580184,4.0,B
4492,260.95030170430243,1.0,C
4493,51.04595245641264,4.0,B
4494,440.2033008487103,4.0,B
4495,879.5045276064075,1.0,A
4496,290.04935138118816,2.0,C
4497,257.0758431265358,2.0,C
4498,420.7476609109508,2.0,C
4499,728.318002820768,2.0,A
4500,185.6531305655668,4.0,B
4501,703.7639151050279,2.0,A
4502,378.4930857024552,4.0,B
4503,618.6696501762426,4.0,B
4504,51.1493557392908,1.0,D
4505,289.73081672043844,2.0,C
4506,272.5138359426478,2.0,C
4507,598.5412757523584,4.0,B
4508,945.8436223916168,2.0,A
4509,499.1073362149175,1.0,C
4510,1019.9306099336166,4.0,B
4511,18.31554081641656,2.0,D
4512,560.1903527850288,4.0,B
4513,578.9952147698469,4.0,B
4514,116.23190715941324,2.0,D
4515,536.043678816953,2.0,C
4516,568.4213757512839,2.0,C
4517,621.8453497784101,2.0,A
4518,389.111003493548,4.0,B
4519,90.64726787268194,2.0,D
4520,347.4958220522124,2.0,C
4521,364.8949272118415,2.0,C
4522,555.4290968524307,1.0,C
4523,347.07154968380763,2.0,C
4524,989.938122750459,2.0,A
4525,798.8131241421551,1.0,A
4526,-118.06320644924584,1.0,D
4527,961.1582905859616,2.0,A
4528,701.2782028841854,1.0,A
4529,606.0518004066937,2.0,C
4530,769.6159772581971,2.0,A
4531,680.6055644746223,2.0,A
4532,407.0249599506028,1.0,C
4533,225.2407104709968,1.0,D
4534,876.8361020507543,4.0,B
4535,600.1285675901522,4.0,B
4536,716.226305410401,1.0,A
4537,569.7168757177643,4.0,B
4538,277.32473882297853,1.0,C
4539,87.70765156071337,2.0,D
4540,991.0070848232112,2.0,A
4541,407.5958949417817,4.0,B
4542,693.1387683697299,2.0,A
4543,258.77824836216416,4.0,B
4544,429.2836983724332,2.0,C
4545,-285.47374390134314,4.0,B
4546,492.7821720331153,2.0,C
4547,95.58728292063984,2.0,D
4548,539.4422806996788,4.0,B
4549,241.69665042515652,2.0,D
4550,162.78993195813075,1.0,D
4551,308.924056742765,2.0,C
4552,686.1152350914376,4.0,B
4553,159.76470626537267,2.0,D
4554,445.3352728140672,4.0,B
4555,575.7534531139839,4.0,B
4556,46.55675620244398,4.0,B
4557,572.4570852725822,4.0,B
4558,791.1116855974471,2.0,A
4559,112.83793465400788,2.0,D
4560,457.035299574898,2.0,C
4561,193.94265893334864,2.0,D
4562,470.5972010612736,1.0,C
4563,506.28523481389806,1.0,C
4564,-120.9587753518348,1.0,D
4565,1071.0810816459843,1.0,A
4566,626.9822170997815,1.0,C
4567,-28.702741817658875,1.0,D
4568,476.2715529962818,4.0,B
4569,541.3437572082995,2.0,C
4570,267.4909587906533,2.0,C
4571,368.2165971505737,1.0,C
4572,805.0978228348471,2.0,A
4573,811.0506789572141,1.0,A
4574,669.3599679559092,4.0,B
4575,242.3577803663254,2.0,D
4576,564.1698776498715,4.0,B
4577,693.4614086187762,4.0,B
4578,369.45688169052113,4.0,B
4579,913.4132714612977,2.0,A
4580,273.6706617587443,1.0,C
4581,1415.175010067078,1.0,A
4582,394.1928804976664,1.0,C
4583,694.8460377810163,1.0,A
4584,46.76167234453993,1.0,D
4585,274.846120510038,2.0,C
4586,345.9899337837976,2.0,C
4587,1082.5928619244896,2.0,A
4588,722.0291177308354,2.0,A
4589,233.0527234048594,2.0,D
4590,913.5666315443166,2.0,A
4591,90.92482318825188,4.0,B
4592,520.2230816107021,2.0,C
4593,838.5231039923704,2.0,A
4594,429.1416222113653,1.0,C
4595,744.6856521376465,2.0,A
4596,619.4123974874964,4.0,B
4597,164.75969168246365,4.0,B
4598,681.6517792002121,2.0,A
4599,-225.0423261720913,2.0,D
4600,283.7516500071557,2.0,C
4601,545.3020272485029,2.0,C
4602,223.1117467395747,2.0,D
4603,876.8487178972664,4.0,B
4604,383.18058547634143,2.0,C
4605,-11.308944539583024,4.0,B
4606,409.6897439512448,1.0,C
4607,59.27209366430361,2.0,D
4608,650.0398430270699,2.0,A
4609,755.4970936755831,2.0,A
4610,310.97312568039524,1.0,C
4611,646.190673942175,2.0,A
4612,546.450341926522,2.0,C
4613,1015.4693186501008,2.0,A
4614,375.3166391827946,2.0,C
4615,172.3452234560978,4.0,B
4616,256.9526997426086,1.0,C
4617,456.3388775906732,2.0,C
4618,407.5482669771136,2.0,C
4619,1110.1340587392672,4.0,A
4620,284.6978660798982,2.0,C
4621,619.5604197807655,4.0,B
4622,251.49653205953837,2.0,C
4623,359.7156779343015,4.0,B
4624,495.3765227381705,1.0,C
4625,303.9654059835209,2.0,C
4626,-149.54768248159257,4.0,B
4627,65.04214523438401,2.0,D
4628,531.2933536994223,1.0,C
4629,789.6977410777861,2.0,A
4630,758.8235603674228,4.0,B
4631,557.8053337680988,4.0,B
4632,584.4578020404408,2.0,C
4633,989.4645774178696,1.0,A
4634,-217.590801742415,2.0,D
4635,122.91848532895494,4.0,B
4636,166.73861984248265,2.0,D
4637,476.0855864001273,2.0,C
4638,439.9733766610888,2.0,C
4639,-96.48890350258682,2.0,D
4640,61.14524392618517,2.0,D
4641,-227.51663194697085,4.0,B
4642,811.7626742488314,1.0,A
4643,-33.23516174288318,4.0,B
4644,241.76396847741492,2.0,D
4645,599.1086522283256,2.0,C
4646,364.88697006671487,4.0,B
4647,999.200057566206,1.0,A
4648,702.452257525351,4.0,B
4649,369.1615310172901,2.0,C
4650,-59.89977759047736,4.0,B
4651,-140.06835926115946,1.0,D
4652,316.4439191266573,1.0,C
4653,880.7217055674765,2.0,A
4654,668.5797421245777,2.0,A
4655,672.4621758548963,2.0,A
4656,705.5561529223778,4.0,B
4657,117.2415249072754,4.0,B
4658,-78.74461688421195,2.0,D
4659,182.63157724493385,4.0,B
4660,736.5120428127557,4.0,B
4661,559.0373396722167,4.0,B
4662,46.88890752383867,2.0,D
4663,187.9183255690525,2.0,D
4664,-95.80369823491526,4.0,B
4665,717.1427785344163,4.0,B
4666,224.761780475061,2.0,D
4667,384.0253521490527,2.0,C
4668,40.63582416387385,1.0,D
4669,709.526187862233,2.0,A
4670,365.89035457476746,1.0,C
4671,189.7410925633016,2.0,D
4672,356.2183644979922,4.0,B
4673,35.273018359892546,4.0,B
4674,318.69836747632144,1.0,C
4675,68.87664841088935,2.0,D
4676,113.30566788291829,4.0,B
4677,511.21592182170144,2.0,C
4678,140.77020639959233,2.0,D
4679,455.8050530892904,1.0,C
4680,719.3167787993052,2.0,A
4681,40.34848921225273,2.0,D
4682,154.65527536036709,2.0,D
4683,356.08363623923987,4.0,B
4684,380.8662410848541,4.0,B
4685,69.84975375032496,1.0,D
4686,257.36089910225144,2.0,C
4687,596.7159767313096,2.0,C
4688,174.24144027675095,2.0,D
4689,313.59219069426433,1.0,C
4690,947.133081287232,2.0,A
4691,152.1884015030301,1.0,D
4692,641.3706455637056,1.0,A
4693,482.27077118100266,2.0,C
4694,976.7101163018192,2.0,A
4695,-22.77742862672284,4.0,B
4696,30.559919806488608,2.0,D
4697,351.79384373646513,4.0,B
4698,212.26395727207392,4.0,B
4699,412.8320190206573,4.0,B
4700,591.1362676780166,2.0,C
4701,123.67135553064968,1.0,D
4702,344.4399442352768,4.0,B
4703,309.3542651258642,1.0,C
4704,254.6979221278752,2.0,C
4705,179.740575088662,2.0,D
4706,1095.110712698625,4.0,A
4707,113.11394654798328,2.0,D
4708,312.46224396434434,4.0,B
4709,709.7915580125648,4.0,B
4710,794.6376274026798,1.0,A
4711,747.8820916241177,2.0,A
4712,658.9093818899046,4.0,B
4713,613.2538755067637,2.0,A
4714,396.5191639302505,2.0,C
4715,356.11513163755166,1.0,C
4716,635.6343807796522,1.0,C
4717,621.321509821087,2.0,A
4718,488.2485058946708,4.0,B
4719,-78.49635054939228,2.0,D
4720,282.8010404886096,2.0,C
4721,624.1355068574806,1.0,C
4722,264.73720774239723,1.0,C
4723,-196.0662725605755,2.0,D
4724,176.94729665294778,2.0,D
4725,539.1635970203882,1.0,C
4726,523.8295290325023,4.0,B
4727,-143.64823474183538,2.0,D
4728,625.1995602313448,2.0,A
4729,412.09243556259895,1.0,C
4730,514.3834029758182,2.0,C
4731,975.8982103959894,2.0,A
4732,376.2059269000241,4.0,B
4733,410.6075226446317,4.0,B
4734,785.0703341774813,1.0,A
4735,238.88026368947988,2.0,D
4736,377.8263732474447,2.0,C
4737,550.171941513347,1.0,C
4738,424.9017777807388,4.0,B
4739,795.3946971674084,1.0,A
4740,515.6984023463644,2.0,C
4741,-350.1276327311367,2.0,D
4742,476.94872625778777,2.0,C
4743,340.4615960680348,1.0,C
4744,133.5197733915466,1.0,D
4745,430.59435769872937,4.0,B
4746,318.5352078815112,4.0,B
4747,510.9649999719937,2.0,C
4748,387.1054159878327,2.0,C
4749,681.3429390101302,2.0,A
4750,544.0378500939086,2.0,C
4751,461.51796767154497,1.0,C
4752,505.6313482902575,4.0,B
4753,39.76462662159497,2.0,D
4754,397.9779829783655,2.0,C
4755,564.6637536424118,1.0,C
4756,170.7884034238303,2.0,D
4757,529.2982198214672,4.0,B
4758,673.4414372637423,1.0,A
4759,226.91812388019903,2.0,D
4760,664.894869990806,1.0,A
4761,186.70530994276032,2.0,D
4762,767.7975629062325,2.0,A
4763,528.0565067653324,2.0,C
4764,838.2371637588644,4.0,B
4765,933.887281348772,2.0,A
4766,114.00524646708392,2.0,D
4767,411.4522499534311,2.0,C
4768,470.70662342874897,2.0,C
4769,298.0730371310341,4.0,B
4770,64.3152317514203,2.0,D
4771,312.081753840783,1.0,C
4772,1106.7165267880837,4.0,A
4773,227.71043010248252,1.0,D
4774,622.9768622981728,2.0,A
4775,150.090126571679,1.0,D
4776,573.1382068261709,1.0,C
4777,866.7598226383545,2.0,A
4778,105.10372721129733,1.0,D
4779,490.8263897456695,4.0,B
4780,398.8567036019467,2.0,C
4781,307.6501253433776,4.0,B
4782,761.7428130351758,2.0,A
4783,231.6087125590105,2.0,D
4784,529.5924824083459,4.0,B
4785,144.39553454966676,4.0,B
4786,707.7985214635773,2.0,A
4787,187.81842989079564,1.0,D
4788,28.58386161893651,1.0,D
4789,91.89036621028458,2.0,D
4790,608.429575336774,2.0,A
4791,590.7610782521457,2.0,C
4792,562.2347983502506,4.0,B
4793,471.157644092298,2.0,C
4794,202.07432928091,1.0,D
4795,448.6426873832394,2.0,C
4796,227.0413923032771,1.0,D
4797,309.99451632833984,2.0,C
4798,598.9119017479795,2.0,C
4799,660.1160927121934,4.0,B
4800,675.5948374162854,1.0,A
4801,-436.36083282631546,1.0,D
4802,132.956137941103,1.0,D
4803,77.07520625533493,2.0,D
4804,9.873943854424397,2.0,D
4805,475.9140066269643,1.0,C
4806,553.9201146079552,1.0,C
4807,401.4494940771893,2.0,C
4808,620.8840136169235,4.0,B
4809,609.471285257598,2.0,A
4810,494.4497422397834,4.0,B
4811,261.98960943290746,2.0,C
4812,834.2480478247237,2.0,A
4813,322.17661392518943,2.0,C
4814,297.92266828742464,2.0,C
4815,93.1784487336734,2.0,D
4816,176.13107645316316,2.0,D
4817,484.357399296023,1.0,C
4818,-88.16256686304172,2.0,D
4819,472.36550757378456,2.0,C
4820,414.4610420741752,1.0,C
4821,401.5671879517815,2.0,C
4822,574.2401385768553,1.0,C
4823,836.583023499936,4.0,B
4824,371.45106753063135,2.0,C
4825,569.223842852791,2.0,C
4826,112.84201613956094,4.0,B
4827,408.775611214289,2.0,C
4828,800.4949494003599,2.0,A
4829,128.07301567114064,4.0,B
4830,206.3027350144179,2.0,D
4831,681.5325992298249,2.0,A
4832,809.719965890811,2.0,A
4833,477.7851473856227,4.0,B
4834,473.01428715958656,4.0,B
4835,721.6016470468879,1.0,A
4836,689.415992568493,1.0,A
4837,1336.600513312963,1.0,A
4838,182.8751591574341,1.0,D
4839,451.0306844458263,1.0,C
4840,711.6320902930365,4.0,B
4841,-108.7301000171696,4.0,B
4842,364.5231424434914,4.0,B
4843,374.8545427000429,1.0,C
4844,546.8622161588123,2.0,C
4845,431.4934927678039,2.0,C
4846,518.0133438659738,1.0,C
4847,829.7923900862858,2.0,A
4848,41.94398232696341,2.0,D
4849,603.2319841342594,4.0,B
4850,1005.4661653564503,2.0,A
4851,943.5050269113532,4.0,B
4852,473.1374456521336,4.0,B
4853,467.2291470335664,1.0,C
4854,-166.1023432030471,4.0,B
4855,929.0684686252677,1.0,A
4856,429.86309364787695,2.0,C
4857,509.7517758710954,2.0,C
4858,395.2978408837699,2.0,C
4859,371.118526826439,2.0,C
4860,416.9488007992973,2.0,C
4861,-249.57621611710147,1.0,D
4862,43.53975934352826,4.0,B
4863,285.7640513941917,4.0,B
4864,707.4966951384132,1.0,A
4865,271.06259872869407,4.0,B
4866,104.13332087115248,4.0,B
4867,-93.1664231575234,2.0,D
4868,-171.23347024579425,1.0,D
4869,-74.37501180520957,1.0,D
4870,358.5548594100286,2.0,C
4871,-511.1341140986011,2.0,D
4872,564.4260985193882,2.0,C
4873,519.8521031697513,2.0,C
4874,411.9202298293768,1.0,C
4875,-262.5619763009013,2.0,D
4876,229.73230013316464,2.0,D
4877,515.1995666953617,1.0,C
4878,902.4601137260086,2.0,A
4879,326.41644606693154,2.0,C
4880,473.3847531890526,2.0,C
4881,93.88133871334573,2.0,D
4882,471.1213694170313,1.0,C
4883,322.3762537590264,2.0,C
4884,103.65062762216212,2.0,D
4885,478.0494499882102,1.0,C
4886,-10.835119740527093,4.0,B
4887,586.8024081154609,1.0,C
4888,-114.5887481679356,2.0,D
4889,199.21939516670648,2.0,D
4890,354.20684936863603,2.0,C
4891,268.62026636008386,1.0,C
4892,297.69983421996704,2.0,C
4893,865.0516894750444,4.0,B
4894,358.45948920047385,1.0,C
4895,203.91767661050804,1.0,D
4896,653.0890954712603,2.0,A
4897,612.3750839021824,4.0,B
4898,14.96492463386818,1.0,D
4899,675.7020452174575,1.0,A
4900,613.2062896721748,4.0,B
4901,402.9944564532739,2.0,C
4902,796.8911402451695,2.0,A
4903,426.2485126661279,4.0,B
4904,766.2967259097493,4.0,B
4905,99.4118817689722,2.0,D
4906,322.3324528620943,4.0,B
4907,717.7656632315495,1.0,A
4908,59.22709819447351,2.0,D
4909,448.7462272586717,2.0,C
4910,1204.8792597577544,4.0,A
4911,157.7165965138224,1.0,D
4912,192.86186054454285,4.0,B
4913,629.583474245852,4.0,B
4914,-106.76017478774077,4.0,B
4915,173.2251234048062,1.0,D
4916,653.2900318360057,2.0,A
4917,1150.3889455861722,4.0,A
4918,265.20148288282,1.0,C
4919,587.2970779259751,2.0,C
4920,784.8085843103038,1.0,A
4921,513.5047308476115,1.0,C
4922,1039.7142403036112,4.0,B
4923,423.5755416211478,1.0,C
4924,352.0645657749596,2.0,C
4925,60.98683300574481,1.0,D
4926,568.8667058639286,1.0,C
4927,282.8618540824277,2.0,C
4928,13.382562782810735,2.0,D
4929,590.028616286233,2.0,C
4930,384.64375250660817,4.0,B
4931,408.0394356557489,1.0,C
4932,614.3999552898031,2.0,A
4933,182.3470910965345,1.0,D
4934,542.2575210243831,1.0,C
4935,407.6198289986602,2.0,C
4936,281.3010588658564,2.0,C
4937,-124.9296556885688,1.0,D
4938,24.35201901200338,1.0,D
4939,939.9209063419516,4.0,B
4940,499.97618431338464,4.0,B
4941,217.71742397569253,1.0,D
4942,202.18056507333847,2.0,D
4943,513.7191168932607,4.0,B
4944,57.77897493853226,4.0,B
4945,890.7629472316655,2.0,A
4946,63.90585853510015,2.0,D
4947,723.1019906458994,2.0,A
4948,486.1659130803079,2.0,C
4949,64.90082550090068,1.0,D
4950,360.299814927987,4.0,B
4951,370.1981783744908,2.0,C
4952,424.2467050571771,2.0,C
4953,-46.438664298053766,1.0,D
4954,609.4313083278098,2.0,A
4955,285.0324354780002,2.0,C
4956,412.25258210374375,1.0,C
4957,598.3681079163337,1.0,C
4958,830.3099706852963,2.0,A
4959,493.04533156025246,2.0,C
4960,908.6128890293857,1.0,A
4961,62.33028852334826,1.0,D
4962,660.6923395448415,1.0,A
4963,576.4195111032784,2.0,C
4964,424.2377137791638,1.0,C
4965,907.428017568165,2.0,A
4966,437.80479613019855,1.0,C
4967,131.3810939937199,2.0,D
4968,456.49977618846657,2.0,C
4969,513.1230420547623,4.0,B
4970,451.289666957313,1.0,C
4971,805.3486609634247,4.0,B
4972,607.9520799980396,1.0,C
4973,794.4245145766225,2.0,A
4974,571.0045453623222,1.0,C
4975,764.262664345882,1.0,A
4976,429.697025463745,1.0,C
4977,1322.699813154086,4.0,A
4978,218.0185862284841,2.0,D
4979,441.5395945565627,1.0,C
4980,143.91991370019855,2.0,D
4981,1264.045018139004,4.0,A
4982,197.2070650402892,2.0,D
4983,-144.72463790040547,1.0,D
4984,-115.40562730724662,1.0,D
4985,20.74350527838078,1.0,D
4986,-126.81302082962644,2.0,D
4987,423.5350404943295,1.0,C
4988,219.7474607468875,2.0,D
4989,320.1172666827008,4.0,B
4990,359.7103067715346,4.0,B
4991,-97.81102590361866,2.0,D
4992,663.0401403791711,4.0,B
4993,724.7239741632081,2.0,A
4994,279.06490935529405,2.0,C
4995,730.8281539010393,2.0,A
4996,268.61964778162746,2.0,C
4997,857.1333396193098,2.0,A
4998,175.87235528336964,2.0,D
4999,255.9137615471692,1.0,C
5000,110.36931025676762,4.0,B
5001,569.0282276729184,2.0,C
5002,668.3585421349326,1.0,A
5003,344.5083891084897,4.0,B
5004,358.3783877678634,1.0,C
5005,123.53014575056488,2.0,D
5006,833.2312471330204,4.0,B
5007,567.2209026967009,4.0,B
5008,601.8343735581201,2.0,C
5009,939.8437937774808,2.0,A
5010,605.5503361276883,2.0,C
5011,69.98317444570426,2.0,D
5012,386.062291184132,4.0,B
5013,418.98291084871903,4.0,B
5014,487.213132799124,2.0,C
5015,22.154951553084743,1.0,D
5016,123.47695754704608,2.0,D
5017,592.6981970122647,1.0,C
5018,847.1229373723978,2.0,A
5019,145.64635373881882,2.0,D
5020,332.65415293769,2.0,C
5021,450.5305003629044,1.0,C
5022,251.68385865937256,1.0,C
5023,103.30968766459148,1.0,D
5024,670.3577930573656,1.0,A
5025,698.2880142305596,4.0,B
5026,625.8206721448163,2.0,A
5027,121.07480666796164,4.0,B
5028,-36.059741277320654,2.0,D
5029,35.01251747881605,2.0,D
5030,110.66227537243545,2.0,D
5031,904.730029620629,2.0,A
5032,1.8932253104064216,2.0,D
5033,343.71687586696646,2.0,C
5034,1251.0556400781556,2.0,A
5035,415.6412345976643,1.0,C
5036,248.57336134862032,2.0,C
5037,460.66651062487136,1.0,C
5038,189.0277208905556,2.0,D
5039,445.0494296975132,4.0,B
5040,943.2400174605272,1.0,A
5041,222.7044733103682,2.0,D
5042,212.18609541167515,2.0,D
5043,118.22885660440284,2.0,D
5044,322.8832902050683,1.0,C
5045,160.8707793577736,4.0,B
5046,-24.7486298940708,2.0,D
5047,323.12076837982056,2.0,C
5048,555.8997659418555,4.0,B
5049,312.20724846140126,4.0,B
5050,617.7397198787028,4.0,B
5051,290.41077223784043,1.0,C
5052,592.3953698563962,1.0,C
5053,321.7831880529349,2.0,C
5054,567.1289544392259,1.0,C
5055,227.20416838943936,2.0,D
5056,371.497996928522,1.0,C
5057,952.4821919985336,4.0,B
5058,943.2850413361446,2.0,A
5059,625.9007213886682,2.0,A
5060,490.37518324634016,4.0,B
5061,-227.51908216362392,4.0,B
5062,540.0776421887638,2.0,C
5063,298.4946961847726,2.0,C
5064,344.88825128099694,2.0,C
5065,95.87153886106842,2.0,D
5066,810.9559999936089,1.0,A
5067,275.3570930476032,1.0,C
5068,-127.33161966189596,4.0,B
5069,113.729298617189,4.0,B
5070,-112.9990208855254,2.0,D
5071,207.9096039516769,2.0,D
5072,952.781493537722,2.0,A
5073,617.1809969655662,2.0,A
5074,41.66976074914817,2.0,D
5075,345.75455684464725,1.0,C
5076,427.03094161934587,1.0,C
5077,25.59006444325098,1.0,D
5078,448.7026554324572,2.0,C
5079,492.6257925442292,1.0,C
5080,482.55507422548993,2.0,C
5081,14.162959451244603,2.0,D
5082,357.19422441602046,2.0,C
5083,514.7501814693735,4.0,B
5084,674.9625828390131,1.0,A
5085,561.650847726893,2.0,C
5086,524.8041905484514,2.0,C
5087,254.73636676372956,4.0,B
5088,401.5406416966673,1.0,C
5089,141.23656673986528,2.0,D
5090,390.31566465246095,4.0,B
5091,675.6641016379019,2.0,A
5092,-54.74169280394756,2.0,D
5093,476.3845399638896,1.0,C
5094,-96.3502085489659,1.0,D
5095,296.0338322724319,1.0,C
5096,15.35626240314872,1.0,D
5097,698.2771496886833,2.0,A
5098,429.09840317086,4.0,B
5099,212.49076541439197,2.0,D
5100,298.3481702971509,1.0,C
5101,262.36891652830974,1.0,C
5102,938.6019800782356,1.0,A
5103,609.2274668979434,2.0,A
5104,347.6539270669288,2.0,C
5105,-4.869360761328437,1.0,D
5106,613.6597134336098,1.0,C
5107,1079.132583339937,2.0,A
5108,347.2726153325913,2.0,C
5109,193.2214011817408,4.0,B
5110,385.7247948887724,4.0,B
5111,277.32109675322585,1.0,C
5112,354.129576223802,4.0,B
5113,907.6630023128588,2.0,A
5114,1122.0864763440632,2.0,A
5115,910.8736258252338,2.0,A
5116,-88.76134249001063,2.0,D
5117,202.36255528180627,1.0,D
5118,885.1195790165243,2.0,A
5119,55.74056241180551,4.0,B
5120,-6.487735540811457,2.0,D
5121,972.2971032456898,4.0,B
5122,498.454454874213,2.0,C
5123,658.356698482278,1.0,A
5124,213.81320684823788,4.0,B
5125,88.60209464160624,2.0,D
5126,292.1278177872408,2.0,C
5127,237.70207778613255,1.0,C
5128,518.0340220406318,2.0,C
5129,709.8623681693145,4.0,B
5130,423.6559472252295,2.0,C
5131,331.1230623263839,4.0,B
5132,-112.53294954922852,4.0,B
5133,255.37555301750564,1.0,C
5134,118.6747006837914,4.0,B
5135,167.88255285536673,1.0,D
5136,633.7722387587811,1.0,C
5137,516.4365073107731,2.0,C
5138,798.4568673969627,1.0,A
5139,163.29811350524022,2.0,D
5140,-153.57943539945666,2.0,D
5141,-361.7457963558793,1.0,D
5142,565.5371717459645,2.0,C
5143,515.3777244901469,4.0,B
5144,391.6156837530226,2.0,C
5145,113.22413243390248,4.0,B
5146,257.94595841672066,1.0,C
5147,509.9036585610436,2.0,C
5148,161.66630413117278,2.0,D
5149,140.93059969645452,2.0,D
5150,345.62221980010827,4.0,B
5151,471.88226991145785,2.0,C
5152,-209.22340769224843,2.0,D
5153,361.0133418574027,2.0,C
5154,-79.63785306556304,1.0,D
5155,355.4563840818807,4.0,B
5156,404.08221584888713,2.0,C
5157,1321.946598662088,1.0,A
5158,472.20488029515707,4.0,B
5159,350.94324187337924,2.0,C
5160,488.7817445138652,2.0,C
5161,-295.73308720364525,1.0,D
5162,480.7114411907564,2.0,C
5163,652.8679667368343,4.0,B
5164,642.3733335330625,1.0,A
5165,658.3746186257987,2.0,A
5166,-285.34667628126067,4.0,B
5167,476.1929072326707,2.0,C
5168,69.18381113303815,4.0,B
5169,16.496242404092186,2.0,D
5170,373.2058670759829,2.0,C
5171,167.57424014199185,2.0,D
5172,548.1715239500043,4.0,B
5173,-159.4066837957207,2.0,D
5174,6.447293226487602,4.0,B
5175,341.6603816137922,2.0,C
5176,412.6413762106765,4.0,B
5177,520.1270084958636,4.0,B
5178,369.766366877441,2.0,C
5179,163.4305483439165,2.0,D
5180,883.7250629729367,1.0,A
5181,120.76125227904372,4.0,B
5182,257.79961692939185,1.0,C
5183,504.2504119994508,1.0,C
5184,760.271113806019,2.0,A
5185,56.478072974745714,2.0,D
5186,627.9017254993129,4.0,B
5187,650.2003166277577,4.0,B
5188,589.1408903130359,2.0,C
5189,478.9940799596728,2.0,C
5190,139.31626255754475,2.0,D
5191,-38.08530592130319,2.0,D
5192,189.57468392030617,1.0,D
5193,42.26924880192144,2.0,D
5194,428.4936882825899,2.0,C
5195,473.4146147290413,2.0,C
5196,588.9390013974033,1.0,C
5197,394.441878972404,4.0,B
5198,892.4936353315458,2.0,A
5199,-24.77520605300253,2.0,D
5200,153.83610337167073,2.0,D
5201,186.2115993074018,2.0,D
5202,532.2922270343157,1.0,C
5203,285.5254862722676,2.0,C
5204,-330.39914602138685,1.0,D
5205,707.8965697984826,2.0,A
5206,400.74636053557873,2.0,C
5207,932.0540324391136,4.0,B
5208,581.783424275116,4.0,B
5209,-60.58339261221761,2.0,D
5210,641.9116781532101,1.0,A
5211,860.1118950367407,1.0,A
5212,243.30280731639152,2.0,D
5213,513.2301541972412,2.0,C
5214,-111.70721106707384,2.0,D
5215,105.42576884157086,4.0,B
5216,450.0839083387238,4.0,B
5217,332.785251129478,4.0,B
5218,-346.8828011641991,1.0,D
5219,185.0570204741692,2.0,D
5220,735.6786193840265,1.0,A
5221,532.1575566094025,1.0,C
5222,139.15357887502438,2.0,D
5223,448.39390749967487,4.0,B
5224,547.865806200678,2.0,C
5225,1031.0935872220532,1.0,A
5226,483.4015747947386,2.0,C
5227,-195.3485322187688,2.0,D
5228,189.9153178054876,1.0,D
5229,-139.64233710813926,2.0,D
5230,418.3420531680296,1.0,C
5231,83.23171313986836,4.0,B
5232,242.94675817108373,4.0,B
5233,-141.80511741812506,1.0,D
5234,353.3473870650972,2.0,C
5235,524.202315581542,2.0,C
5236,530.4839721178647,2.0,C
5237,440.7810750423944,1.0,C
5238,713.5950700297758,2.0,A
5239,-281.3697821349982,2.0,D
5240,651.759844227758,2.0,A
5241,170.20987207808756,2.0,D
5242,437.9134317077813,2.0,C
5243,168.9741492517472,1.0,D
5244,373.2562939953999,1.0,C
5245,242.0147547411805,4.0,B
5246,224.9114694124244,1.0,D
5247,473.1644848677928,1.0,C
5248,407.5561810249399,1.0,C
5249,661.252251780741,2.0,A
5250,653.7977607689213,4.0,B
5251,362.0501201102505,4.0,B
5252,590.951644958857,1.0,C
5253,-56.37895633323666,4.0,B
5254,307.772623155917,2.0,C
5255,-245.65461378713587,2.0,D
5256,83.66775916511136,2.0,D
5257,457.432696375794,1.0,C
5258,357.164249183872,1.0,C
5259,314.2368167356352,2.0,C
5260,482.70605685861744,2.0,C
5261,767.0678591549357,1.0,A
5262,1074.8228829053774,1.0,A
5263,660.9595152774386,4.0,B
5264,712.3170995651415,2.0,A
5265,915.5600689820652,1.0,A
5266,543.2313855532187,2.0,C
5267,842.7724147464862,2.0,A
5268,146.5203106459708,1.0,D
5269,660.0219247547083,1.0,A
5270,107.56810558138972,1.0,D
5271,503.4416059463922,2.0,C
5272,437.8530673922355,2.0,C
5273,43.01766473426602,2.0,D
5274,-125.53918084929512,2.0,D
5275,93.58812218116792,1.0,D
5276,362.7117201612739,1.0,C
5277,115.17493612227048,2.0,D
5278,649.0752543722728,1.0,A
5279,253.21085127048207,2.0,C
5280,-274.3724862857528,4.0,B
5281,36.30158229085316,2.0,D
5282,-203.29533386774244,2.0,D
5283,566.4951788312895,1.0,C
5284,1038.3454998201594,2.0,A
5285,624.0309153462058,1.0,C
5286,766.8041675047994,1.0,A
5287,278.6797889815348,1.0,C
5288,-144.55447578393444,2.0,D
5289,760.7541471409409,2.0,A
5290,153.1882329495989,2.0,D
5291,670.9992845110107,2.0,A
5292,51.35103523081523,4.0,B
5293,61.18536426310499,4.0,B
5294,-25.47704414050844,2.0,D
5295,611.7907580640253,2.0,A
5296,223.62006291795976,4.0,B
5297,781.5831955355852,2.0,A
5298,468.3244615380772,2.0,C
5299,483.2716906773909,2.0,C
5300,608.3264551601577,4.0,B
5301,-67.36106868109505,1.0,D
5302,-149.944804046258,2.0,D
5303,357.0136900029457,1.0,C
5304,639.5636204760792,2.0,A
5305,511.06244157984287,1.0,C
5306,644.9238210799465,4.0,B
5307,962.6279850930658,2.0,A
5308,152.5663927237422,4.0,B
5309,716.0422079780907,4.0,B
5310,413.60224825068434,2.0,C
5311,186.02325518392425,2.0,D
5312,425.4336980147291,1.0,C
5313,820.1195770986726,2.0,A
5314,682.9706506951679,2.0,A
5315,768.2790180622683,2.0,A
5316,52.46755527519372,2.0,D
5317,524.3122193759459,2.0,C
5318,-305.16153833344754,1.0,D
5319,393.5843362427032,1.0,C
5320,201.82790817415267,2.0,D
5321,466.38821475071353,4.0,B
5322,449.5184104840273,1.0,C
5323,62.56359155503839,4.0,B
5324,633.0062588125081,1.0,C
5325,556.2317407654605,2.0,C
5326,531.364518157284,1.0,C
5327,510.8303724540284,2.0,C
5328,-72.34348958128521,2.0,D
5329,625.9672854923028,4.0,B
5330,772.0748809893648,2.0,A
5331,527.3984311570786,4.0,B
5332,507.6371252549346,4.0,B
5333,228.1131807037549,2.0,D
5334,203.9710586708326,4.0,B
5335,963.1964539647034,2.0,A
5336,0.1399226433512694,1.0,D
5337,634.2170149906913,2.0,A
5338,161.49574845176687,2.0,D
5339,733.0230705466378,4.0,B
5340,176.17548855355147,2.0,D
5341,363.56173194152296,2.0,C
5342,830.2736657029102,1.0,A
5343,435.0026785680681,2.0,C
5344,160.78754173785413,2.0,D
5345,-0.7134754971721122,2.0,D
5346,311.7221217808767,2.0,C
5347,781.0808388357048,4.0,B
5348,-112.05627810673673,2.0,D
5349,961.7266517937492,4.0,B
5350,686.3529225091777,2.0,A
5351,285.1888583167566,1.0,C
5352,880.8051337530692,2.0,A
5353,702.7834472103923,1.0,A
5354,716.1324941067394,2.0,A
5355,158.9829913332516,2.0,D
5356,466.6591615441359,4.0,B
5357,147.31160307783733,4.0,B
5358,428.2803976804347,2.0,C
5359,78.50734822654175,2.0,D
5360,224.3658386309912,2.0,D
5361,488.4169436421333,4.0,B
5362,694.8302186475742,2.0,A
5363,204.1494272868547,2.0,D
5364,485.99889232660695,2.0,C
5365,733.645372472392,2.0,A
5366,344.61239978961686,2.0,C
5367,365.15588251435815,4.0,B
5368,273.2910189579732,4.0,B
5369,-396.0095370132111,2.0,D
5370,787.2548083303388,1.0,A
5371,742.0651285808989,1.0,A
5372,271.6308383231988,2.0,C
5373,720.4581258338314,2.0,A
5374,351.8176595081736,2.0,C
5375,992.1220854233018,2.0,A
5376,260.8860646293866,2.0,C
5377,390.1242832233282,2.0,C
5378,589.1613081523057,1.0,C
5379,353.88098624067004,2.0,C
5380,217.04529806428235,2.0,D
5381,396.98880922666814,2.0,C
5382,418.1304093853714,2.0,C
5383,227.65097995868493,2.0,D
5384,398.09261468720086,4.0,B
5385,386.0203839979028,2.0,C
5386,333.70821285027137,2.0,C
5387,945.512444577053,2.0,A
5388,557.8452813843653,4.0,B
5389,591.885897832447,2.0,C
5390,371.3928531583313,2.0,C
5391,893.1426635710416,1.0,A
5392,262.2017579343757,2.0,C
5393,361.45041165610405,2.0,C
5394,291.0272918486779,1.0,C
5395,658.838798753985,2.0,A
5396,67.38261759159423,1.0,D
5397,35.52566783177787,2.0,D
5398,369.7271124646896,4.0,B
5399,141.6735803428054,4.0,B
5400,29.91295511753293,2.0,D
5401,713.2928283488943,2.0,A
5402,408.4151884839351,2.0,C
5403,268.2808180901772,1.0,C
5404,689.0280726823369,2.0,A
5405,184.2367023583812,2.0,D
5406,470.726762549913,4.0,B
5407,636.0424094413036,2.0,A
5408,244.6689568395519,1.0,C
5409,518.4024209859507,2.0,C
5410,748.2451200352991,1.0,A
5411,729.522183724988,4.0,B
5412,479.0407630287691,2.0,C
5413,301.79822112464547,1.0,C
5414,920.7812596610204,2.0,A
5415,-90.48511215933718,2.0,D
5416,979.2195052712528,1.0,A
5417,359.00317904426896,4.0,B
5418,216.04532993592017,2.0,D
5419,-51.885711097981016,2.0,D
5420,211.06917142949484,2.0,D
5421,546.4771970295203,1.0,C
5422,204.95498438029307,4.0,B
5423,785.5239227182708,2.0,A
5424,-87.04734802199926,4.0,B
5425,191.446742388753,2.0,D
5426,456.1769955015581,1.0,C
5427,119.69980265059364,2.0,D
5428,1189.1968612470582,2.0,A
5429,611.3606901580783,4.0,B
5430,140.9750268817836,4.0,B
5431,603.1566794669307,1.0,C
5432,513.2538684500596,4.0,B
5433,637.6790944856072,1.0,C
5434,534.4166093378066,1.0,C
5435,202.1792682878354,4.0,B
5436,722.4224484364636,4.0,B
5437,-184.8976058153073,1.0,D
5438,598.7463858548668,2.0,C
5439,87.00455903828725,1.0,D
5440,722.8074203229221,1.0,A
5441,852.7055868841737,4.0,B
5442,622.564869747015,2.0,A
5443,466.3246888359925,2.0,C
5444,517.8229912005013,1.0,C
5445,184.8957338706877,1.0,D
5446,809.7392610848599,2.0,A
5447,218.6476457295782,4.0,B
5448,511.9796432126466,4.0,B
5449,535.7379840229148,2.0,C
5450,-265.4412194661778,1.0,D
5451,141.11018025893543,4.0,B
5452,-252.08365756984267,2.0,D
5453,585.7636536587618,2.0,C
5454,833.8627406887588,4.0,B
5455,401.8295970113657,4.0,B
5456,123.94071936878709,2.0,D
5457,801.9441785402732,4.0,B
5458,766.2241986899213,2.0,A
5459,612.6799915830677,4.0,B
5460,532.5173273311451,1.0,C
5461,582.8121935910352,1.0,C
5462,422.2336629868738,2.0,C
5463,184.19871767425732,1.0,D
5464,732.9535868132477,4.0,B
5465,238.6148650864184,1.0,C
5466,743.411153645837,2.0,A
5467,432.8916332441832,4.0,B
5468,183.7167740374659,4.0,B
5469,-34.53984615981136,4.0,B
5470,358.822617989198,4.0,B
5471,718.2818966289069,4.0,B
5472,371.7437094429053,2.0,C
5473,388.6021171571377,1.0,C
5474,628.7112773953121,2.0,A
5475,178.9046368549949,2.0,D
5476,-430.93614194915233,1.0,D
5477,172.2850475101543,2.0,D
5478,750.3616213847155,4.0,B
5479,348.1766858493491,1.0,C
5480,764.312872890757,1.0,A
5481,131.41113232171904,2.0,D
5482,275.7844739890793,1.0,C
5483,704.4382470926621,2.0,A
5484,220.3216013898712,2.0,D
5485,639.8872265089971,2.0,A
5486,316.72835424814446,2.0,C
5487,559.2542071919113,1.0,C
5488,929.8119121625624,4.0,B
5489,559.1488815928636,2.0,C
5490,743.4758722239417,2.0,A
5491,565.4521248343881,2.0,C
5492,474.2943899709155,2.0,C
5493,538.4192256244403,1.0,C
5494,585.8241833135226,1.0,C
5495,159.78840432112415,4.0,B
5496,-36.62763351005253,2.0,D
5497,-79.91311037223767,1.0,D
5498,161.9979727151613,1.0,D
5499,384.4775351391506,4.0,B
5500,845.4215938116133,1.0,A
5501,395.11403857676,2.0,C
5502,387.5745567183179,2.0,C
5503,276.9962495314441,2.0,C
5504,547.8727123638262,4.0,B
5505,372.5991006412274,4.0,B
5506,230.30579142240944,4.0,B
5507,503.6926437028335,1.0,C
5508,295.3177799691463,2.0,C
5509,-67.60944974864498,4.0,B
5510,839.1645776676996,2.0,A
5511,-61.710644806748576,1.0,D
5512,194.83118398707003,2.0,D
5513,364.69691227469394,2.0,C
5514,94.51043507276631,2.0,D
5515,688.0819719539402,1.0,A
5516,434.7965821077235,2.0,C
5517,-216.1952445799451,2.0,D
5518,491.6229977395664,2.0,C
5519,59.51307356731979,1.0,D
5520,-9.93134414561439,1.0,D
5521,446.47225217229305,2.0,C
5522,-407.03855229451983,2.0,D
5523,114.46697474382802,2.0,D
5524,407.0347120599816,4.0,B
5525,488.6951347156401,4.0,B
5526,794.8231010078239,2.0,A
5527,810.2777060714957,2.0,A
5528,312.10435669415745,4.0,B
5529,579.583572203422,2.0,C
5530,488.39417457992346,4.0,B
5531,439.4487248991477,4.0,B
5532,405.0782831311452,2.0,C
5533,456.3213696272245,4.0,B
5534,1059.0498013842855,4.0,A
5535,148.95810814678848,2.0,D
5536,514.7141699766021,4.0,B
5537,655.0855753940332,1.0,A
5538,-28.36308258931598,1.0,D
5539,58.157011257587214,1.0,D
5540,814.8551130309928,2.0,A
5541,566.8985010179426,2.0,C
5542,98.24846100006062,4.0,B
5543,778.7574768197646,2.0,A
5544,333.1288081435852,2.0,C
5545,-31.709860510991064,2.0,D
5546,184.5973096856646,4.0,B
5547,498.6315839972516,1.0,C
5548,425.3585150034816,4.0,B
5549,28.35562608439568,2.0,D
5550,727.5701837100689,2.0,A
5551,177.95436769355894,4.0,B
5552,612.2283927232094,4.0,B
5553,1115.148402381188,2.0,A
5554,487.7746223981249,1.0,C
5555,324.49477934893235,1.0,C
5556,234.5482571549469,2.0,D
5557,289.39780941723296,1.0,C
5558,494.9493252829954,1.0,C
5559,209.4636210999429,1.0,D
5560,243.50548917114725,2.0,D
5561,703.811603782001,2.0,A
5562,-68.62583046030784,2.0,D
5563,-290.3051489953592,1.0,D
5564,-185.36851055974205,2.0,D
5565,907.0424758125436,4.0,B
5566,227.03551134017184,4.0,B
5567,563.6915039214116,2.0,C
5568,275.26755619675873,4.0,B
5569,912.4831365205596,1.0,A
5570,1004.1717732927852,2.0,A
5571,581.9717690914301,2.0,C
5572,562.2423780671761,1.0,C
5573,252.5106176394059,2.0,C
5574,484.1816014935992,2.0,C
5575,-642.7073905063071,4.0,D
5576,175.6118760223278,1.0,D
5577,800.2976148892908,4.0,B
5578,623.1907753618736,1.0,C
5579,367.3432766137124,1.0,C
5580,238.3168909197212,1.0,C
5581,1046.2087921431748,2.0,A
5582,601.5987360774409,4.0,B
5583,389.8659853395003,1.0,C
5584,52.54485999095186,2.0,D
5585,368.0582402887761,2.0,C
5586,176.3367773541492,1.0,D
5587,387.0537589983606,2.0,C
5588,456.6738664053581,1.0,C
5589,301.4197156719746,4.0,B
5590,100.43860421829504,4.0,B
5591,493.1154380987141,2.0,C
5592,341.0061400686728,1.0,C
5593,376.3380467956056,2.0,C
5594,305.10052853634454,4.0,B
5595,228.13977830470145,4.0,B
5596,208.64260221631451,2.0,D
5597,443.6846426193712,1.0,C
5598,462.48149215822497,1.0,C
5599,605.6004599655288,2.0,C
5600,421.7978569885721,1.0,C
5601,809.7422549212902,2.0,A
5602,382.9906080598404,1.0,C
5603,455.062071407552,2.0,C
5604,430.599961492611,2.0,C
5605,291.5993726400269,2.0,C
5606,68.6306659700108,2.0,D
5607,108.14385146096993,2.0,D
5608,778.8567400130719,2.0,A
5609,179.85824279702666,2.0,D
5610,166.88242520327083,2.0,D
5611,830.704385943593,1.0,A
5612,205.9464598288783,1.0,D
5613,434.1565577363916,2.0,C
5614,445.5898636118933,1.0,C
5615,-152.740417604708,4.0,B
5616,319.8445499206744,1.0,C
5617,359.19008533848626,2.0,C
5618,496.1978094692285,2.0,C
5619,713.7488390968973,2.0,A
5620,929.147875866565,2.0,A
5621,397.9396825859157,2.0,C
5622,334.0896398936718,1.0,C
5623,712.7573549624409,4.0,B
5624,180.21684138014,2.0,D
5625,162.43433028787473,2.0,D
5626,51.20205523463284,2.0,D
5627,304.47756272684506,1.0,C
5628,224.0589059496762,2.0,D
5629,394.7734480821728,2.0,C
5630,295.84722217274447,2.0,C
5631,845.7120687119079,2.0,A
5632,535.1325275822221,2.0,C
5633,790.777170287312,4.0,B
5634,410.0837465604719,4.0,B
5635,594.1600986254498,4.0,B
5636,962.4236395499938,2.0,A
5637,611.5454106107223,4.0,B
5638,-76.05885902508919,1.0,D
5639,539.0761383615152,2.0,C
5640,1138.13661190312,4.0,A
5641,420.3150227159419,4.0,B
5642,458.6623517405065,1.0,C
5643,-100.96795205433084,1.0,D
5644,130.63790277001306,1.0,D
5645,356.05188579156413,4.0,B
5646,702.1744745364837,2.0,A
5647,697.2640530092758,1.0,A
5648,598.8923606595553,2.0,C
5649,122.17874238220094,4.0,B
5650,865.3215852953872,2.0,A
5651,193.8913221031653,2.0,D
5652,386.9022467012591,4.0,B
5653,333.2964980152741,1.0,C
5654,292.8708074277231,4.0,B
5655,532.0141060333412,4.0,B
5656,214.07341987720105,2.0,D
5657,508.9269578360827,4.0,B
5658,1045.7560784743969,1.0,A
5659,540.7711941037662,2.0,C
5660,227.71004258426743,2.0,D
5661,384.619103091096,2.0,C
5662,1129.4208429132343,1.0,A
5663,297.2941386259396,2.0,C
5664,550.9670585750048,2.0,C
5665,667.5814011367763,2.0,A
5666,-583.0236377149926,4.0,D
5667,357.31589231909845,4.0,B
5668,412.1171100044999,4.0,B
5669,800.4615051972444,1.0,A
5670,175.96402850261566,2.0,D
5671,575.5930375956625,2.0,C
5672,292.0791677719782,2.0,C
5673,277.3477391192982,2.0,C
5674,404.9142530409157,2.0,C
5675,247.54818264349947,2.0,C
5676,599.5468808926701,2.0,C
5677,779.2742913798713,1.0,A
5678,423.9454391567864,4.0,B
5679,37.32100166656432,4.0,B
5680,428.91522864782826,2.0,C
5681,338.9389703742364,2.0,C
5682,505.2553860647163,2.0,C
5683,584.081169965548,2.0,C
5684,600.1629250215788,2.0,C
5685,425.8528411967436,4.0,B
5686,-0.0203968807350065,2.0,D
5687,698.7922193648022,2.0,A
5688,-137.6060209941711,1.0,D
5689,347.8259514811376,2.0,C
5690,727.8693593300484,2.0,A
5691,613.1152997223072,2.0,A
5692,235.79166218922356,4.0,B
5693,258.58149651285225,2.0,C
5694,394.1188543810465,4.0,B
5695,500.2738130542674,4.0,B
5696,589.5483830191139,4.0,B
5697,468.182575528934,4.0,B
5698,434.4498258373689,2.0,C
5699,483.58864115401536,4.0,B
5700,378.2846394232736,4.0,B
5701,467.7827783771092,2.0,C
5702,586.3555742940192,1.0,C
5703,506.5259009349785,1.0,C
5704,482.9953955675095,1.0,C
5705,-147.91240110567776,2.0,D
5706,296.3320002994499,2.0,C
5707,343.386362067553,1.0,C
5708,59.99996519713983,2.0,D
5709,715.5467988438388,1.0,A
5710,714.412139992457,1.0,A
5711,388.1568364535507,4.0,B
5712,368.51973449359247,2.0,C
5713,144.95618074918042,2.0,D
5714,291.334387954598,2.0,C
5715,-139.15838345281168,1.0,D
5716,764.077925054281,2.0,A
5717,287.64798800369084,1.0,C
5718,346.2368081866261,1.0,C
5719,-16.714845913847,1.0,D
5720,234.1869856853376,4.0,B
5721,896.5684130197058,2.0,A
5722,-68.8272493628271,1.0,D
5723,604.5480142506544,2.0,C
5724,177.3291863661707,2.0,D
5725,553.9152863304548,1.0,C
5726,197.1122058958672,1.0,D
5727,-90.16656120219574,2.0,D
5728,358.62799869878666,4.0,B
5729,181.48570768547825,1.0,D
5730,397.4845077837856,2.0,C
5731,-269.7830765679058,1.0,D
5732,774.9238474693889,2.0,A
5733,957.699424357726,2.0,A
5734,15.145943309498987,4.0,B
5735,350.7316516018863,2.0,C
5736,308.8644398622258,4.0,B
5737,196.97370338798396,4.0,B
5738,150.11187120459846,4.0,B
5739,194.80177647417904,1.0,D
5740,828.4856442631159,1.0,A
5741,387.2400286340935,2.0,C
5742,546.1006283704246,2.0,C
5743,375.5786694921728,1.0,C
5744,102.89862069238524,4.0,B
5745,675.1335231490395,2.0,A
5746,145.77019780071686,1.0,D
5747,-8.85068359463645,4.0,B
5748,146.6694294435802,1.0,D
5749,519.4562134413126,4.0,B
5750,-50.87037359502301,2.0,D
5751,444.58855494295767,2.0,C
5752,322.9529352111483,2.0,C
5753,-124.86278539021112,4.0,B
5754,-258.2369120891831,4.0,B
5755,951.4153388034824,1.0,A
5756,372.3876557701782,1.0,C
5757,536.1746754356091,4.0,B
5758,6.918840304337095,1.0,D
5759,191.0868615881556,4.0,B
5760,363.93206674830606,2.0,C
5761,423.9621441732906,2.0,C
5762,530.6675654527874,2.0,C
5763,505.708256025696,2.0,C
5764,275.9105309940164,1.0,C
5765,483.03170866660537,2.0,C
5766,-483.8534802513692,1.0,D
5767,141.873427751414,2.0,D
5768,258.1810084476831,1.0,C
5769,415.8040677383432,4.0,B
5770,438.7077223479161,2.0,C
5771,-142.63461592751503,4.0,B
5772,513.9558684523605,4.0,B
5773,471.4000915948637,2.0,C
5774,300.2893391508377,1.0,C
5775,439.2566742366701,2.0,C
5776,683.6059008722639,2.0,A
5777,581.2200473438063,1.0,C
5778,384.6482526164456,4.0,B
5779,1363.4466390133375,1.0,A
5780,573.138496920573,4.0,B
5781,656.532569914708,2.0,A
5782,271.4290454696231,2.0,C
5783,823.7634585720293,2.0,A
5784,57.430130258183226,4.0,B
5785,816.9344126349183,4.0,B
5786,605.8001736161268,4.0,B
5787,-86.92240686299499,1.0,D
5788,464.2101942867855,1.0,C
5789,-320.4405445485402,1.0,D
5790,780.8842142811905,2.0,A
5791,490.6223156010111,1.0,C
5792,594.1140777761748,4.0,B
5793,-49.45764977705164,2.0,D
5794,485.8422713829548,2.0,C
5795,557.9794765874863,4.0,B
5796,358.1328585910625,2.0,C
5797,194.4392453159377,1.0,D
5798,839.2925991698958,1.0,A
5799,483.4407172134653,2.0,C
5800,509.1859780943407,1.0,C
5801,217.21509030626825,1.0,D
5802,503.4172681956127,2.0,C
5803,580.1166634101173,2.0,C
5804,172.04990933477845,1.0,D
5805,138.88996593844524,4.0,B
5806,561.5423179007631,1.0,C
5807,177.87689618221566,2.0,D
5808,468.1751303115297,2.0,C
5809,439.58421449585006,1.0,C
5810,680.9010823405176,2.0,A
5811,784.4564176905636,2.0,A
5812,288.27755590580693,2.0,C
5813,299.3337765170895,1.0,C
5814,115.98064063495542,4.0,B
5815,198.2104424929739,2.0,D
5816,353.111989160597,1.0,C
5817,630.3628374298266,2.0,A
5818,983.3726294680562,1.0,A
5819,223.12903784861905,2.0,D
5820,357.3075317400338,4.0,B
5821,519.3953976633793,2.0,C
5822,-147.57959036519603,4.0,B
5823,1060.016448926592,1.0,A
5824,948.9840765773909,2.0,A
5825,579.4258538933085,2.0,C
5826,677.6314063475072,4.0,B
5827,432.75697399128296,2.0,C
5828,682.7961697514135,2.0,A
5829,221.01148487555835,1.0,D
5830,410.1565267093424,1.0,C
5831,703.9761892298352,4.0,B
5832,465.6831241616058,1.0,C
5833,434.6126463276293,2.0,C
5834,298.17362339491217,4.0,B
5835,273.93473133124667,4.0,B
5836,391.61128233430105,4.0,B
5837,587.7127542715934,4.0,B
5838,573.399287986394,2.0,C
5839,476.2814961613649,2.0,C
5840,28.119333889593747,1.0,D
5841,452.3764703349291,2.0,C
5842,187.53683698871825,1.0,D
5843,365.29866802398135,4.0,B
5844,490.8726542710846,1.0,C
5845,718.585410713443,2.0,A
5846,-8.113784170015379,4.0,B
5847,232.0515861775096,1.0,D
5848,609.6190096816838,4.0,B
5849,934.6065558158338,2.0,A
5850,654.9592569874904,2.0,A
5851,227.78618312841016,2.0,D
5852,587.6672481156307,2.0,C
5853,144.8225102463081,4.0,B
5854,1211.8516506371036,4.0,A
5855,372.62398027030633,4.0,B
5856,60.719616667649404,2.0,D
5857,595.3605925939762,2.0,C
5858,-14.217213351674957,4.0,B
5859,846.4358469335568,4.0,B
5860,307.184086169342,2.0,C
5861,1258.970437677321,2.0,A
5862,381.5656915869096,1.0,C
5863,670.7964264115169,2.0,A
5864,607.5169107927984,4.0,B
5865,475.9723297120816,1.0,C
5866,913.934294981446,4.0,B
5867,-243.77694886655115,2.0,D
5868,331.8105103877404,1.0,C
5869,1019.5552627104674,1.0,A
5870,148.00731747607256,2.0,D
5871,819.7763912214663,4.0,B
5872,215.82385647044924,2.0,D
5873,520.1704471627503,2.0,C
5874,476.79341963902107,2.0,C
5875,-17.103617868203912,2.0,D
5876,120.23740227817795,1.0,D
5877,497.6449475602661,1.0,C
5878,450.68947495509,1.0,C
5879,673.1589596230745,2.0,A
5880,544.224258779717,1.0,C
5881,238.83842423531445,2.0,D
5882,194.16547549888887,4.0,B
5883,943.239597476745,4.0,B
5884,657.0814588890796,4.0,B
5885,148.7882832290719,4.0,B
5886,693.5642936301751,2.0,A
5887,303.47426436233945,2.0,C
5888,409.3819995675626,1.0,C
5889,-50.76948018221054,2.0,D
5890,583.5080286554332,2.0,C
5891,386.3741628435458,2.0,C
5892,843.0159011356283,2.0,A
5893,-80.50647550742667,1.0,D
5894,217.8716952570917,1.0,D
5895,508.0645262856506,2.0,C
5896,1072.2795135214042,1.0,A
5897,471.1729859622985,4.0,B
5898,57.96544940270098,4.0,B
5899,99.42346849395769,2.0,D
5900,-102.43457045909628,2.0,D
5901,283.67456046769394,1.0,C
5902,694.8501639163703,1.0,A
5903,823.5704720448855,4.0,B
5904,451.1176730173795,2.0,C
5905,186.27346948374088,2.0,D
5906,358.5795532885619,1.0,C
5907,650.0932623265966,2.0,A
5908,845.7989467164002,2.0,A
5909,782.5376537748216,2.0,A
5910,441.59967333667936,2.0,C
5911,428.626058046431,4.0,B
5912,821.5841310164925,2.0,A
5913,126.74560406606328,2.0,D
5914,341.43999758174994,4.0,B
5915,856.5164053804024,2.0,A
5916,96.04105482486948,1.0,D
5917,263.9284130763517,1.0,C
5918,1028.4896977829112,2.0,A
5919,789.7617154647468,2.0,A
5920,697.5667819796282,2.0,A
5921,560.6772132828747,2.0,C
5922,269.4691466558613,4.0,B
5923,244.26074412896244,1.0,C
5924,588.3613825210596,1.0,C
5925,717.8845468909603,2.0,A
5926,159.05148354864107,4.0,B
5927,517.7580565463186,1.0,C
5928,248.7114831256105,2.0,C
5929,329.1253168636928,2.0,C
5930,355.01799727333537,2.0,C
5931,337.5370168471161,2.0,C
5932,420.8383427147776,4.0,B
5933,480.3562047193647,2.0,C
5934,571.1038590394867,2.0,C
5935,327.3721250762354,4.0,B
5936,559.5600575761202,2.0,C
5937,308.65889478213103,2.0,C
5938,768.7623698988209,1.0,A
5939,-100.21724155201645,4.0,B
5940,-237.4362283978089,2.0,D
5941,-90.90904568685636,1.0,D
5942,324.03739197972686,4.0,B
5943,152.18751297451675,1.0,D
5944,343.9472383320942,2.0,C
5945,463.13143906185695,2.0,C
5946,466.83443507883095,2.0,C
5947,362.5989112350646,1.0,C
5948,557.352085007896,4.0,B
5949,199.84890901109543,2.0,D
5950,841.016328893861,2.0,A
5951,434.7547439381586,2.0,C
5952,518.6082787895658,2.0,C
5953,212.41493247505463,4.0,B
5954,427.2145878513122,1.0,C
5955,8.22966409337289,4.0,B
5956,397.01201415531546,4.0,B
5957,292.8624815594872,2.0,C
5958,801.3212133369814,2.0,A
5959,486.3699522186367,2.0,C
5960,780.5211924252051,1.0,A
5961,-88.92255122051,4.0,B
5962,320.9961950137611,2.0,C
5963,493.6093195167703,2.0,C
5964,488.16326743572927,4.0,B
5965,855.1557407160578,2.0,A
5966,697.8349481541112,2.0,A
5967,468.5109815198616,1.0,C
5968,180.3146519186485,4.0,B
5969,242.9369312374335,2.0,D
5970,512.3459325119952,1.0,C
5971,323.32373585099145,1.0,C
5972,820.5896827044203,1.0,A
5973,764.8879122849995,4.0,B
5974,97.46247709137047,2.0,D
5975,475.6816511572134,2.0,C
5976,692.1294999309059,4.0,B
5977,1197.003652496659,2.0,A
5978,187.56917189660976,2.0,D
5979,68.62725411450259,2.0,D
5980,221.03528168184556,2.0,D
5981,338.6987157068533,2.0,C
5982,-73.65244214019464,4.0,B
5983,66.41861285827787,4.0,B
5984,539.9393144120481,2.0,C
5985,722.4586858234666,4.0,B
5986,590.3798712179193,1.0,C
5987,678.8679714043542,1.0,A
5988,0.037540144574848,2.0,D
5989,458.645468325713,1.0,C
5990,421.2622085036229,2.0,C
5991,651.5195359966403,2.0,A
5992,258.02695303074995,2.0,C
5993,715.2533002364078,2.0,A
5994,725.75769646189,2.0,A
5995,261.426451818207,1.0,C
5996,270.6618748466957,1.0,C
5997,22.027176597587413,1.0,D
5998,298.56362764099725,4.0,B
5999,395.4317765424615,4.0,B
6000,578.956274043588,2.0,C
6001,456.5886948728055,2.0,C
6002,931.4240641181166,1.0,A
6003,279.02609965574595,2.0,C
6004,-204.97740831785336,2.0,D
6005,547.5031122418263,1.0,C
6006,790.4335838086193,2.0,A
6007,131.39954445965122,2.0,D
6008,582.6625390374096,4.0,B
6009,680.5241916522268,1.0,A
6010,324.4017034731544,2.0,C
6011,1075.9305053907017,4.0,A
6012,536.8570356735828,2.0,C
6013,474.0761728171242,2.0,C
6014,590.0841736233428,2.0,C
6015,-185.63733027437456,1.0,D
6016,509.5693412134544,2.0,C
6017,814.6545477389607,2.0,A
6018,122.8452557078408,4.0,B
6019,-20.373852446556043,2.0,D
6020,671.8986555775132,1.0,A
6021,578.8379634248221,2.0,C
6022,273.8184819496334,2.0,C
6023,-159.63621149653648,2.0,D
6024,1.5777289028866337,1.0,D
6025,772.6603227229987,2.0,A
6026,668.3586015495423,1.0,A
6027,855.5240899764613,2.0,A
6028,627.3445485550399,1.0,C
6029,621.5082891588014,2.0,A
6030,373.2704445630285,2.0,C
6031,493.6689922290681,4.0,B
6032,-84.97064358789925,2.0,D
6033,355.13304032009955,1.0,C
6034,501.9222485556964,2.0,C
6035,247.9501533733639,2.0,C
6036,502.56834647394345,1.0,C
6037,485.96177452277664,4.0,B
6038,-88.55626265122544,4.0,B
6039,43.1493977203134,2.0,D
6040,353.3090710819581,4.0,B
6041,910.1880997390116,4.0,B
6042,132.08563371634904,1.0,D
6043,671.7721112067765,2.0,A
6044,532.5187576848384,2.0,C
6045,581.8271993104718,1.0,C
6046,441.5617566482688,2.0,C
6047,541.5008209177512,4.0,B
6048,296.21051373182235,2.0,C
6049,585.1296729701573,1.0,C
6050,491.74906938800746,2.0,C
6051,89.50611888497161,2.0,D
6052,290.75984886932935,4.0,B
6053,690.3150255558592,2.0,A
6054,205.96754940693904,1.0,D
6055,262.2062575674681,1.0,C
6056,71.82802139799776,2.0,D
6057,384.224458849466,2.0,C
6058,316.7713334309099,2.0,C
6059,287.40910675696983,4.0,B
6060,526.0468582678867,2.0,C
6061,541.5534155512479,1.0,C
6062,467.93688509013344,4.0,B
6063,793.7814041236243,4.0,B
6064,705.7020198151841,1.0,A
6065,491.9319666926179,2.0,C
6066,615.7033781188017,4.0,B
6067,502.0865644888166,2.0,C
6068,760.5828129288941,2.0,A
6069,321.78924825070965,1.0,C
6070,532.1370191503522,1.0,C
6071,88.16691384554832,2.0,D
6072,116.83487450357468,1.0,D
6073,92.7981790564654,2.0,D
6074,274.6427313852124,1.0,C
6075,390.4715055641964,2.0,C
6076,558.6547541179722,2.0,C
6077,272.96101988281686,2.0,C
6078,-382.8522583792858,1.0,D
6079,637.1161645675975,2.0,A
6080,513.7541979814296,2.0,C
6081,218.23276041944405,2.0,D
6082,615.6630747971581,4.0,B
6083,513.0414403493569,1.0,C
6084,521.5436236106946,4.0,B
6085,648.2100879503988,2.0,A
6086,95.69439725754712,2.0,D
6087,1054.453838593094,2.0,A
6088,-68.88528409169277,1.0,D
6089,622.3732346804774,4.0,B
6090,-316.7455507803978,2.0,D
6091,1110.11391980923,2.0,A
6092,429.6304264864934,2.0,C
6093,65.73494544896704,4.0,B
6094,371.5843010973948,1.0,C
6095,657.2602211258998,4.0,B
6096,169.29811146629942,2.0,D
6097,120.2353341757788,2.0,D
6098,187.43928938446345,2.0,D
6099,-268.7670486390483,2.0,D
6100,-109.90948115716122,1.0,D
6101,603.6945885210166,2.0,C
6102,793.1655701603274,1.0,A
6103,496.49229571881904,2.0,C
6104,248.80362395526043,2.0,C
6105,-61.49063644900781,4.0,B
6106,729.6010138397332,2.0,A
6107,691.6259362943936,4.0,B
6108,389.7552310319737,1.0,C
6109,408.31799280273566,4.0,B
6110,251.25018274081413,2.0,C
6111,285.9520742697793,1.0,C
6112,218.46201841801224,2.0,D
6113,525.0803222284759,1.0,C
6114,944.3261995308974,2.0,A
6115,-112.1678832384398,2.0,D
6116,516.1771644149779,2.0,C
6117,603.6334542379069,1.0,C
6118,1010.2007548406428,4.0,B
6119,319.4305960823372,2.0,C
6120,745.4318229470944,1.0,A
6121,713.265342326805,2.0,A
6122,404.4264608041984,2.0,C
6123,944.1028400390564,4.0,B
6124,394.59141743127896,2.0,C
6125,416.2963743371959,2.0,C
6126,397.8216711120749,2.0,C
6127,302.65662744176217,1.0,C
6128,157.79690331748324,2.0,D
6129,-0.4325092163900876,2.0,D
6130,551.683657395565,1.0,C
6131,398.992315619326,2.0,C
6132,1153.6627598216417,2.0,A
6133,630.9382824157276,4.0,B
6134,889.3730368822576,4.0,B
6135,389.856328997762,2.0,C
6136,439.1576796197997,1.0,C
6137,765.2850563011641,2.0,A
6138,707.0878534499411,2.0,A
6139,571.0156597622176,1.0,C
6140,415.0828887558389,1.0,C
6141,416.2908108705207,2.0,C
6142,151.81086322506638,2.0,D
6143,928.299650044232,4.0,B
6144,871.0666187028935,2.0,A
6145,361.4487385833304,2.0,C
6146,558.923202683058,2.0,C
6147,319.7408928556642,2.0,C
6148,-242.0607999026873,1.0,D
6149,-233.82212965766428,2.0,D
6150,95.18653529354287,2.0,D
6151,660.793732358171,2.0,A
6152,650.1154808790584,2.0,A
6153,235.85872268659784,2.0,D
6154,-225.15912878722705,1.0,D
6155,516.7131559754245,2.0,C
6156,1082.4238494815804,2.0,A
6157,173.80161975318322,2.0,D
6158,56.043065379545965,2.0,D
6159,441.1230224156388,2.0,C
6160,626.4050056585538,1.0,C
6161,841.0969591620076,4.0,B
6162,403.6725269009388,1.0,C
6163,350.77792694642187,1.0,C
6164,969.8830727478648,1.0,A
6165,531.0932279577602,4.0,B
6166,229.673082182626,2.0,D
6167,413.6097450439327,2.0,C
6168,510.2802557583624,2.0,C
6169,689.318776370845,2.0,A
6170,153.6904746179243,4.0,B
6171,627.4583323700498,2.0,A
6172,259.8668217749465,2.0,C
6173,426.1524330697188,4.0,B
6174,657.0845069947591,1.0,A
6175,408.216243720618,4.0,B
6176,90.52190953607936,2.0,D
6177,869.6112498632295,2.0,A
6178,837.0612109980298,4.0,B
6179,117.4801216844997,4.0,B
6180,553.3125573932018,4.0,B
6181,141.38689183862238,1.0,D
6182,511.6953685550061,1.0,C
6183,557.7087060928836,1.0,C
6184,29.129256340446545,1.0,D
6185,613.5965821304595,4.0,B
6186,752.8819892413806,2.0,A
6187,484.66523433757135,2.0,C
6188,342.3810147884185,2.0,C
6189,505.33102095055176,1.0,C
6190,451.6957401450635,4.0,B
6191,395.7826703127502,1.0,C
6192,592.5349500697091,1.0,C
6193,650.3560696803293,1.0,A
6194,322.613302141314,1.0,C
6195,522.841734923641,1.0,C
6196,285.7504813482368,4.0,B
6197,259.8220034264267,2.0,C
6198,606.2547582155437,4.0,B
6199,524.7090266933437,4.0,B
6200,326.7513411451851,1.0,C
6201,1022.5448453610792,2.0,A
6202,239.0798195075262,4.0,B
6203,402.117329494733,2.0,C
6204,662.08593690172,2.0,A
6205,-6.379363863039373,2.0,D
6206,382.9027367430554,1.0,C
6207,839.3288914638135,2.0,A
6208,37.74963928544065,2.0,D
6209,-0.185967406906002,4.0,B
6210,587.2548709511465,2.0,C
6211,379.3490899980399,4.0,B
6212,603.5454146147913,2.0,C
6213,599.7646322676981,2.0,C
6214,560.9616997138022,2.0,C
6215,37.297055574498586,1.0,D
6216,723.454907513239,1.0,A
6217,-281.0971887100826,2.0,D
6218,235.41932536634832,2.0,D
6219,818.6010785047862,4.0,B
6220,778.3097051867705,1.0,A
6221,-46.71929830486016,4.0,B
6222,231.2660575240415,4.0,B
6223,563.0142365478627,4.0,B
6224,789.2326281812287,2.0,A
6225,-101.3036381992489,2.0,D
6226,-63.34927045898752,1.0,D
6227,-96.82046631185877,1.0,D
6228,556.2001501753375,4.0,B
6229,663.6685979413228,1.0,A
6230,450.2718689217625,2.0,C
6231,296.7447411788927,2.0,C
6232,56.61313172019743,4.0,B
6233,307.51966892572506,4.0,B
6234,-50.07937577072244,4.0,B
6235,795.5070101890183,1.0,A
6236,451.13077633661663,1.0,C
6237,-234.6364668001912,2.0,D
6238,498.2126262761373,4.0,B
6239,153.8000685840397,1.0,D
6240,471.7346034451072,2.0,C
6241,12.456601013785246,2.0,D
6242,587.9190620855015,1.0,C
6243,513.0907020606771,1.0,C
6244,723.4024057474094,2.0,A
6245,-86.49088108105553,1.0,D
6246,190.5573971531808,1.0,D
6247,98.01195906855564,2.0,D
6248,-192.47487953033945,4.0,B
6249,1387.5722878623496,2.0,A
6250,557.3463992783378,2.0,C
6251,396.81493249257335,2.0,C
6252,541.5961624491457,4.0,B
6253,-85.46456006244415,2.0,D
6254,671.2526874905019,4.0,B
6255,232.33230816507916,4.0,B
6256,484.9960633842938,1.0,C
6257,328.2810039626045,1.0,C
6258,173.90069220691112,4.0,B
6259,485.3148072432847,1.0,C
6260,723.0747595309031,1.0,A
6261,285.5877224345456,2.0,C
6262,216.25034336204908,2.0,D
6263,599.6806906942049,2.0,C
6264,352.0439721637544,2.0,C
6265,1020.657254517218,2.0,A
6266,435.7082895238293,4.0,B
6267,415.37270997518095,1.0,C
6268,-41.52032974339113,2.0,D
6269,572.097265310003,2.0,C
6270,-237.65848538834047,2.0,D
6271,520.3299637114671,2.0,C
6272,361.9269814613125,2.0,C
6273,67.38629578214949,2.0,D
6274,-123.53056378538996,2.0,D
6275,955.5618868010032,4.0,B
6276,438.7273578382885,2.0,C
6277,500.9530518389877,1.0,C
6278,428.8572704722753,2.0,C
6279,318.03593014987314,1.0,C
6280,312.4883002612886,4.0,B
6281,-16.965363788144657,1.0,D
6282,723.5391657104569,2.0,A
6283,163.8340747672997,1.0,D
6284,160.2534409838383,4.0,B
6285,82.93969449708845,2.0,D
6286,61.76306541701217,1.0,D
6287,576.0367848581872,1.0,C
6288,68.35342180928023,2.0,D
6289,-98.00262704186116,2.0,D
6290,381.37828167446514,4.0,B
6291,220.61781546063827,1.0,D
6292,116.98566516090108,2.0,D
6293,112.85187230837028,1.0,D
6294,823.2348227042644,4.0,B
6295,659.2300995660456,2.0,A
6296,594.7579349046276,2.0,C
6297,312.1334165816948,2.0,C
6298,232.15437102485933,2.0,D
6299,314.0078058870283,2.0,C
6300,468.50326530543873,4.0,B
6301,1302.271125796175,2.0,A
6302,77.56125473945679,4.0,B
6303,300.97483608442883,1.0,C
6304,352.40641186173946,4.0,B
6305,454.73556002383657,1.0,C
6306,583.2191360430224,2.0,C
6307,418.159695389678,1.0,C
6308,311.38965623622937,2.0,C
6309,500.7958127007964,1.0,C
6310,-212.93851731323787,2.0,D
6311,266.9249715799502,4.0,B
6312,144.83109707895855,4.0,B
6313,432.614166749502,4.0,B
6314,142.5782158236338,4.0,B
6315,330.2965283173203,2.0,C
6316,697.149963690985,2.0,A
6317,631.5271873841155,1.0,C
6318,756.9842798579756,1.0,A
6319,704.6334709478107,4.0,B
6320,771.0920942492272,2.0,A
6321,626.6767103339622,2.0,A
6322,1161.8851056285544,1.0,A
6323,200.9647361629129,2.0,D
6324,498.1325415844324,4.0,B
6325,345.86393772568954,1.0,C
6326,438.403912750878,1.0,C
6327,208.0301105439431,2.0,D
6328,447.7774028903032,2.0,C
6329,1119.4508241300716,4.0,A
6330,520.6262834247793,2.0,C
6331,987.4078916457128,2.0,A
6332,1094.065314943687,4.0,A
6333,327.1809966273928,2.0,C
6334,604.2692698135045,2.0,C
6335,560.0191499026405,4.0,B
6336,694.4761564518029,4.0,B
6337,633.8124908094538,4.0,B
6338,19.270863324506596,2.0,D
6339,772.1069330079341,1.0,A
6340,592.5290291381912,2.0,C
6341,-120.57751069035815,4.0,B
6342,173.6934436332735,2.0,D
6343,36.2686916068202,1.0,D
6344,351.56085663978683,1.0,C
6345,78.30043732804359,2.0,D
6346,115.17603369086402,4.0,B
6347,588.1150160782457,4.0,B
6348,414.5320396971694,4.0,B
6349,-255.73362861256797,4.0,B
6350,515.5209990108781,2.0,C
6351,-145.93494466840104,1.0,D
6352,494.88901668927167,4.0,B
6353,619.5012444625825,4.0,B
6354,341.18573148972536,1.0,C
6355,533.3791866088753,2.0,C
6356,586.039398966315,4.0,B
6357,374.5666710822452,1.0,C
6358,234.15437864468112,2.0,D
6359,163.0654693739288,2.0,D
6360,427.8563780189795,2.0,C
6361,285.3250147185163,2.0,C
6362,705.2294362949917,2.0,A
6363,468.07613464992494,1.0,C
6364,739.1818934947428,4.0,B
6365,501.440639142055,2.0,C
6366,397.34978177631046,4.0,B
6367,457.3465587784991,2.0,C
6368,315.8743747384839,2.0,C
6369,84.27081430676941,1.0,D
6370,53.90659899497666,1.0,D
6371,123.29298869107248,1.0,D
6372,577.4381888782965,1.0,C
6373,8.02135191684988,1.0,D
6374,662.2029600094668,2.0,A
6375,488.4312314134952,2.0,C
6376,479.117304820477,1.0,C
6377,100.60704239064808,2.0,D
6378,242.2691454522576,4.0,B
6379,333.2035311710769,2.0,C
6380,1145.1654311902032,4.0,A
6381,158.3553625329885,2.0,D
6382,608.3710656733613,2.0,A
6383,803.6125993599098,2.0,A
6384,751.6867810855294,4.0,B
6385,363.9077939873237,2.0,C
6386,210.1007526455088,2.0,D
6387,-20.62124575196208,1.0,D
6388,100.02516468270044,2.0,D
6389,166.7408451948667,2.0,D
6390,512.9822141133095,2.0,C
6391,56.5389937617004,2.0,D
6392,1176.7330705694883,4.0,A
6393,468.678204246145,2.0,C
6394,100.78478783586178,1.0,D
6395,318.3753457757156,2.0,C
6396,378.6895705362857,4.0,B
6397,233.2347066920592,2.0,D
6398,327.2349699629022,2.0,C
6399,-155.7646943719094,2.0,D
6400,445.8953274219357,2.0,C
6401,634.7512638580517,4.0,B
6402,290.3467518023482,1.0,C
6403,103.61882912969554,2.0,D
6404,662.984391684385,4.0,B
6405,332.61438558002425,4.0,B
6406,64.88023984284075,1.0,D
6407,418.6105228393547,2.0,C
6408,514.537717032679,2.0,C
6409,256.92895287920766,2.0,C
6410,498.8277743598984,4.0,B
6411,127.2261099385534,2.0,D
6412,239.72134435341755,2.0,D
6413,-11.821861807520236,2.0,D
6414,135.89360714681544,2.0,D
6415,567.5749501217426,1.0,C
6416,44.8211296380972,2.0,D
6417,478.0064384124491,2.0,C
6418,882.5002794229015,1.0,A
6419,466.97124951839777,2.0,C
6420,255.3510789833157,1.0,C
6421,503.6093358953282,4.0,B
6422,166.13657430239027,2.0,D
6423,496.8418876952501,2.0,C
6424,-3.256893924348788,1.0,D
6425,540.194157896408,4.0,B
6426,617.9982058609468,4.0,B
6427,479.2986413349824,4.0,B
6428,-14.8928538841634,4.0,B
6429,879.3054634825081,1.0,A
6430,835.2274133228523,1.0,A
6431,-52.46901965351668,1.0,D
6432,225.2488934921076,2.0,D
6433,506.39990370449146,2.0,C
6434,937.678193447921,4.0,B
6435,123.09428030386208,2.0,D
6436,392.6388156416386,4.0,B
6437,704.8613454156518,4.0,B
6438,549.5237091789802,2.0,C
6439,367.2778587519416,4.0,B
6440,257.7399854528843,4.0,B
6441,326.1254335448458,2.0,C
6442,529.1863464933103,2.0,C
6443,268.8731592738412,4.0,B
6444,479.3787508282999,4.0,B
6445,714.6529265343906,4.0,B
6446,95.6569198772424,2.0,D
6447,-181.72992731402724,2.0,D
6448,456.075110268349,2.0,C
6449,586.5485110002849,2.0,C
6450,290.68575006209943,1.0,C
6451,616.4811958682851,4.0,B
6452,409.90598854609806,2.0,C
6453,967.4692693664144,2.0,A
6454,702.011574085971,1.0,A
6455,-29.196775220707025,4.0,B
6456,530.5421224010806,1.0,C
6457,87.02589169164582,4.0,B
6458,558.4962377631435,2.0,C
6459,174.8076216275988,2.0,D
6460,784.1780060479146,1.0,A
6461,530.8858627636689,1.0,C
6462,700.4378690625776,4.0,B
6463,1176.3758961849774,1.0,A
6464,481.4523898690733,2.0,C
6465,211.5365056403725,2.0,D
6466,856.4768639763245,1.0,A
6467,273.4793713386071,2.0,C
6468,296.68258015534127,1.0,C
6469,478.500808955789,2.0,C
6470,636.4024638085872,2.0,A
6471,882.837256346947,2.0,A
6472,163.7141038845347,4.0,B
6473,888.7892313185711,4.0,B
6474,528.387470114074,2.0,C
6475,465.2276317922935,2.0,C
6476,198.4374310536571,1.0,D
6477,167.39795553790032,4.0,B
6478,929.2815460126684,2.0,A
6479,450.9492935336311,2.0,C
6480,731.7960963704999,4.0,B
6481,614.1734054371337,2.0,A
6482,62.98111751289349,2.0,D
6483,307.5952734559506,2.0,C
6484,431.4868635449504,4.0,B
6485,477.1591285906161,4.0,B
6486,810.1499142199057,1.0,A
6487,568.45813820169,4.0,B
6488,248.93500266681207,2.0,C
6489,216.03195808279625,2.0,D
6490,743.3701750599389,4.0,B
6491,265.6504194611065,2.0,C
6492,300.1694436951731,2.0,C
6493,652.0059179451664,1.0,A
6494,114.14734721905756,2.0,D
6495,361.886463697857,2.0,C
6496,-378.4930919023245,4.0,D
6497,519.7014263740494,2.0,C
6498,401.6783372437981,1.0,C
6499,173.9602669558688,1.0,D
6500,465.4134861738716,4.0,B
6501,394.20831185187865,1.0,C
6502,802.4636964808633,2.0,A
6503,864.564589004417,1.0,A
6504,382.1842858448003,2.0,C
6505,437.9742533194829,4.0,B
6506,445.87795354393154,2.0,C
6507,195.84386646378945,1.0,D
6508,-145.58313393482626,4.0,B
6509,-81.04758862786827,1.0,D
6510,483.08385187827264,4.0,B
6511,639.5639511383846,4.0,B
6512,-66.00090077495167,1.0,D
6513,175.84037162361528,2.0,D
6514,509.29500754108847,1.0,C
6515,548.5362104500853,4.0,B
6516,274.9848961561146,2.0,C
6517,448.1137952668137,1.0,C
6518,843.3137931425413,4.0,B
6519,230.64402034193003,2.0,D
6520,498.6179145957105,2.0,C
6521,310.5733119275393,2.0,C
6522,375.0469102329556,2.0,C
6523,799.0434185260737,1.0,A
6524,106.33219154097172,2.0,D
6525,529.7098451589934,4.0,B
6526,361.9308391797056,2.0,C
6527,609.3601000019972,1.0,C
6528,251.32597488570596,1.0,C
6529,444.7359834829682,2.0,C
6530,308.67345050502536,1.0,C
6531,466.3259947061549,2.0,C
6532,279.08718160940293,1.0,C
6533,143.95055064344325,2.0,D
6534,627.9904659145072,1.0,C
6535,195.10411583828804,2.0,D
6536,413.1746154085749,1.0,C
6537,302.2382324074506,4.0,B
6538,375.735616653139,1.0,C
6539,168.48521816243525,1.0,D
6540,149.59474323575049,2.0,D
6541,324.21380951261153,1.0,C
6542,545.7187624280658,4.0,B
6543,56.53273790194726,2.0,D
6544,119.95846705458872,2.0,D
6545,117.5447404133314,2.0,D
6546,924.3177223599184,1.0,A
6547,-14.26944318586152,1.0,D
6548,-28.79797351181776,4.0,B
6549,823.5576419333747,1.0,A
6550,825.3615814920354,4.0,B
6551,285.0359678743611,2.0,C
6552,515.9679276421543,4.0,B
6553,817.8115505217272,2.0,A
6554,753.9878709834195,1.0,A
6555,700.3546160009323,2.0,A
6556,818.483992791317,4.0,B
6557,497.60050047866616,4.0,B
6558,175.55683165153877,2.0,D
6559,470.0282910364696,1.0,C
6560,137.88542187963992,2.0,D
6561,785.3891943105721,2.0,A
6562,466.3294132741481,2.0,C
6563,854.9154232320753,2.0,A
6564,586.9510598654964,4.0,B
6565,-90.6376123485632,1.0,D
6566,659.4784533098718,2.0,A
6567,867.2260864257153,4.0,B
6568,919.677825871618,1.0,A
6569,224.43504966533823,1.0,D
6570,435.156251316801,2.0,C
6571,597.373507310657,4.0,B
6572,-222.5981662123338,2.0,D
6573,320.87852672320304,4.0,B
6574,722.4324091774027,1.0,A
6575,337.15727975341804,2.0,C
6576,214.272819824398,1.0,D
6577,752.8462054845915,2.0,A
6578,3.08379101634614,2.0,D
6579,795.3693256713133,2.0,A
6580,579.4136691883316,2.0,C
6581,154.3030757200504,4.0,B
6582,-123.78680920477552,4.0,B
6583,49.71034209456195,1.0,D
6584,388.57092990740745,2.0,C
6585,729.4556429531804,2.0,A
6586,464.4135474797064,2.0,C
6587,476.1004769002509,2.0,C
6588,511.8638340599245,1.0,C
6589,-11.044866444857291,2.0,D
6590,413.3798525126103,1.0,C
6591,419.73844489813627,2.0,C
6592,119.60591764391889,2.0,D
6593,466.14539871312905,2.0,C
6594,265.0080243139138,1.0,C
6595,551.9992497287653,2.0,C
6596,576.4840237526134,2.0,C
6597,-3.4771141660637,4.0,B
6598,370.493160295834,4.0,B
6599,415.3508148585166,2.0,C
6600,752.6761527417103,2.0,A
6601,753.0442762791752,2.0,A
6602,263.8361113631521,4.0,B
6603,439.04393332703455,1.0,C
6604,377.5002769765777,1.0,C
6605,-482.7793993182821,1.0,D
6606,428.9636882400705,4.0,B
6607,305.3076300124681,1.0,C
6608,306.7966410798763,2.0,C
6609,189.5773474462273,4.0,B
6610,567.2370884266743,1.0,C
6611,500.09741075305897,2.0,C
6612,508.2217167720576,2.0,C
6613,727.9710150694139,1.0,A
6614,391.58048274255947,2.0,C
6615,-57.13588313474827,1.0,D
6616,-109.5246102708498,2.0,D
6617,751.3326057606511,2.0,A
6618,1086.641703552175,2.0,A
6619,298.36279441287206,2.0,C
6620,40.262723124467016,1.0,D
6621,308.49607699720394,2.0,C
6622,431.2867430493269,2.0,C
6623,-126.4370209119096,2.0,D
6624,485.7646055183004,4.0,B
6625,1115.6673103762505,4.0,A
6626,571.9243473620656,2.0,C
6627,54.51253558289227,4.0,B
6628,758.2573484855457,2.0,A
6629,648.7578421330575,4.0,B
6630,424.25482762962446,1.0,C
6631,461.81924463290346,2.0,C
6632,157.58430051316083,2.0,D
6633,513.7382134879641,2.0,C
6634,803.5980342311756,2.0,A
6635,553.8915135503198,2.0,C
6636,415.4897766618034,2.0,C
6637,257.1085639940777,4.0,B
6638,89.83976721479519,1.0,D
6639,406.56028732561697,2.0,C
6640,-124.8411564618366,2.0,D
6641,669.9705086199242,2.0,A
6642,556.3532884923775,4.0,B
6643,374.7771213314161,4.0,B
6644,443.8962295514425,4.0,B
6645,393.3629985343643,1.0,C
6646,240.99798656679684,2.0,D
6647,843.2360101729703,1.0,A
6648,385.27046059187455,1.0,C
6649,91.69647707215243,2.0,D
6650,546.506769830941,1.0,C
6651,495.49987289746304,2.0,C
6652,476.3137209716705,2.0,C
6653,127.261528592123,4.0,B
6654,578.8187023454611,4.0,B
6655,732.9132990203848,2.0,A
6656,112.8716101827593,4.0,B
6657,553.515994936187,4.0,B
6658,-77.35650755986535,2.0,D
6659,509.316467350302,4.0,B
6660,389.38607972168296,2.0,C
6661,136.37028523167635,2.0,D
6662,374.2857477202331,2.0,C
6663,680.260215613966,2.0,A
6664,-20.67226876201533,1.0,D
6665,585.2403690998506,2.0,C
6666,551.3970092020691,4.0,B
6667,18.402840211845103,1.0,D
6668,641.8323871109404,2.0,A
6669,169.82583462156333,4.0,B
6670,591.5256271737164,2.0,C
6671,593.1852367125423,1.0,C
6672,307.6931536644325,1.0,C
6673,308.4460597878888,1.0,C
6674,349.5312763561836,4.0,B
6675,718.3958780456098,2.0,A
6676,171.38168262659934,2.0,D
6677,514.0652662205362,2.0,C
6678,433.6488484147107,1.0,C
6679,377.8347559314279,1.0,C
6680,567.4279520983839,2.0,C
6681,281.482816316072,1.0,C
6682,539.7972049092525,2.0,C
6683,628.8602754922491,2.0,A
6684,20.56289721410593,2.0,D
6685,952.942319415924,4.0,B
6686,384.7621853984726,4.0,B
6687,817.2029483943668,2.0,A
6688,614.5155335428203,1.0,C
6689,686.7326837184528,1.0,A
6690,447.76460707108646,1.0,C
6691,480.507639974244,4.0,B
6692,396.5719727196944,2.0,C
6693,218.1083645771352,4.0,B
6694,42.10273971245613,4.0,B
6695,63.724331022377726,4.0,B
6696,292.3942993313904,2.0,C
6697,441.3237865661115,2.0,C
6698,670.7095212140605,4.0,B
6699,41.1071137998203,4.0,B
6700,325.9920854164702,2.0,C
6701,912.7623030365128,2.0,A
6702,-1.0165062424670737,2.0,D
6703,296.97362852641163,2.0,C
6704,-281.6727240131396,2.0,D
6705,137.1849486551834,4.0,B
6706,464.25852922754535,2.0,C
6707,590.39481448643,4.0,B
6708,324.0658484714504,2.0,C
6709,434.6825644599252,4.0,B
6710,793.8767791388427,1.0,A
6711,521.4783081387982,2.0,C
6712,407.2659039841143,2.0,C
6713,151.7130505866005,2.0,D
6714,339.62165461604576,1.0,C
6715,-10.689776397631704,2.0,D
6716,51.2827586133231,2.0,D
6717,449.1577351674463,2.0,C
6718,157.93590451298311,2.0,D
6719,965.2168043748025,2.0,A
6720,415.8448568951621,4.0,B
6721,344.8852977011905,2.0,C
6722,836.8785225741412,4.0,B
6723,332.28695469176284,4.0,B
6724,317.1161794370405,4.0,B
6725,351.84910969489454,1.0,C
6726,-31.055965227821844,2.0,D
6727,384.223815645756,4.0,B
6728,-344.0184614353341,2.0,D
6729,775.5334222675393,2.0,A
6730,224.33467036643435,1.0,D
6731,-51.36648528493458,4.0,B
6732,114.33271420801664,2.0,D
6733,496.60128561429065,2.0,C
6734,62.70633115538226,1.0,D
6735,15.328096325054162,2.0,D
6736,574.4975479119223,2.0,C
6737,810.6577282799755,2.0,A
6738,516.5518288349058,1.0,C
6739,292.5259058600426,2.0,C
6740,401.4827676114805,2.0,C
6741,-196.4858733094594,4.0,B
6742,285.02906809692047,2.0,C
6743,-181.04690832704023,2.0,D
6744,494.32631176507306,1.0,C
6745,209.643224865903,1.0,D
6746,198.88827201262825,2.0,D
6747,519.9879216394165,1.0,C
6748,397.8911463280159,4.0,B
6749,693.5919025536782,4.0,B
6750,371.01986402341015,1.0,C
6751,648.9956279966755,2.0,A
6752,503.4461954642989,1.0,C
6753,849.2194391200784,1.0,A
6754,405.8570939209086,2.0,C
6755,389.8566653097976,1.0,C
6756,-254.0687338711456,2.0,D
6757,143.29054682231424,1.0,D
6758,-109.85478249459374,2.0,D
6759,486.69243640146624,2.0,C
6760,493.3217953648696,1.0,C
6761,346.6186771433008,4.0,B
6762,819.2106954001308,2.0,A
6763,58.19412491735011,2.0,D
6764,594.1671393753479,2.0,C
6765,43.390170993752974,4.0,B
6766,704.7416065164919,4.0,B
6767,113.76467494400782,1.0,D
6768,300.77596126121546,1.0,C
6769,1017.2543725226164,1.0,A
6770,617.8352338949645,2.0,A
6771,886.3299069336115,2.0,A
6772,14.885618168821622,2.0,D
6773,453.7213827508997,2.0,C
6774,560.1910556563378,2.0,C
6775,160.61646012894568,1.0,D
6776,56.07591965319932,2.0,D
6777,444.05220459648126,1.0,C
6778,398.5806233404175,2.0,C
6779,149.80526036701173,1.0,D
6780,174.36388465644922,2.0,D
6781,553.0717582248958,2.0,C
6782,442.8781621014358,1.0,C
6783,592.8169789345757,4.0,B
6784,469.57163952543016,2.0,C
6785,1091.172948587126,2.0,A
6786,621.4253761784304,1.0,C
6787,1213.7665580398204,1.0,A
6788,349.8761746878724,2.0,C
6789,237.45341196360755,1.0,C
6790,808.6742112551696,2.0,A
6791,608.2177357486149,4.0,B
6792,352.6176397340904,2.0,C
6793,526.2625292130977,2.0,C
6794,339.090100872735,1.0,C
6795,730.0492434151295,1.0,A
6796,115.17587685528656,2.0,D
6797,311.25632936823763,2.0,C
6798,888.5647163533556,4.0,B
6799,819.4840007960323,2.0,A
6800,309.5313628559449,2.0,C
6801,432.6120439451652,2.0,C
6802,120.58489726654574,1.0,D
6803,455.7277123551064,2.0,C
6804,173.89613115677903,4.0,B
6805,-117.37264776652704,2.0,D
6806,-7.612953327400248,2.0,D
6807,168.5276936584482,4.0,B
6808,186.96962058248235,4.0,B
6809,177.44125123136797,1.0,D
6810,372.5720078219055,2.0,C
6811,209.08671937826105,2.0,D
6812,338.9055412615652,2.0,C
6813,442.1740948100283,2.0,C
6814,194.5436905903537,1.0,D
6815,549.395150513793,2.0,C
6816,473.5279449311714,4.0,B
6817,66.03800702012444,2.0,D
6818,-193.49409316575657,1.0,D
6819,355.1743788105865,2.0,C
6820,-268.35308144624946,1.0,D
6821,-230.1128435033044,4.0,B
6822,658.7421204260395,4.0,B
6823,692.2755337210268,2.0,A
6824,13.21037268130317,1.0,D
6825,616.7361370355425,4.0,B
6826,-32.07837182008387,2.0,D
6827,368.8470586538472,4.0,B
6828,79.90627122456618,2.0,D
6829,291.3743617533432,2.0,C
6830,-3.048887994374809,2.0,D
6831,347.4884716261836,2.0,C
6832,250.2379567201036,1.0,C
6833,597.1167158372343,2.0,C
6834,908.6849670658514,4.0,B
6835,911.8043351927148,4.0,B
6836,355.42654436119625,1.0,C
6837,371.1068133817647,2.0,C
6838,331.02021122144373,1.0,C
6839,107.76457913925084,2.0,D
6840,67.20844170118858,2.0,D
6841,191.81531831637724,1.0,D
6842,103.88357747403604,2.0,D
6843,432.5266860468183,4.0,B
6844,295.1955472678589,2.0,C
6845,346.07510342878726,2.0,C
6846,443.6516692897548,2.0,C
6847,493.0765169738722,2.0,C
6848,551.8168844914513,1.0,C
6849,525.694039410049,2.0,C
6850,188.2427291419272,2.0,D
6851,376.3299365246557,2.0,C
6852,262.7915889401397,2.0,C
6853,620.2333857313903,1.0,C
6854,505.02881959778034,2.0,C
6855,745.1693531048045,2.0,A
6856,982.7824393055232,1.0,A
6857,122.8004904529784,2.0,D
6858,-106.70959396850736,1.0,D
6859,373.8796861157617,2.0,C
6860,201.5714064255943,1.0,D
6861,-549.1066799498778,1.0,D
6862,-161.015989344182,1.0,D
6863,616.0428906129604,4.0,B
6864,465.2742326424796,2.0,C
6865,449.8268717842643,4.0,B
6866,222.38087010864973,2.0,D
6867,609.6908141950079,4.0,B
6868,701.7925845575685,2.0,A
6869,368.09405279124735,1.0,C
6870,487.42708939942906,4.0,B
6871,169.7048674856107,2.0,D
6872,425.09069347919103,4.0,B
6873,379.3139660029897,4.0,B
6874,77.77390795983541,2.0,D
6875,-144.26732975709035,2.0,D
6876,646.8432219681306,4.0,B
6877,301.50917538127715,2.0,C
6878,36.91278581310098,2.0,D
6879,967.8386625946824,2.0,A
6880,-147.87858996968998,1.0,D
6881,295.9704722593377,4.0,B
6882,640.3911593976098,2.0,A
6883,349.5689068894062,1.0,C
6884,210.11935029791528,2.0,D
6885,462.6509158079991,2.0,C
6886,520.8915919776449,2.0,C
6887,692.9515180658175,4.0,B
6888,135.47951310053747,1.0,D
6889,920.9424533116572,2.0,A
6890,581.3671088546279,2.0,C
6891,182.86410429794,2.0,D
6892,729.7870292237326,4.0,B
6893,145.7410940257111,2.0,D
6894,966.274673047904,4.0,B
6895,295.7899677959489,1.0,C
6896,801.0125183097662,2.0,A
6897,522.4019080669443,4.0,B
6898,545.6924093583058,4.0,B
6899,123.9586105018443,1.0,D
6900,328.76648933688784,4.0,B
6901,319.22092562757496,2.0,C
6902,354.42932596586274,1.0,C
6903,395.519701681383,1.0,C
6904,248.32927869068405,4.0,B
6905,338.87736562853297,2.0,C
6906,615.4260326989024,2.0,A
6907,767.1501978017627,2.0,A
6908,727.3392511465856,2.0,A
6909,290.09796755918194,4.0,B
6910,324.5310172564695,2.0,C
6911,909.0635617060392,4.0,B
6912,552.4879317954044,2.0,C
6913,847.0494022564123,2.0,A
6914,589.2153952439289,2.0,C
6915,599.1083377718747,4.0,B
6916,143.57062933178815,1.0,D
6917,692.2381674095233,2.0,A
6918,528.456203395352,2.0,C
6919,-11.746415960985304,2.0,D
6920,650.3196380568883,4.0,B
6921,654.7151489922987,2.0,A
6922,977.7496442801834,4.0,B
6923,295.4636447725272,4.0,B
6924,-222.96602362305305,1.0,D
6925,572.5600281213791,4.0,B
6926,496.76056105505,2.0,C
6927,656.2871016924566,1.0,A
6928,1224.3476454169531,2.0,A
6929,251.7045924674605,2.0,C
6930,608.0368184963506,4.0,B
6931,715.5699873432638,2.0,A
6932,629.8164785401722,1.0,C
6933,512.4844845909996,1.0,C
6934,17.775584967778855,2.0,D
6935,373.6644183937448,4.0,B
6936,254.90261774969363,2.0,C
6937,352.52076346284434,4.0,B
6938,703.1117313079906,2.0,A
6939,217.7834977484478,2.0,D
6940,475.81921123556856,2.0,C
6941,983.33446097095,4.0,B
6942,327.3022180326456,4.0,B
6943,915.1636525144988,2.0,A
6944,71.39208953144163,2.0,D
6945,904.8547996628674,4.0,B
6946,180.07251833364612,2.0,D
6947,701.0724778810081,2.0,A
6948,611.895951182693,4.0,B
6949,406.8584321679588,4.0,B
6950,182.7282400872775,2.0,D
6951,521.3825371808763,2.0,C
6952,772.8962642118508,2.0,A
6953,328.47125244663494,1.0,C
6954,463.7565196446535,1.0,C
6955,287.4445712536674,4.0,B
6956,264.4004484622982,2.0,C
6957,173.15058663948722,1.0,D
6958,118.31620050784676,2.0,D
6959,511.46882161832673,2.0,C
6960,720.354331446802,2.0,A
6961,633.3506698302187,4.0,B
6962,831.7256269663332,1.0,A
6963,407.26377755487965,1.0,C
6964,361.987464526342,2.0,C
6965,747.5849601064547,2.0,A
6966,378.2353191453328,4.0,B
6967,373.03029358579136,1.0,C
6968,94.57507135882122,1.0,D
6969,859.4990708697622,4.0,B
6970,763.9573258002226,2.0,A
6971,417.783834988064,4.0,B
6972,299.06860438582964,1.0,C
6973,229.62997951678813,4.0,B
6974,37.37809315491461,2.0,D
6975,269.7257801146256,2.0,C
6976,243.17885218015945,1.0,C
6977,165.5311618155269,2.0,D
6978,-305.9854394133256,2.0,D
6979,554.069556891028,1.0,C
6980,329.7742846871542,2.0,C
6981,739.1522383541833,2.0,A
6982,232.24657697338256,2.0,D
6983,820.7171477154748,2.0,A
6984,225.3704784228944,4.0,B
6985,767.74075315461,2.0,A
6986,217.0820715242725,2.0,D
6987,509.48011774321327,2.0,C
6988,1065.8677352207508,1.0,A
6989,837.1822278211212,1.0,A
6990,687.5453079201491,2.0,A
6991,43.94738389372293,2.0,D
6992,-71.62244368938053,2.0,D
6993,144.07558377106398,2.0,D
6994,265.42238791314446,1.0,C
6995,262.93230552280966,1.0,C
6996,136.8061896961866,4.0,B
6997,492.20075618620587,1.0,C
6998,817.0503274682757,4.0,B
6999,217.53303752457325,2.0,D
7000,442.9705966405276,2.0,C
7001,661.5265925919152,4.0,B
7002,422.00248461925554,1.0,C
7003,872.5547483545208,4.0,B
7004,761.3707577360592,2.0,A
7005,-32.79098905237515,2.0,D
7006,872.0627633822407,1.0,A
7007,661.9617222561492,2.0,A
7008,1053.3908193212887,1.0,A
7009,295.50061106317867,4.0,B
7010,627.3175582909903,2.0,A
7011,152.72230733539183,2.0,D
7012,623.485519464807,2.0,A
7013,447.2694713724756,2.0,C
7014,634.6347982782103,2.0,A
7015,534.5619959662298,1.0,C
7016,352.6595216404651,2.0,C
7017,125.61985027621432,2.0,D
7018,-23.083563842176886,1.0,D
7019,809.8498887821072,1.0,A
7020,710.7009948506595,2.0,A
7021,208.18143848366176,1.0,D
7022,1028.0963927781345,2.0,A
7023,644.1433704638137,4.0,B
7024,-173.7027649635828,1.0,D
7025,1156.610478235868,1.0,A
7026,523.4617375139426,2.0,C
7027,691.0271400163515,2.0,A
7028,514.1540296870179,2.0,C
7029,742.6211056518972,2.0,A
7030,479.5690687437776,2.0,C
7031,412.5034657891244,2.0,C
7032,547.9768653602132,2.0,C
7033,-133.7878560706007,2.0,D
7034,590.5818559230031,2.0,C
7035,78.66386535090203,2.0,D
7036,-59.20646755206235,1.0,D
7037,356.3276295979756,1.0,C
7038,316.17556818198466,1.0,C
7039,91.45947167905274,2.0,D
7040,657.6587781850119,2.0,A
7041,-64.45408281357112,4.0,B
7042,855.5679244875532,4.0,B
7043,696.9665887685761,4.0,B
7044,675.4664168692323,4.0,B
7045,14.105918288084183,2.0,D
7046,272.6541542043926,2.0,C
7047,328.5693281901408,1.0,C
7048,615.5716459617565,2.0,A
7049,424.6679363676624,4.0,B
7050,1075.760426675653,2.0,A
7051,580.0671055839288,2.0,C
7052,279.8583193045441,4.0,B
7053,91.040946377683,2.0,D
7054,-101.94713060742151,1.0,D
7055,617.5197041072646,1.0,C
7056,425.4500839111806,2.0,C
7057,234.1717702337241,1.0,C
7058,325.0254683751063,1.0,C
7059,419.5356951228597,1.0,C
7060,-179.6700810380256,2.0,D
7061,517.1252602370795,1.0,C
7062,-84.15616785053612,2.0,D
7063,97.85741004655944,2.0,D
7064,525.0219016125034,4.0,B
7065,341.15702855044503,1.0,C
7066,826.1463521851006,2.0,A
7067,479.2163912726138,2.0,C
7068,585.5522622650346,2.0,C
7069,148.32273502477642,4.0,B
7070,59.44346266136876,2.0,D
7071,650.7749160956794,4.0,B
7072,-190.83585097112305,4.0,B
7073,132.80723951156892,1.0,D
7074,266.82848122183634,1.0,C
7075,-91.21670110348845,1.0,D
7076,631.3215641425223,2.0,A
7077,395.82170765692666,2.0,C
7078,529.1066475491336,2.0,C
7079,394.3760014149295,2.0,C
7080,239.74859265501007,4.0,B
7081,741.5301720041557,1.0,A
7082,637.5669589703623,2.0,A
7083,-496.4945032659841,2.0,D
7084,196.76100149576263,1.0,D
7085,701.7209191530295,1.0,A
7086,301.67913877190097,4.0,B
7087,980.0006024331334,2.0,A
7088,1160.5258111086014,4.0,A
7089,-16.963208187105238,2.0,D
7090,754.9289429328232,2.0,A
7091,525.3323012064756,2.0,C
7092,185.49626770466764,2.0,D
7093,308.3830648744242,4.0,B
7094,658.3930750549116,4.0,B
7095,436.1020400014048,4.0,B
7096,435.5596079108662,1.0,C
7097,9.17211384367505,1.0,D
7098,-107.57263902255572,2.0,D
7099,463.8048650165913,4.0,B
7100,279.7736799870078,4.0,B
7101,401.1299013875822,2.0,C
7102,328.4378920432479,1.0,C
7103,599.5289583163681,4.0,B
7104,551.4313367853273,4.0,B
7105,955.3516124490488,2.0,A
7106,181.61497258731148,4.0,B
7107,382.5162784614441,1.0,C
7108,197.91508007486436,1.0,D
7109,373.8435212299512,4.0,B
7110,697.7555121760399,2.0,A
7111,540.655146734761,4.0,B
7112,457.75325641093,4.0,B
7113,283.8039255926707,2.0,C
7114,-87.49354928364403,1.0,D
7115,618.5781739848521,2.0,A
7116,619.6552603696821,4.0,B
7117,613.1377833769476,2.0,A
7118,363.58098165521966,4.0,B
7119,464.3736677739497,4.0,B
7120,807.3543778994203,4.0,B
7121,-338.8813867359728,2.0,D
7122,199.82165348468823,2.0,D
7123,525.2429661998136,1.0,C
7124,663.4405045024458,1.0,A
7125,379.4834651820877,1.0,C
7126,440.9519552673007,4.0,B
7127,208.59217089514684,4.0,B
7128,-0.8031854882211178,1.0,D
7129,185.8004779206329,2.0,D
7130,635.2664148157892,2.0,A
7131,154.63381898171082,2.0,D
7132,564.0385398765337,1.0,C
7133,-75.33605543472538,4.0,B
7134,559.8806656216839,2.0,C
7135,208.74737797942296,2.0,D
7136,123.05284100685594,1.0,D
7137,469.2934781962264,1.0,C
7138,852.507008574263,1.0,A
7139,457.4049228489423,2.0,C
7140,637.8756859362429,1.0,C
7141,103.5188623129264,4.0,B
7142,438.2928805552622,2.0,C
7143,893.4752842756773,1.0,A
7144,115.41376308262905,2.0,D
7145,313.0864873335533,2.0,C
7146,415.9316551255622,4.0,B
7147,491.59113384574846,4.0,B
7148,464.25370461927497,4.0,B
7149,743.100728879235,4.0,B
7150,264.72174570174934,2.0,C
7151,493.4061805041845,2.0,C
7152,788.4865023251753,4.0,B
7153,329.9943322196316,2.0,C
7154,604.875834865162,2.0,C
7155,614.9126742441256,1.0,C
7156,1002.7540879511836,2.0,A
7157,634.0180395581281,1.0,C
7158,330.97636521078755,2.0,C
7159,-366.6973663314409,2.0,D
7160,113.96266082791897,2.0,D
7161,133.06133142290986,2.0,D
7162,701.430347977918,1.0,A
7163,472.85998854151705,1.0,C
7164,554.2723534275294,2.0,C
7165,367.0139779655376,2.0,C
7166,226.679658921772,2.0,D
7167,135.52955083087227,4.0,B
7168,540.2655450451296,1.0,C
7169,101.0086771857222,2.0,D
7170,247.49273624677645,2.0,C
7171,245.74133413907032,4.0,B
7172,273.53080215409767,1.0,C
7173,351.7430279817889,1.0,C
7174,576.5406858278712,2.0,C
7175,239.4108142262428,2.0,D
7176,113.75509107862138,2.0,D
7177,714.1020885813641,2.0,A
7178,304.05555668853503,2.0,C
7179,375.9603684666179,2.0,C
7180,733.4585640422374,2.0,A
7181,151.54099104931856,2.0,D
7182,778.7341651090229,1.0,A
7183,1016.9130091873216,4.0,B
7184,437.5440426471354,1.0,C
7185,-16.18390580777799,1.0,D
7186,420.6245302500683,2.0,C
7187,386.6939310985029,1.0,C
7188,-67.32063543180078,2.0,D
7189,-13.96422863785756,2.0,D
7190,900.5692736970705,4.0,B
7191,667.4940543010475,2.0,A
7192,470.6238740376468,4.0,B
7193,828.7957192067533,2.0,A
7194,-49.05749254013995,2.0,D
7195,245.9587444797378,2.0,D
7196,644.355992780029,4.0,B
7197,560.9413411552307,2.0,C
7198,302.3985003558116,2.0,C
7199,618.0793353063939,2.0,A
7200,82.59923176671595,2.0,D
7201,421.7595163350443,4.0,B
7202,629.7966377302331,1.0,C
7203,36.41307235242397,2.0,D
7204,737.4628937116904,4.0,B
7205,433.6692266056024,1.0,C
7206,133.6061816690127,4.0,B
7207,505.569088796553,2.0,C
7208,522.4195220035499,2.0,C
7209,342.15460791715566,2.0,C
7210,319.73219394309,4.0,B
7211,438.9809521094648,4.0,B
7212,678.2593284178585,4.0,B
7213,343.59084477010424,4.0,B
7214,661.7254713795724,1.0,A
7215,199.520364350334,2.0,D
7216,228.58231078646867,2.0,D
7217,299.8041835296184,2.0,C
7218,307.99520212763184,4.0,B
7219,393.0780629365839,1.0,C
7220,216.9023167711715,1.0,D
7221,692.4408870375198,2.0,A
7222,248.268169008801,1.0,C
7223,498.47171925181954,2.0,C
7224,358.641771032496,1.0,C
7225,766.8729610035834,1.0,A
7226,247.2450573064956,4.0,B
7227,824.1667563685409,2.0,A
7228,430.7420805464891,2.0,C
7229,157.85270500106222,1.0,D
7230,99.05109638415227,4.0,B
7231,485.6752852714129,2.0,C
7232,519.1517440641755,1.0,C
7233,299.10307102494284,4.0,B
7234,468.5037373487289,2.0,C
7235,303.14683857505094,2.0,C
7236,578.7479119966239,2.0,C
7237,560.9706720848865,1.0,C
7238,274.6027365818663,4.0,B
7239,506.2582006457242,4.0,B
7240,778.8283047008891,4.0,B
7241,645.0846826406406,2.0,A
7242,874.0033703138679,1.0,A
7243,729.8238692330485,1.0,A
7244,275.2427763706826,2.0,C
7245,350.698729899648,1.0,C
7246,865.8775517535721,4.0,B
7247,160.80211000832617,1.0,D
7248,-54.70771847465443,1.0,D
7249,512.465546929093,2.0,C
7250,514.7378764095655,2.0,C
7251,250.6628164531068,2.0,C
7252,465.4289012583717,4.0,B
7253,363.82953144286193,2.0,C
7254,493.7510113723689,4.0,B
7255,934.4220498530306,2.0,A
7256,272.155442617763,1.0,C
7257,400.0629331174897,2.0,C
7258,789.89209905228,1.0,A
7259,383.39368132378087,1.0,C
7260,-142.8148554558968,2.0,D
7261,1081.554387910599,1.0,A
7262,618.5952421573327,1.0,C
7263,730.4852827728855,2.0,A
7264,265.0260068445322,4.0,B
7265,419.5753715834279,1.0,C
7266,799.1593708640762,1.0,A
7267,469.69923706082926,4.0,B
7268,524.9013818096246,2.0,C
7269,232.80242878056524,2.0,D
7270,695.0611313962881,1.0,A
7271,447.6658490699184,2.0,C
7272,850.4527542402542,2.0,A
7273,33.78086605655392,2.0,D
7274,376.3039559707288,1.0,C
7275,518.5767918853574,2.0,C
7276,256.77300258912794,1.0,C
7277,190.27232755020884,2.0,D
7278,597.7132699825021,2.0,C
7279,175.60845674655027,2.0,D
7280,543.0854517672965,4.0,B
7281,403.8008078447464,4.0,B
7282,594.4350703183586,4.0,B
7283,518.8736002065499,2.0,C
7284,799.5793373828228,2.0,A
7285,302.8432895891458,2.0,C
7286,-651.6288593529239,1.0,D
7287,82.05106042834137,1.0,D
7288,-24.37088283951391,2.0,D
7289,59.14028301831735,1.0,D
7290,450.5455579169404,1.0,C
7291,90.00730274223281,2.0,D
7292,303.2658088456104,1.0,C
7293,600.1487223380198,2.0,C
7294,376.8546548646917,2.0,C
7295,-576.1925196961338,1.0,D
7296,599.3517330226999,4.0,B
7297,618.0222800858513,1.0,C
7298,1170.5917598672345,2.0,A
7299,666.3062472289805,1.0,A
7300,428.24491641898624,2.0,C
7301,582.1359840683584,2.0,C
7302,307.2606349133303,4.0,B
7303,336.4264053209042,4.0,B
7304,152.57357677683535,1.0,D
7305,447.5028100755881,2.0,C
7306,198.0025243153817,1.0,D
7307,517.7268393901167,4.0,B
7308,96.95591942231692,1.0,D
7309,599.4700497687421,1.0,C
7310,470.2549756259207,2.0,C
7311,235.92821827443117,2.0,D
7312,107.75248187681473,2.0,D
7313,316.06476044505644,4.0,B
7314,727.2193101324083,4.0,B
7315,601.6901729705488,4.0,B
7316,312.69422223224524,4.0,B
7317,191.5243889855979,2.0,D
7318,471.115650393337,1.0,C
7319,752.7169607903395,2.0,A
7320,543.1623103486488,4.0,B
7321,862.4810872422985,2.0,A
7322,535.7868538606372,2.0,C
7323,520.5221115345709,1.0,C
7324,571.312675227711,4.0,B
7325,500.7976768817365,1.0,C
7326,76.34217662208891,2.0,D
7327,91.91728012396244,4.0,B
7328,-221.82463477895544,4.0,B
7329,-199.63167812154632,1.0,D
7330,563.5820057686857,2.0,C
7331,296.5020075845017,2.0,C
7332,640.7228999743743,1.0,A
7333,110.12158192324524,4.0,B
7334,825.9216808706158,2.0,A
7335,495.0414867024075,2.0,C
7336,671.0385553917624,2.0,A
7337,461.0479751672983,2.0,C
7338,72.0341630012814,2.0,D
7339,199.6804478851111,2.0,D
7340,720.8404638141869,2.0,A
7341,647.9994375234461,2.0,A
7342,691.9875996223043,4.0,B
7343,109.7868634082322,2.0,D
7344,1104.623813491616,4.0,A
7345,743.7365735690163,2.0,A
7346,428.9228469941247,4.0,B
7347,365.0868085308612,4.0,B
7348,391.9899403913608,4.0,B
7349,659.7965096793785,2.0,A
7350,359.33342377216775,1.0,C
7351,526.8111480040023,4.0,B
7352,716.9308063954959,2.0,A
7353,357.6839228534554,1.0,C
7354,-2.80965593064775,1.0,D
7355,199.4796043147376,4.0,B
7356,-232.3292829159456,2.0,D
7357,682.2005172344722,2.0,A
7358,293.0328489614615,4.0,B
7359,244.26661112034031,2.0,D
7360,192.3733298195847,4.0,B
7361,239.31412223220795,2.0,D
7362,499.2428586082672,1.0,C
7363,412.4484930129335,2.0,C
7364,265.3917206067712,2.0,C
7365,471.8364484367141,2.0,C
7366,899.2901346044182,2.0,A
7367,-222.3285332091009,1.0,D
7368,617.6948081625914,2.0,A
7369,448.9710571031839,2.0,C
7370,391.9375187057172,2.0,C
7371,443.2244571072922,2.0,C
7372,529.625001689673,2.0,C
7373,540.6645444685976,2.0,C
7374,-18.56071422377846,4.0,B
7375,767.4995617774332,1.0,A
7376,209.38315035362447,1.0,D
7377,29.4593514430336,1.0,D
7378,500.2043636346692,2.0,C
7379,107.69208806851492,2.0,D
7380,575.2440757690267,2.0,C
7381,626.8679855503561,1.0,C
7382,64.37807183306649,4.0,B
7383,252.1964860821511,2.0,C
7384,-85.33604310529307,1.0,D
7385,805.3187515664822,4.0,B
7386,131.98012299583564,1.0,D
7387,302.7753058853376,2.0,C
7388,454.3935258368323,1.0,C
7389,661.7574926479344,2.0,A
7390,564.9764581005975,4.0,B
7391,775.6261729739495,4.0,B
7392,310.31576215135834,4.0,B
7393,-44.78180588183267,2.0,D
7394,702.2212691153368,1.0,A
7395,593.1898226532439,4.0,B
7396,125.11981670849468,2.0,D
7397,1059.6374127900372,2.0,A
7398,609.820863641017,1.0,C
7399,165.79349296085448,2.0,D
7400,623.3743409048923,2.0,A
7401,253.190156818298,2.0,C
7402,-75.40658307210737,2.0,D
7403,473.96806372124456,2.0,C
7404,139.89914727228177,2.0,D
7405,209.27199881395208,2.0,D
7406,211.26179388375724,2.0,D
7407,248.2142879300225,2.0,C
7408,-17.752405967033383,2.0,D
7409,757.947330238426,1.0,A
7410,452.0129588290097,1.0,C
7411,503.41528146911946,1.0,C
7412,149.7530010008558,2.0,D
7413,260.99977068305964,2.0,C
7414,342.1931935785147,2.0,C
7415,614.0014684606688,2.0,A
7416,308.59023421186896,2.0,C
7417,379.0676589038167,4.0,B
7418,692.7058574465581,2.0,A
7419,82.03388442092472,2.0,D
7420,609.106410313784,4.0,B
7421,387.8022586264658,2.0,C
7422,717.6509885905036,4.0,B
7423,580.0596553788853,4.0,B
7424,335.2937144324409,1.0,C
7425,874.1641588682742,2.0,A
7426,831.6012717636918,4.0,B
7427,381.2297929031184,1.0,C
7428,-156.33167276755012,4.0,B
7429,230.68479746597228,2.0,D
7430,215.43066497752952,1.0,D
7431,279.7373151673348,2.0,C
7432,463.2684404304458,2.0,C
7433,888.3015458264152,4.0,B
7434,218.45961558664277,1.0,D
7435,514.5337160296406,1.0,C
7436,280.5813225187021,4.0,B
7437,512.7022255316912,2.0,C
7438,189.94191452861293,2.0,D
7439,-258.24590781314134,2.0,D
7440,251.06061861619827,2.0,C
7441,483.814631566867,4.0,B
7442,880.803359482116,2.0,A
7443,628.9366178713179,2.0,A
7444,149.08117852985376,2.0,D
7445,196.33842898846663,2.0,D
7446,696.4317001173184,2.0,A
7447,605.3915613450199,1.0,C
7448,428.8649174744986,2.0,C
7449,309.5216868063763,2.0,C
7450,178.23769896100785,1.0,D
7451,1006.2353768081824,2.0,A
7452,122.4255301594912,2.0,D
7453,-71.17719462649069,1.0,D
7454,923.4809308634648,2.0,A
7455,725.1507865096457,2.0,A
7456,640.8721879852537,2.0,A
7457,125.36737650097854,4.0,B
7458,46.08522526833622,2.0,D
7459,623.7351318702512,2.0,A
7460,891.3701544666656,4.0,B
7461,305.64320208632193,1.0,C
7462,806.8767946290195,4.0,B
7463,-12.820272614577334,1.0,D
7464,539.9483437965888,2.0,C
7465,556.0431733103303,2.0,C
7466,142.03346834201324,2.0,D
7467,166.02218201716292,2.0,D
7468,-17.69047861798873,4.0,B
7469,378.989162311724,2.0,C
7470,980.2331744551456,4.0,B
7471,-353.8816255506799,4.0,B
7472,422.8969894207384,4.0,B
7473,-417.681194597018,1.0,D
7474,-14.0458358999374,2.0,D
7475,595.0139759402266,4.0,B
7476,465.5469483364124,2.0,C
7477,299.22630995291075,1.0,C
7478,764.4892837914731,4.0,B
7479,44.39847778516816,4.0,B
7480,556.6722520121997,2.0,C
7481,374.5085222611045,1.0,C
7482,701.2683938734708,1.0,A
7483,-8.182555962383901,2.0,D
7484,653.350487445537,4.0,B
7485,363.0547034547288,2.0,C
7486,-104.83250643517778,4.0,B
7487,151.48855438799973,4.0,B
7488,187.07912584841137,2.0,D
7489,432.650507429082,2.0,C
7490,83.8996564617546,4.0,B
7491,413.773357221386,4.0,B
7492,632.6611203466834,1.0,C
7493,427.7517208452444,2.0,C
7494,237.118988566064,2.0,D
7495,304.02157893328285,2.0,C
7496,156.48074266983656,2.0,D
7497,357.3320386361985,4.0,B
7498,264.2023046781063,2.0,C
7499,-16.811879420655373,2.0,D
7500,737.229905019276,1.0,A
7501,302.29334501497993,1.0,C
7502,499.3356281888618,1.0,C
7503,304.0275652833286,2.0,C
7504,49.33310784289733,1.0,D
7505,481.869571437852,1.0,C
7506,600.1410680725841,1.0,C
7507,-163.16852298087588,4.0,B
7508,764.3607630011178,1.0,A
7509,66.66669783020848,4.0,B
7510,337.56145820712527,2.0,C
7511,-60.40574098084045,1.0,D
7512,160.78154426605315,4.0,B
7513,223.91671549229,2.0,D
7514,217.49745971591716,4.0,B
7515,293.16846571669134,4.0,B
7516,131.84923596515227,4.0,B
7517,261.8990375652143,2.0,C
7518,277.3107210938878,4.0,B
7519,284.2810257315083,1.0,C
7520,401.0095051402328,2.0,C
7521,-97.32630142454168,2.0,D
7522,333.2363271710112,4.0,B
7523,-54.2093624343612,4.0,B
7524,708.3289295190625,2.0,A
7525,561.305937693117,1.0,C
7526,300.0705564441328,1.0,C
7527,538.1460396448125,1.0,C
7528,59.16906532491157,2.0,D
7529,475.41048922656734,4.0,B
7530,441.2861226683358,1.0,C
7531,-18.62420684978053,2.0,D
7532,-209.24159274886009,2.0,D
7533,951.6398593323844,4.0,B
7534,-8.90867144367212,2.0,D
7535,14.284055845461126,2.0,D
7536,329.7441469727128,2.0,C
7537,146.5830640861119,2.0,D
7538,151.98317494993358,4.0,B
7539,-104.34716406077008,2.0,D
7540,601.7961884902822,4.0,B
7541,65.22257026762202,4.0,B
7542,597.1060703349259,2.0,C
7543,27.41990568748912,2.0,D
7544,735.3111259529439,2.0,A
7545,-117.14055088404324,4.0,B
7546,-16.3391700551158,1.0,D
7547,80.9680109709335,2.0,D
7548,469.62509346962327,4.0,B
7549,759.4023258889862,4.0,B
7550,803.5550884139625,1.0,A
7551,287.0567678812503,2.0,C
7552,1040.2357450281452,1.0,A
7553,416.3212318875411,2.0,C
7554,777.1644008540982,1.0,A
7555,279.9774161815796,4.0,B
7556,673.044032341191,1.0,A
7557,477.3550998593793,4.0,B
7558,91.80060724525964,1.0,D
7559,228.052216972416,2.0,D
7560,137.54938205954392,2.0,D
7561,690.9394722129186,2.0,A
7562,297.35164411598475,2.0,C
7563,636.748636147039,2.0,A
7564,-35.221396555321064,1.0,D
7565,591.2415402520153,2.0,C
7566,515.2265657316012,1.0,C
7567,964.8906389955962,4.0,B
7568,497.6776406717327,1.0,C
7569,584.7818740525432,2.0,C
7570,1112.2742252278572,2.0,A
7571,696.5187968575693,1.0,A
7572,550.0121185752104,1.0,C
7573,509.8998789296638,4.0,B
7574,109.8381127970398,1.0,D
7575,612.2711289477766,2.0,A
7576,16.127848873460152,4.0,B
7577,-142.62822474861196,2.0,D
7578,377.4961821942512,1.0,C
7579,264.9753742159286,2.0,C
7580,718.197420278562,1.0,A
7581,-130.45316662126436,4.0,B
7582,322.3390907546439,2.0,C
7583,408.6196474114544,2.0,C
7584,542.0096442401718,4.0,B
7585,242.8887214562233,2.0,D
7586,374.4087037146348,2.0,C
7587,329.5628128481526,4.0,B
7588,477.6778035850034,4.0,B
7589,519.6942329915752,2.0,C
7590,572.9874521026891,1.0,C
7591,32.783896394316855,4.0,B
7592,204.0757991824717,2.0,D
7593,51.90220541112586,4.0,B
7594,15.813899115447953,1.0,D
7595,500.16776111395257,1.0,C
7596,256.7368004899786,2.0,C
7597,-255.7490469731614,2.0,D
7598,494.14950895118005,2.0,C
7599,540.1004610380132,1.0,C
7600,148.3138172876596,2.0,D
7601,335.1032625793525,2.0,C
7602,757.3250210974377,2.0,A
7603,86.52769996713272,1.0,D
7604,241.25020546559173,2.0,D
7605,582.7774765907393,2.0,C
7606,294.44513779766623,2.0,C
7607,150.80489408116156,4.0,B
7608,48.695404864498926,2.0,D
7609,535.8149586470472,2.0,C
7610,290.3344804256915,2.0,C
7611,44.86068651951382,2.0,D
7612,166.8615847186581,2.0,D
7613,287.4091303212395,1.0,C
7614,264.8774013907463,2.0,C
7615,508.3769721649579,2.0,C
7616,624.5052327539954,4.0,B
7617,821.0992116928038,2.0,A
7618,194.7269298916872,4.0,B
7619,67.60567497232643,2.0,D
7620,-31.62410968672469,2.0,D
7621,523.297151730751,4.0,B
7622,389.83636371202704,2.0,C
7623,271.9695644300185,2.0,C
7624,457.8295212656181,1.0,C
7625,453.4160120175495,2.0,C
7626,444.11733173295954,2.0,C
7627,622.276760099031,4.0,B
7628,638.708965948976,2.0,A
7629,239.23576894250405,1.0,C
7630,229.06536958208204,2.0,D
7631,819.1792156529707,2.0,A
7632,487.763356754833,2.0,C
7633,-33.14162267011892,1.0,D
7634,850.565473683042,2.0,A
7635,267.6589276335649,1.0,C
7636,230.7669943150802,2.0,D
7637,319.66254295641056,4.0,B
7638,765.1401490809353,1.0,A
7639,501.8205154971416,2.0,C
7640,541.7856407211983,1.0,C
7641,425.8222877027984,2.0,C
7642,384.719942265064,2.0,C
7643,28.07935482708888,1.0,D
7644,692.4715799859487,2.0,A
7645,205.10354200768148,2.0,D
7646,272.68957844498425,1.0,C
7647,436.703240972229,4.0,B
7648,311.4795958807084,1.0,C
7649,378.3871511378106,2.0,C
7650,555.504910313644,1.0,C
7651,536.4032546218884,4.0,B
7652,614.071241743332,4.0,B
7653,688.480930781016,2.0,A
7654,599.8682038463987,1.0,C
7655,-25.153472617849214,2.0,D
7656,0.8594758062279197,2.0,D
7657,-64.47219225444024,1.0,D
7658,426.2303320733928,2.0,C
7659,422.9060558731364,2.0,C
7660,903.4805296677728,1.0,A
7661,501.93825681968656,1.0,C
7662,283.0622073343859,2.0,C
7663,-0.1535637886677818,4.0,B
7664,518.197219741907,1.0,C
7665,114.05504205266692,4.0,B
7666,436.1380135815668,2.0,C
7667,-185.9535934743691,2.0,D
7668,424.31820088723504,4.0,B
7669,474.9995146423061,4.0,B
7670,469.4916428015807,2.0,C
7671,778.1341240761535,4.0,B
7672,-158.18947798387535,4.0,B
7673,427.0753857792695,4.0,B
7674,-516.2261273611095,2.0,D
7675,389.31251615068703,4.0,B
7676,396.1602259617928,4.0,B
7677,279.81925567394603,2.0,C
7678,352.60420286495514,2.0,C
7679,638.7405411903355,2.0,A
7680,1137.1279763255625,2.0,A
7681,1020.0149865233276,4.0,B
7682,362.5230279225506,4.0,B
7683,-97.46830131199056,2.0,D
7684,263.76005754852054,4.0,B
7685,355.4121081701235,2.0,C
7686,537.6804795467913,1.0,C
7687,232.57076335097412,2.0,D
7688,187.31523340992973,2.0,D
7689,169.50229342811966,4.0,B
7690,1130.5892387407498,1.0,A
7691,395.09612887379393,2.0,C
7692,189.17991953454884,1.0,D
7693,405.3760559015822,4.0,B
7694,69.7815193527602,1.0,D
7695,386.2293868099543,2.0,C
7696,555.0802319477554,4.0,B
7697,409.8852639094648,1.0,C
7698,822.9345056534108,4.0,B
7699,-61.64357736673742,1.0,D
7700,257.00302443038026,2.0,C
7701,565.4354918260642,1.0,C
7702,269.650601932392,1.0,C
7703,1179.6171744954036,4.0,A
7704,347.2836777672141,2.0,C
7705,301.82713236202994,1.0,C
7706,298.5657023760594,2.0,C
7707,272.9716809437564,2.0,C
7708,335.5134804420953,4.0,B
7709,508.4300608796716,4.0,B
7710,326.2444899364325,2.0,C
7711,-107.16065710025596,1.0,D
7712,379.1985606843917,4.0,B
7713,34.757938195015925,1.0,D
7714,31.636633018479078,2.0,D
7715,890.7601708344953,2.0,A
7716,640.968352818714,2.0,A
7717,302.57304727428175,2.0,C
7718,217.55192240660844,1.0,D
7719,342.9147168707016,1.0,C
7720,-3.4861800734976214,2.0,D
7721,33.78928401818678,2.0,D
7722,686.132268058087,2.0,A
7723,526.3965710524856,4.0,B
7724,391.1109866815396,1.0,C
7725,633.2753838903735,2.0,A
7726,-417.384811725516,2.0,D
7727,1366.0115459582928,2.0,A
7728,388.9747029402194,4.0,B
7729,277.634868597396,2.0,C
7730,288.50962378781355,4.0,B
7731,509.45872336150273,1.0,C
7732,86.32174720316834,1.0,D
7733,602.9391006117046,2.0,C
7734,138.8480707587551,2.0,D
7735,79.50795326516698,4.0,B
7736,309.96257873739864,2.0,C
7737,385.1961509591479,2.0,C
7738,513.0252231056046,4.0,B
7739,200.7659682362472,4.0,B
7740,416.9157386709453,2.0,C
7741,166.46204999770353,2.0,D
7742,338.74691393952827,2.0,C
7743,232.05370025869016,2.0,D
7744,573.291977761634,1.0,C
7745,749.7560382650565,1.0,A
7746,406.735880968658,2.0,C
7747,460.0792909773634,1.0,C
7748,263.46901626811086,4.0,B
7749,523.4922868990175,1.0,C
7750,833.8695881927079,2.0,A
7751,557.5383605639614,2.0,C
7752,586.6939895809438,4.0,B
7753,385.43323721813016,4.0,B
7754,821.6386914549134,1.0,A
7755,292.6170492665607,2.0,C
7756,642.6308796570812,1.0,A
7757,369.216159519412,2.0,C
7758,499.8968617183387,2.0,C
7759,292.20539505099543,1.0,C
7760,659.5113385916998,2.0,A
7761,240.50911235609945,1.0,C
7762,286.21349323854395,1.0,C
7763,494.38417676737686,1.0,C
7764,960.815921771872,1.0,A
7765,394.9630273220232,1.0,C
7766,520.7567630773062,4.0,B
7767,339.0044719901793,4.0,B
7768,589.9624248251596,1.0,C
7769,719.4918876792294,1.0,A
7770,720.5974633031951,1.0,A
7771,278.1061634708353,1.0,C
7772,540.9184564465904,1.0,C
7773,205.51939168356327,2.0,D
7774,71.85283466258323,2.0,D
7775,413.63627489150895,4.0,B
7776,292.39670974875605,1.0,C
7777,248.26645413564407,4.0,B
7778,911.5346174623236,2.0,A
7779,-70.95602243674011,2.0,D
7780,332.7388909793212,2.0,C
7781,120.2950717709873,2.0,D
7782,518.5675011623753,1.0,C
7783,430.71574079420935,2.0,C
7784,271.99985730539345,4.0,B
7785,344.48349102340705,2.0,C
7786,109.46774414936216,2.0,D
7787,223.6799356733642,1.0,D
7788,185.62002479374956,2.0,D
7789,365.3109357970591,1.0,C
7790,450.4674404281898,2.0,C
7791,701.3400779824922,1.0,A
7792,713.6593430803496,1.0,A
7793,402.9452113261161,2.0,C
7794,621.4394732839057,1.0,C
7795,327.02798745260804,4.0,B
7796,811.0207067147614,4.0,B
7797,338.1218260956767,4.0,B
7798,860.0442480425631,2.0,A
7799,309.4377709603886,4.0,B
7800,613.3128465374251,2.0,A
7801,441.6425049229925,2.0,C
7802,225.08249939808516,2.0,D
7803,700.2353055332059,2.0,A
7804,600.6738054700313,2.0,C
7805,385.1048752395238,1.0,C
7806,618.4831158169925,4.0,B
7807,546.1216023953475,2.0,C
7808,763.8011210741965,4.0,B
7809,1238.4417016483828,1.0,A
7810,387.0661373861605,2.0,C
7811,641.997443987922,4.0,B
7812,182.94544175505823,2.0,D
7813,-66.55530959380434,4.0,B
7814,11.475523194260631,2.0,D
7815,406.75622538769534,2.0,C
7816,674.6870215805088,1.0,A
7817,604.8087716209279,2.0,C
7818,58.02387512423098,1.0,D
7819,689.1830185102319,4.0,B
7820,228.67303484090488,1.0,D
7821,256.0341012007571,2.0,C
7822,979.6380855811528,2.0,A
7823,442.9637577767164,2.0,C
7824,521.4301074591298,4.0,B
7825,376.5292819907662,2.0,C
7826,148.11250547401372,4.0,B
7827,-13.97144684013682,2.0,D
7828,-232.88779798200332,2.0,D
7829,861.7840861890597,2.0,A
7830,732.8465832203963,2.0,A
7831,484.9404963597596,1.0,C
7832,843.8965083444022,2.0,A
7833,653.2889064964897,4.0,B
7834,377.13733345151405,2.0,C
7835,386.856314899584,1.0,C
7836,815.5223447416788,2.0,A
7837,235.18467530632915,2.0,D
7838,639.5682456953359,1.0,C
7839,-158.9414633162868,2.0,D
7840,767.7731801965892,2.0,A
7841,19.3114046134458,2.0,D
7842,57.23380486180622,4.0,B
7843,431.7160489630881,1.0,C
7844,339.5335421231557,2.0,C
7845,641.1686341993702,2.0,A
7846,331.91902175295576,1.0,C
7847,586.6864445586043,1.0,C
7848,706.477879306512,4.0,B
7849,313.3279978050196,1.0,C
7850,671.6523979407532,4.0,B
7851,732.1603151171622,1.0,A
7852,734.5796548554619,2.0,A
7853,137.7643973549259,2.0,D
7854,-65.15638581517584,2.0,D
7855,322.1851462154064,4.0,B
7856,467.5718598329602,1.0,C
7857,390.7930647960412,1.0,C
7858,372.1688921639568,4.0,B
7859,1023.541216411387,2.0,A
7860,661.0628870237032,1.0,A
7861,466.313777261146,1.0,C
7862,-144.31460736055533,1.0,D
7863,338.4011463300636,4.0,B
7864,772.6123678895824,2.0,A
7865,214.5483559645349,2.0,D
7866,448.3492730199884,1.0,C
7867,731.0701231931855,2.0,A
7868,53.78878232431123,2.0,D
7869,230.989786071905,2.0,D
7870,356.23749230834056,2.0,C
7871,-404.2096582289921,2.0,D
7872,615.1718840770226,2.0,A
7873,331.8242517026508,4.0,B
7874,294.7160006064305,4.0,B
7875,414.2936191680153,2.0,C
7876,300.11955703601683,2.0,C
7877,1052.19668711745,1.0,A
7878,302.74877079338523,4.0,B
7879,99.79053233268178,2.0,D
7880,692.9054355717922,2.0,A
7881,659.2313529365715,2.0,A
7882,-123.38398976671988,2.0,D
7883,526.0092804105883,2.0,C
7884,-239.9534480525853,4.0,B
7885,170.31672395229597,2.0,D
7886,-19.560880282502357,2.0,D
7887,310.70931972325366,4.0,B
7888,214.4119295932012,2.0,D
7889,470.7572060287556,4.0,B
7890,559.9406819378235,2.0,C
7891,525.1403490072782,2.0,C
7892,378.7221438657167,4.0,B
7893,778.7406179884141,2.0,A
7894,545.0641969679791,2.0,C
7895,602.2278909850681,2.0,C
7896,226.3183276604123,2.0,D
7897,-41.91707315330802,1.0,D
7898,-100.08224077665557,4.0,B
7899,330.3248428045123,4.0,B
7900,-271.92183506034985,1.0,D
7901,237.924760058194,2.0,D
7902,493.3629373662596,1.0,C
7903,496.1295722290564,1.0,C
7904,372.9834513432766,2.0,C
7905,511.2204836176501,1.0,C
7906,840.4840625393633,2.0,A
7907,590.3581846178153,2.0,C
7908,287.0922635123385,1.0,C
7909,270.73258367050335,2.0,C
7910,1065.9714775706923,4.0,A
7911,211.42118384015265,4.0,B
7912,661.8892148861152,4.0,B
7913,281.9204327623208,4.0,B
7914,-31.16256882515711,4.0,B
7915,363.2358957139484,2.0,C
7916,355.3292867192079,4.0,B
7917,318.8799448331572,2.0,C
7918,1.686755623574015,1.0,D
7919,237.8640227497247,2.0,D
7920,1015.6753838299404,2.0,A
7921,464.9026873974066,1.0,C
7922,-72.02124963269091,2.0,D
7923,203.1284764472908,4.0,B
7924,535.2917713620573,2.0,C
7925,235.78124328168116,4.0,B
7926,575.2008780820097,4.0,B
7927,203.67872777306,4.0,B
7928,125.1787001123734,2.0,D
7929,602.0737175235744,2.0,C
7930,509.20339597269947,2.0,C
7931,578.2370879267999,1.0,C
7932,614.8572456178499,1.0,C
7933,392.3502601080917,4.0,B
7934,366.93809699137313,1.0,C
7935,56.02452331051285,2.0,D
7936,140.53577879850843,1.0,D
7937,401.1151943890778,1.0,C
7938,1094.2480277612342,4.0,A
7939,111.7422395398478,2.0,D
7940,332.7800180631148,2.0,C
7941,814.0685272068216,2.0,A
7942,709.3514249565078,4.0,B
7943,80.29431330677119,4.0,B
7944,295.5052594589565,2.0,C
7945,252.9001924390127,4.0,B
7946,553.5696030987497,2.0,C
7947,517.7665193608547,2.0,C
7948,560.0172637293215,4.0,B
7949,979.6120741522826,2.0,A
7950,207.8735049576349,2.0,D
7951,163.19008957170072,1.0,D
7952,690.8829022011034,4.0,B
7953,170.99662508621014,1.0,D
7954,39.79910567237408,1.0,D
7955,642.1267553124577,4.0,B
7956,764.8384326267371,2.0,A
7957,896.2342208537497,1.0,A
7958,-78.13236850337978,4.0,B
7959,886.1348983665523,4.0,B
7960,872.4753026017471,2.0,A
7961,536.8187397498345,1.0,C
7962,-95.86573507097496,1.0,D
7963,349.3085045410034,1.0,C
7964,710.4277174700209,2.0,A
7965,141.06493224021517,2.0,D
7966,524.0005674524649,4.0,B
7967,-127.09908915046094,4.0,B
7968,912.7367633196,2.0,A
7969,578.3921102638853,1.0,C
7970,146.3581668460168,2.0,D
7971,22.26490538492408,4.0,B
7972,2.372833758540025,2.0,D
7973,177.21710220232626,1.0,D
7974,825.6890031636183,2.0,A
7975,415.7549172991406,2.0,C
7976,308.8945497641298,2.0,C
7977,289.7478338426596,1.0,C
7978,182.40889351630275,4.0,B
7979,-146.99639352756617,2.0,D
7980,338.12006029480204,4.0,B
7981,1021.8884555028728,2.0,A
7982,1056.842680842526,2.0,A
7983,335.6424604124552,2.0,C
7984,605.8357952026458,2.0,C
7985,797.3575432232257,4.0,B
7986,144.18436210322898,1.0,D
7987,369.9546068218152,4.0,B
7988,679.564392134723,2.0,A
7989,435.9272320784122,2.0,C
7990,427.2239175680793,4.0,B
7991,345.78582040734534,2.0,C
7992,168.08873089601272,4.0,B
7993,134.04469467733838,4.0,B
7994,507.1955720484333,4.0,B
7995,225.0401341101737,1.0,D
7996,521.7934668814178,1.0,C
7997,559.4632890014991,2.0,C
7998,77.36656542433195,4.0,B
7999,346.51480961606,2.0,C
8000,306.29006787644704,1.0,C
8001,603.7125934935892,2.0,C
8002,163.07940282420407,4.0,B
8003,-303.73348244658416,1.0,D
8004,-76.46324514371145,4.0,B
8005,668.9120328115835,2.0,A
8006,561.4647736184784,1.0,C
8007,357.96942064608265,4.0,B
8008,168.0058589570689,2.0,D
8009,414.5754825070778,2.0,C
8010,283.7088984346416,4.0,B
8011,184.04346150071967,2.0,D
8012,286.8882564319152,1.0,C
8013,-59.88273105461735,2.0,D
8014,938.4132000167868,2.0,A
8015,-133.93820322866486,4.0,B
8016,111.59114951493058,2.0,D
8017,400.83046644441055,2.0,C
8018,950.5220689228296,1.0,A
8019,653.205512455347,2.0,A
8020,830.7025057452403,2.0,A
8021,792.6884664162494,2.0,A
8022,46.152281139847446,2.0,D
8023,193.6088288295461,1.0,D
8024,793.5463674727484,2.0,A
8025,629.2714736694761,4.0,B
8026,349.6583977313004,1.0,C
8027,317.20275455481493,2.0,C
8028,337.0004040072472,2.0,C
8029,334.1052634626792,1.0,C
8030,378.35191671180553,2.0,C
8031,521.5708013254656,4.0,B
8032,21.80205850063851,1.0,D
8033,498.7029526321897,1.0,C
8034,543.6027289563388,1.0,C
8035,551.9700642933211,4.0,B
8036,-232.765687842252,2.0,D
8037,1000.2168481497728,4.0,B
8038,378.69448923167937,1.0,C
8039,532.4958545483039,4.0,B
8040,535.6033470490072,2.0,C
8041,461.6835898042679,2.0,C
8042,427.0822742708377,1.0,C
8043,268.69305328795974,2.0,C
8044,517.6249639214941,1.0,C
8045,69.20363320046494,1.0,D
8046,598.223399720646,2.0,C
8047,205.4761167900556,2.0,D
8048,334.8045604787406,2.0,C
8049,266.114400108324,2.0,C
8050,721.8574483244302,1.0,A
8051,-20.09682163387356,2.0,D
8052,367.4847995407932,2.0,C
8053,326.5944972605976,1.0,C
8054,-77.41447712725096,1.0,D
8055,440.4836509162308,1.0,C
8056,508.9907227828273,4.0,B
8057,-30.51622337812273,1.0,D
8058,644.2667414519807,2.0,A
8059,473.4141234374288,2.0,C
8060,155.1531535274399,4.0,B
8061,297.8632388465699,2.0,C
8062,206.2720760740336,4.0,B
8063,23.90153375068809,4.0,B
8064,399.7333186755791,1.0,C
8065,443.8919646829908,2.0,C
8066,472.8733067749984,1.0,C
8067,186.6566829915,2.0,D
8068,-25.347329654210284,1.0,D
8069,1213.3315299879855,2.0,A
8070,297.2668066393815,1.0,C
8071,520.5366358503752,2.0,C
8072,-94.08116540123586,1.0,D
8073,291.06031726978824,1.0,C
8074,-150.69426273808665,2.0,D
8075,314.2520113569208,4.0,B
8076,275.6129409719874,4.0,B
8077,1076.7853233694727,4.0,A
8078,199.64798458236973,4.0,B
8079,370.0582656313144,2.0,C
8080,579.855623795311,2.0,C
8081,496.3643199463738,2.0,C
8082,245.14926367342187,4.0,B
8083,-117.21324210796548,2.0,D
8084,433.614859736804,2.0,C
8085,189.7916211834645,4.0,B
8086,439.7163082023133,2.0,C
8087,747.2460503846439,2.0,A
8088,393.3124754374892,4.0,B
8089,-204.78939952009387,1.0,D
8090,413.2157528365613,2.0,C
8091,914.0947632412702,2.0,A
8092,413.4685432648727,2.0,C
8093,423.2513695781661,4.0,B
8094,549.2718583102785,1.0,C
8095,248.66657931360663,1.0,C
8096,866.8101993897171,1.0,A
8097,317.9452094932181,4.0,B
8098,-178.1713768931121,2.0,D
8099,963.911335242732,2.0,A
8100,112.1315875225688,2.0,D
8101,-76.38607147539722,1.0,D
8102,724.6943107960444,2.0,A
8103,372.0341951322861,1.0,C
8104,594.961341425694,2.0,C
8105,948.611751131467,4.0,B
8106,1019.5592086325122,4.0,B
8107,549.1733293917773,1.0,C
8108,55.3292981722455,4.0,B
8109,408.2137265045473,2.0,C
8110,310.96939788570774,1.0,C
8111,25.89482711511863,2.0,D
8112,372.7900718956535,2.0,C
8113,21.168156410059,1.0,D
8114,401.5416935492719,2.0,C
8115,386.5457508478063,2.0,C
8116,200.14541458197044,2.0,D
8117,597.2513045719211,1.0,C
8118,99.41667696385969,2.0,D
8119,211.13090155754125,2.0,D
8120,483.35332431713937,2.0,C
8121,602.1584104911208,2.0,C
8122,350.0210926632845,4.0,B
8123,364.2250745924849,2.0,C
8124,1207.0797083358243,2.0,A
8125,101.75533071530464,4.0,B
8126,400.5668784137011,2.0,C
8127,131.55444160209515,2.0,D
8128,608.5126610373761,2.0,A
8129,598.8330590494691,2.0,C
8130,602.76452828061,2.0,C
8131,317.04141517520566,2.0,C
8132,508.15013824402297,4.0,B
8133,432.691207437368,1.0,C
8134,544.8030191345727,2.0,C
8135,18.46789510804257,4.0,B
8136,866.9729728547911,1.0,A
8137,418.3915339986911,1.0,C
8138,500.98791751561305,1.0,C
8139,783.8601383271973,2.0,A
8140,405.1346945184739,4.0,B
8141,440.5289192237672,2.0,C
8142,542.7607717815481,4.0,B
8143,-111.78981576873936,2.0,D
8144,542.8856561220023,2.0,C
8145,836.3389178562902,2.0,A
8146,685.3117634362463,2.0,A
8147,839.118081315363,2.0,A
8148,113.74654409577414,4.0,B
8149,395.21270652485146,4.0,B
8150,-4.17430715249219,1.0,D
8151,717.8912124950164,2.0,A
8152,533.7501657831989,1.0,C
8153,12.81328497986442,2.0,D
8154,-131.56509307771614,2.0,D
8155,9.78550041891441,4.0,B
8156,464.2099716667449,2.0,C
8157,10.725183910707528,2.0,D
8158,433.54939073499474,4.0,B
8159,832.0893627609777,2.0,A
8160,715.2634527428106,4.0,B
8161,431.4361944880645,4.0,B
8162,223.0417162309448,2.0,D
8163,28.766430325432736,2.0,D
8164,244.7345599873032,4.0,B
8165,15.58803265825145,4.0,B
8166,449.26225031342585,1.0,C
8167,426.3132264640944,4.0,B
8168,7.913069349025307,1.0,D
8169,317.63004427864524,4.0,B
8170,192.41132274618317,2.0,D
8171,622.4546197923962,2.0,A
8172,48.95626235925965,1.0,D
8173,235.638179844235,2.0,D
8174,240.2713750653667,2.0,D
8175,974.6915980532184,2.0,A
8176,366.4045713994879,2.0,C
8177,78.04084137072095,2.0,D
8178,665.0061818635834,2.0,A
8179,353.51521266021393,2.0,C
8180,665.3520499625383,2.0,A
8181,222.7957792600075,2.0,D
8182,84.31221127919275,2.0,D
8183,745.9589203254601,2.0,A
8184,-141.67908314197348,1.0,D
8185,163.2916968097948,2.0,D
8186,565.8023576704459,2.0,C
8187,781.4634641956754,4.0,B
8188,924.2142697163772,2.0,A
8189,333.8535753550547,2.0,C
8190,333.7110240532757,2.0,C
8191,662.389630997184,4.0,B
8192,-153.3293813118305,4.0,B
8193,760.8270555942103,2.0,A
8194,904.0149537568718,1.0,A
8195,424.3136362603265,2.0,C
8196,476.87207806325966,4.0,B
8197,535.3474109529218,4.0,B
8198,-8.105055004572023,2.0,D
8199,328.84800693761315,1.0,C
8200,427.0413279215868,2.0,C
8201,186.58595580062672,4.0,B
8202,1014.8217419340236,2.0,A
8203,250.30438588276175,1.0,C
8204,268.83507112874213,4.0,B
8205,-222.2958226065756,4.0,B
8206,632.3937201287138,1.0,C
8207,690.8596404797559,1.0,A
8208,594.5384505545633,2.0,C
8209,599.5872682963402,4.0,B
8210,642.3162893028449,2.0,A
8211,1270.501915444162,4.0,A
8212,261.8518059973836,2.0,C
8213,1283.6119063986291,2.0,A
8214,268.392786985967,2.0,C
8215,481.4897075646601,2.0,C
8216,294.62845090627934,4.0,B
8217,724.0284903766557,1.0,A
8218,440.1047385548047,2.0,C
8219,-70.71947536394487,2.0,D
8220,694.5044575705926,2.0,A
8221,561.7164956147112,2.0,C
8222,608.666405178834,2.0,A
8223,542.750302488558,2.0,C
8224,313.03492519758913,4.0,B
8225,554.431902024899,1.0,C
8226,19.20723121689747,2.0,D
8227,480.3431646353332,4.0,B
8228,469.1840869269717,1.0,C
8229,617.3948713567956,2.0,A
8230,358.8235748080425,4.0,B
8231,-111.89515196805468,2.0,D
8232,362.9881194017356,1.0,C
8233,283.709652542218,4.0,B
8234,3.8411280976123408,1.0,D
8235,310.4161893688688,1.0,C
8236,326.5966068620129,1.0,C
8237,363.4509939038533,4.0,B
8238,203.5168573827941,4.0,B
8239,358.4362109902101,4.0,B
8240,876.5532022258092,4.0,B
8241,161.00621845397671,2.0,D
8242,130.99771180561316,2.0,D
8243,213.87752466443823,4.0,B
8244,164.51738274427757,4.0,B
8245,589.7420630896969,4.0,B
8246,732.5204863163042,1.0,A
8247,380.4637568342303,2.0,C
8248,303.4396865399351,2.0,C
8249,440.9294675451047,4.0,B
8250,399.6101586292237,1.0,C
8251,-158.78952792713187,2.0,D
8252,-195.36115189449689,2.0,D
8253,766.0963937462641,1.0,A
8254,573.1311573881881,2.0,C
8255,797.0871190918167,2.0,A
8256,89.29878194383497,1.0,D
8257,481.8981653249157,2.0,C
8258,-87.65876886234162,2.0,D
8259,554.4764401041156,2.0,C
8260,-93.5345939540303,1.0,D
8261,28.56249574275421,1.0,D
8262,330.2351092485875,2.0,C
8263,927.1905185742512,2.0,A
8264,701.7872873081388,2.0,A
8265,497.2938602483607,1.0,C
8266,155.0133189781455,2.0,D
8267,731.5797135060191,2.0,A
8268,201.30341854414948,2.0,D
8269,311.62948010922605,2.0,C
8270,638.0621280251987,1.0,C
8271,36.212446146863954,2.0,D
8272,117.06030682389746,4.0,B
8273,539.3988427319882,4.0,B
8274,193.5577756034772,1.0,D
8275,60.30575015963899,2.0,D
8276,547.8554475194705,1.0,C
8277,541.7539253114519,4.0,B
8278,174.37443400494308,2.0,D
8279,681.7801199729277,2.0,A
8280,-411.2105510079592,2.0,D
8281,-51.41816906694345,2.0,D
8282,530.2301663850194,2.0,C
8283,596.4989827736317,1.0,C
8284,306.192564021385,4.0,B
8285,447.017993178537,2.0,C
8286,539.7248094347615,1.0,C
8287,480.2749555622646,4.0,B
8288,384.81204705339553,2.0,C
8289,657.1272567872654,2.0,A
8290,947.2800069292584,2.0,A
8291,678.1659643676672,2.0,A
8292,711.6381886051313,2.0,A
8293,-21.45244010177328,4.0,B
8294,210.94514460575235,2.0,D
8295,98.5046704046792,2.0,D
8296,1205.488217954086,4.0,A
8297,-45.89067750606449,2.0,D
8298,263.06314624819134,2.0,C
8299,331.2710608726534,1.0,C
8300,526.7057510652628,2.0,C
8301,-37.67647540907296,2.0,D
8302,457.0461015610773,1.0,C
8303,1040.2161051188414,1.0,A
8304,288.2694109638677,4.0,B
8305,307.6300685703456,2.0,C
8306,589.1420134695693,1.0,C
8307,435.07731775626087,1.0,C
8308,-117.07999983786569,2.0,D
8309,341.08729619159925,4.0,B
8310,-40.436432994724896,1.0,D
8311,256.3769833532149,2.0,C
8312,301.0103617729361,2.0,C
8313,656.9418789393546,2.0,A
8314,446.3653269509925,4.0,B
8315,-86.48339534739307,2.0,D
8316,624.5424441621809,2.0,A
8317,281.6904992973516,4.0,B
8318,679.0567564109904,4.0,B
8319,309.1607114956551,2.0,C
8320,778.759737498787,4.0,B
8321,784.0501389663518,4.0,B
8322,240.65566543472272,1.0,C
8323,248.32009803870932,2.0,C
8324,552.0734779440596,1.0,C
8325,856.8297714333715,2.0,A
8326,620.9461674026633,2.0,A
8327,1519.4526574560248,2.0,A
8328,459.82144519304126,2.0,C
8329,192.38024200691356,2.0,D
8330,264.54192147066806,4.0,B
8331,621.2947075575036,4.0,B
8332,403.5823327653532,2.0,C
8333,503.5340862649328,4.0,B
8334,375.8894334190368,2.0,C
8335,225.29354355430368,1.0,D
8336,8.292330276635084,2.0,D
8337,876.7775118365316,1.0,A
8338,573.9981381336197,2.0,C
8339,407.6410160372011,2.0,C
8340,372.38886292412735,4.0,B
8341,-128.2079234755439,2.0,D
8342,260.0388582750921,1.0,C
8343,-25.28857971230661,2.0,D
8344,477.0048414096251,2.0,C
8345,530.0751015394944,2.0,C
8346,400.7194920543514,4.0,B
8347,376.604976262837,1.0,C
8348,29.152905530572863,2.0,D
8349,87.9900544045334,4.0,B
8350,231.69686267129572,1.0,D
8351,536.2927323896018,1.0,C
8352,685.299751965897,4.0,B
8353,395.28971578838,4.0,B
8354,452.8422260363391,4.0,B
8355,143.88827232489894,4.0,B
8356,480.02472504023456,2.0,C
8357,-129.18700444698368,1.0,D
8358,906.013127562114,1.0,A
8359,861.3633421759002,4.0,B
8360,14.263800007926989,2.0,D
8361,-21.83222837407817,2.0,D
8362,679.4755605291623,2.0,A
8363,6.424623768327081,4.0,B
8364,-151.92556344634886,1.0,D
8365,535.8966870558996,2.0,C
8366,273.0500862740868,2.0,C
8367,625.5937646039092,4.0,B
8368,-111.97578248664092,2.0,D
8369,770.8971156160155,2.0,A
8370,409.2836485205432,2.0,C
8371,404.4184270630687,4.0,B
8372,509.8966122818125,1.0,C
8373,-294.671033245383,1.0,D
8374,100.30242252175032,1.0,D
8375,-292.870025345532,4.0,B
8376,650.3197972737759,2.0,A
8377,182.8367030580263,4.0,B
8378,439.98098766867327,2.0,C
8379,7.78670197920701,2.0,D
8380,831.9754631477269,2.0,A
8381,648.8687794817769,2.0,A
8382,642.6899313295631,2.0,A
8383,484.519138670964,2.0,C
8384,213.5129573287292,2.0,D
8385,518.239757541879,2.0,C
8386,191.3969218547232,2.0,D
8387,184.96394455171907,2.0,D
8388,88.54631552949405,2.0,D
8389,396.4169832986927,4.0,B
8390,359.64448244577085,1.0,C
8391,485.4623690973185,4.0,B
8392,500.01812694630456,2.0,C
8393,920.2195601289944,2.0,A
8394,545.072384691404,2.0,C
8395,48.193076256208826,4.0,B
8396,198.52375568236585,2.0,D
8397,551.343658880241,2.0,C
8398,709.1280738825177,2.0,A
8399,429.2932102849116,4.0,B
8400,422.0986537773736,4.0,B
8401,351.45585048344515,4.0,B
8402,593.6028238186573,1.0,C
8403,603.4988216800872,1.0,C
8404,289.5479588040254,1.0,C
8405,671.1738906627754,2.0,A
8406,427.0870091993647,2.0,C
8407,269.7081176157078,4.0,B
8408,367.0431338866232,4.0,B
8409,282.0846581061375,2.0,C
8410,764.6509865873836,2.0,A
8411,311.1833609959127,4.0,B
8412,76.64867823255923,1.0,D
8413,611.0816200592412,2.0,A
8414,366.3998510631762,1.0,C
8415,58.77420423760566,4.0,B
8416,1121.4021076921515,2.0,A
8417,119.9451249575908,2.0,D
8418,-172.35380066813423,1.0,D
8419,776.1993812241926,4.0,B
8420,369.4309736773874,2.0,C
8421,406.0824636534807,4.0,B
8422,415.3076138670413,2.0,C
8423,241.53354365009235,4.0,B
8424,610.3946055223882,2.0,A
8425,367.6344887641791,4.0,B
8426,470.8355266453978,2.0,C
8427,782.9863305772872,2.0,A
8428,535.0103322105223,2.0,C
8429,203.391952731465,2.0,D
8430,-51.27023138847875,4.0,B
8431,782.4125855488389,1.0,A
8432,132.43919696581492,1.0,D
8433,816.2405693660535,4.0,B
8434,499.4100424535976,4.0,B
8435,699.6566736065188,4.0,B
8436,454.33795265821374,1.0,C
8437,701.1129926645256,2.0,A
8438,218.0925538580888,2.0,D
8439,625.1557099477952,2.0,A
8440,470.283093448831,1.0,C
8441,110.77728103577095,4.0,B
8442,348.8936301309546,4.0,B
8443,714.4017812273573,4.0,B
8444,133.36843427675348,2.0,D
8445,179.96816948244674,2.0,D
8446,821.0563607974871,2.0,A
8447,-78.38292590833515,2.0,D
8448,874.9829575619085,2.0,A
8449,1171.3185268670568,2.0,A
8450,672.3858172403084,2.0,A
8451,47.17318483165354,2.0,D
8452,447.474701551823,4.0,B
8453,807.8449186229899,1.0,A
8454,-79.54797493234247,2.0,D
8455,214.59482732013709,2.0,D
8456,286.26529859518047,2.0,C
8457,88.82942255202624,2.0,D
8458,314.5206033767039,2.0,C
8459,383.6740469934592,1.0,C
8460,640.5608939993522,4.0,B
8461,8.101153719355295,2.0,D
8462,600.2883415721408,4.0,B
8463,670.5322877867154,1.0,A
8464,388.9982454469878,2.0,C
8465,429.464617215995,2.0,C
8466,820.3479369495681,4.0,B
8467,432.51886350375145,4.0,B
8468,702.8140095657749,4.0,B
8469,46.6310977605126,2.0,D
8470,401.6704587913053,4.0,B
8471,540.6885412341935,1.0,C
8472,419.5546182570864,2.0,C
8473,408.1533881838898,2.0,C
8474,724.4807546918281,2.0,A
8475,1065.7056448015646,1.0,A
8476,712.7055919797563,2.0,A
8477,-94.93803776267156,2.0,D
8478,-290.75237077925976,4.0,B
8479,819.1464956721177,2.0,A
8480,101.09810292690884,4.0,B
8481,221.81319357196935,1.0,D
8482,492.6418754105785,2.0,C
8483,19.96001128768154,2.0,D
8484,24.74847465756528,4.0,B
8485,769.6885316415787,1.0,A
8486,557.6096261951816,2.0,C
8487,547.0168961826131,2.0,C
8488,731.8345247704783,2.0,A
8489,587.9623966528918,1.0,C
8490,-110.43533942328531,1.0,D
8491,440.1402253169399,2.0,C
8492,693.433657560824,1.0,A
8493,33.09123427226518,2.0,D
8494,438.4463764771847,2.0,C
8495,317.81726406323764,2.0,C
8496,-25.972967620364106,4.0,B
8497,76.48540744113785,2.0,D
8498,654.4306743313016,4.0,B
8499,631.1802582798817,4.0,B
8500,155.70688882638413,2.0,D
8501,204.7848768542142,1.0,D
8502,83.3191656868305,1.0,D
8503,18.430560190077472,2.0,D
8504,707.0184651138566,1.0,A
8505,281.74578062005355,1.0,C
8506,442.189636403816,1.0,C
8507,259.5917016432799,1.0,C
8508,274.530001281921,4.0,B
8509,116.57356103874986,2.0,D
8510,661.3809198158127,4.0,B
8511,546.4031947347775,4.0,B
8512,833.344893240176,2.0,A
8513,160.6343313028826,2.0,D
8514,418.36077204621387,1.0,C
8515,-162.32258203871834,2.0,D
8516,186.5144023540619,4.0,B
8517,210.33147325506351,2.0,D
8518,279.08304304716216,1.0,C
8519,633.4762223595642,2.0,A
8520,356.6866815673849,2.0,C
8521,730.0805605449782,2.0,A
8522,289.9557065065993,2.0,C
8523,365.3770399313175,4.0,B
8524,483.2483719629156,2.0,C
8525,900.7258772131786,2.0,A
8526,288.9556924129129,2.0,C
8527,230.36980851054696,2.0,D
8528,715.0879632593326,1.0,A
8529,727.5585262779305,2.0,A
8530,886.192943738427,2.0,A
8531,-142.47990084331968,2.0,D
8532,755.643944411027,2.0,A
8533,629.7930637090975,4.0,B
8534,487.9329871267513,1.0,C
8535,404.6276390491288,4.0,B
8536,822.239771034416,2.0,A
8537,481.1999138341928,1.0,C
8538,431.6999022768148,4.0,B
8539,311.6187183887797,2.0,C
8540,903.2150043696606,1.0,A
8541,175.63950504058977,4.0,B
8542,180.79384911802748,1.0,D
8543,767.1463960546276,4.0,B
8544,170.3797372027201,1.0,D
8545,-158.79617771180222,2.0,D
8546,375.09510882742507,1.0,C
8547,644.0776425092968,1.0,A
8548,515.9904686944543,2.0,C
8549,434.6893608426868,1.0,C
8550,299.1118258548674,2.0,C
8551,59.30784362725439,2.0,D
8552,639.4244998340189,2.0,A
8553,-57.23468636549308,2.0,D
8554,339.251598504817,4.0,B
8555,244.5910649002079,2.0,D
8556,848.4096831282518,4.0,B
8557,401.2016433833154,1.0,C
8558,832.2687505235666,2.0,A
8559,923.5463498064552,2.0,A
8560,47.82701428869649,4.0,B
8561,948.7824431925592,1.0,A
8562,229.9692810379125,2.0,D
8563,281.63922288801234,1.0,C
8564,155.64797964432591,2.0,D
8565,493.450240746506,1.0,C
8566,572.3876893113767,2.0,C
8567,271.8230141157569,1.0,C
8568,432.0090512850733,4.0,B
8569,916.066628662946,4.0,B
8570,-146.13284217259354,2.0,D
8571,553.8841091419256,4.0,B
8572,542.7367933761689,2.0,C
8573,455.2605025360303,1.0,C
8574,867.2943270603523,4.0,B
8575,-47.9597151459796,2.0,D
8576,523.4799001488873,2.0,C
8577,329.16522336709767,2.0,C
8578,324.5366068059135,2.0,C
8579,639.834769441146,2.0,A
8580,321.94404669278293,4.0,B
8581,711.5044052133564,4.0,B
8582,444.3284883493113,2.0,C
8583,81.7462386414715,4.0,B
8584,154.42292710284298,4.0,B
8585,475.745976949095,4.0,B
8586,-233.53818168403973,1.0,D
8587,141.543916148726,2.0,D
8588,176.37542655065047,1.0,D
8589,539.607134840854,4.0,B
8590,160.934196063764,2.0,D
8591,82.16719747229672,2.0,D
8592,-239.7428030371832,1.0,D
8593,305.77454737623174,1.0,C
8594,226.9097408787191,2.0,D
8595,587.4544989532484,1.0,C
8596,253.62207109200676,4.0,B
8597,535.2367981492844,1.0,C
8598,-152.8908422270298,2.0,D
8599,571.0954590420758,1.0,C
8600,319.776301165964,1.0,C
8601,-212.3673630284837,2.0,D
8602,494.2593117827227,2.0,C
8603,137.26148117043897,4.0,B
8604,135.23186675964007,2.0,D
8605,660.2475568500529,1.0,A
8606,354.52703634539574,2.0,C
8607,388.7673385067975,2.0,C
8608,526.6365625055668,2.0,C
8609,320.8451091881197,2.0,C
8610,528.66963335499,2.0,C
8611,516.376007076071,1.0,C
8612,-19.631371571252718,2.0,D
8613,348.2698120764649,1.0,C
8614,442.8925644082925,1.0,C
8615,337.7850638827129,2.0,C
8616,263.2494379580521,2.0,C
8617,85.49811822134956,2.0,D
8618,1006.528108995286,1.0,A
8619,896.1222742330838,2.0,A
8620,187.3888113514347,4.0,B
8621,685.8376793015566,2.0,A
8622,210.04905315433763,1.0,D
8623,684.007301018202,4.0,B
8624,-159.86528244900455,2.0,D
8625,1042.3527392436072,4.0,B
8626,621.4714804389356,2.0,A
8627,770.2220772094399,2.0,A
8628,479.93344284025056,2.0,C
8629,230.76241519217604,1.0,D
8630,-54.98901978995849,1.0,D
8631,412.18285672368125,2.0,C
8632,-151.06871176410107,2.0,D
8633,737.752586936075,2.0,A
8634,956.867425051478,2.0,A
8635,280.63345907036177,4.0,B
8636,684.3969662579411,2.0,A
8637,105.46653398527178,4.0,B
8638,600.0603788752012,2.0,C
8639,767.9243328357302,2.0,A
8640,248.70320342637956,1.0,C
8641,149.282849526145,2.0,D
8642,189.02906436118263,2.0,D
8643,1247.5175530092847,2.0,A
8644,178.1390843140308,2.0,D
8645,29.627221449093213,2.0,D
8646,62.781834405930056,2.0,D
8647,802.685901438394,4.0,B
8648,587.8596204206602,2.0,C
8649,733.9101608302371,1.0,A
8650,115.73417095540252,1.0,D
8651,161.2859779407247,1.0,D
8652,141.733774088215,2.0,D
8653,678.8047414225822,2.0,A
8654,229.06654688058504,2.0,D
8655,435.0398774814477,2.0,C
8656,323.3721607186302,1.0,C
8657,193.3200174821524,2.0,D
8658,415.2112821315542,2.0,C
8659,595.8330379507908,1.0,C
8660,-214.28249584948992,4.0,B
8661,412.4783519549222,2.0,C
8662,222.5818349038793,2.0,D
8663,-33.75650232475931,2.0,D
8664,424.7071840483842,2.0,C
8665,215.67172767561408,2.0,D
8666,360.12755901644016,2.0,C
8667,125.03412323909264,4.0,B
8668,82.95356266875899,4.0,B
8669,565.6051218302961,2.0,C
8670,930.6234210537352,2.0,A
8671,358.7023948377606,2.0,C
8672,317.23635903478333,2.0,C
8673,895.8677364754672,1.0,A
8674,376.2126114886301,2.0,C
8675,550.6611820421709,2.0,C
8676,468.0499946219767,4.0,B
8677,216.759817344836,2.0,D
8678,249.5683110776878,2.0,C
8679,637.0811070330234,1.0,C
8680,408.241918778057,2.0,C
8681,339.89337818363623,2.0,C
8682,1109.020591335618,2.0,A
8683,122.16893589801772,4.0,B
8684,2.2043991102797804,1.0,D
8685,829.8996407404852,2.0,A
8686,610.7333433695663,1.0,C
8687,553.1744903359343,1.0,C
8688,458.7483871471924,2.0,C
8689,229.9435399837395,1.0,D
8690,36.5391087356598,2.0,D
8691,325.50783907884835,2.0,C
8692,1220.7482936121423,2.0,A
8693,157.93802637497245,1.0,D
8694,243.58219608798257,4.0,B
8695,245.89346473408608,4.0,B
8696,501.4248735384498,4.0,B
8697,29.60756149989993,2.0,D
8698,453.8462677366988,2.0,C
8699,176.39403580033257,4.0,B
8700,720.195176343939,1.0,A
8701,564.412106982058,1.0,C
8702,33.62278676334182,2.0,D
8703,723.2763554238195,4.0,B
8704,348.08377092386246,2.0,C
8705,504.5835977934898,2.0,C
8706,203.531888444068,2.0,D
8707,804.1788964542201,2.0,A
8708,452.5994105055025,1.0,C
8709,402.7346766433964,4.0,B
8710,875.0326514387164,2.0,A
8711,429.5899278954056,2.0,C
8712,568.3370208993372,2.0,C
8713,915.7908114912574,4.0,B
8714,305.82420065969126,2.0,C
8715,1026.2436606039623,2.0,A
8716,140.55662642161263,2.0,D
8717,556.9273163828857,2.0,C
8718,194.68276358549312,1.0,D
8719,245.27719761333248,2.0,D
8720,245.2099262696311,4.0,B
8721,-97.16536420974188,2.0,D
8722,804.2928681772044,4.0,B
8723,122.27092872655844,2.0,D
8724,592.0317211218442,1.0,C
8725,1018.1012689343776,2.0,A
8726,205.93009856090436,2.0,D
8727,280.96775110475505,4.0,B
8728,501.3696750725798,2.0,C
8729,-58.88009555787176,2.0,D
8730,722.6567554160133,4.0,B
8731,136.10187321012057,2.0,D
8732,90.02303636830169,2.0,D
8733,423.0190095262616,4.0,B
8734,-66.23723041000028,2.0,D
8735,828.3163609718266,4.0,B
8736,980.3846446197796,2.0,A
8737,890.4419921340326,1.0,A
8738,473.2368491472466,1.0,C
8739,323.4546495039939,2.0,C
8740,323.1930370668456,4.0,B
8741,583.7810938777181,4.0,B
8742,788.7246612761728,1.0,A
8743,452.5212829201407,2.0,C
8744,428.70094347487714,1.0,C
8745,193.79525257951485,2.0,D
8746,331.44673911590814,4.0,B
8747,352.4663775737071,2.0,C
8748,322.5687607559105,1.0,C
8749,171.95673646338662,2.0,D
8750,-255.7291424666412,2.0,D
8751,447.5384395004143,4.0,B
8752,270.7202381026892,1.0,C
8753,649.6610899407291,2.0,A
8754,11.53507728272649,2.0,D
8755,901.5150402011948,2.0,A
8756,127.19857740800428,4.0,B
8757,787.568769045967,2.0,A
8758,-270.1621362877031,4.0,B
8759,169.53540185567374,1.0,D
8760,416.118510499516,4.0,B
8761,145.94757842841975,1.0,D
8762,436.2892359992962,2.0,C
8763,704.870941032915,2.0,A
8764,329.24375150879746,4.0,B
8765,399.91240880488897,2.0,C
8766,358.601638660066,4.0,B
8767,212.94552708428296,4.0,B
8768,-226.4737284583072,4.0,B
8769,481.7124225981673,4.0,B
8770,290.16602640842973,2.0,C
8771,353.18155926652315,4.0,B
8772,749.5353813432062,2.0,A
8773,19.511108597381508,1.0,D
8774,45.40010039602242,2.0,D
8775,266.4787498676211,2.0,C
8776,740.8881246427419,1.0,A
8777,530.3579397948865,4.0,B
8778,606.9954420497645,1.0,C
8779,409.09647248311376,2.0,C
8780,401.47222821290126,4.0,B
8781,532.8752925661141,4.0,B
8782,144.0684293133316,2.0,D
8783,221.7969545738685,2.0,D
8784,242.6492375931574,2.0,D
8785,179.0185064011917,2.0,D
8786,475.61718663421385,1.0,C
8787,198.333375619416,2.0,D
8788,7.037164416605549,4.0,B
8789,420.13876723903473,4.0,B
8790,1016.7212014826548,2.0,A
8791,137.84975686200158,1.0,D
8792,907.3074132494304,2.0,A
8793,168.60706477506537,2.0,D
8794,-76.15890716443965,2.0,D
8795,519.0046984871312,2.0,C
8796,532.1239822767365,1.0,C
8797,369.0463304875776,2.0,C
8798,289.5567648307617,4.0,B
8799,500.42289327476,1.0,C
8800,153.09301423645763,2.0,D
8801,478.11420531595456,1.0,C
8802,452.62127792826186,4.0,B
8803,344.55786070334113,1.0,C
8804,517.4579396185062,1.0,C
8805,-30.442562116781005,4.0,B
8806,742.0803042825413,4.0,B
8807,281.49060925707454,2.0,C
8808,712.524189115781,2.0,A
8809,621.7286183503475,2.0,A
8810,689.0116946317801,4.0,B
8811,864.6985102496249,1.0,A
8812,-29.739097238809165,1.0,D
8813,33.677411247725445,2.0,D
8814,249.97438869568535,2.0,C
8815,513.5645082600851,2.0,C
8816,936.0176591368232,2.0,A
8817,-203.9769134165782,4.0,B
8818,579.2661843519512,2.0,C
8819,563.6487693042535,2.0,C
8820,57.296100863010906,2.0,D
8821,163.3532593983309,2.0,D
8822,132.17782689008243,4.0,B
8823,644.7427553695428,2.0,A
8824,808.8306940690683,1.0,A
8825,288.34977869021264,1.0,C
8826,65.02196204687817,2.0,D
8827,-101.66876656964388,2.0,D
8828,846.9853476762904,1.0,A
8829,529.2743189639207,1.0,C
8830,372.7062229989268,2.0,C
8831,699.0053712454063,2.0,A
8832,778.9441114205417,1.0,A
8833,163.6141626457992,1.0,D
8834,265.560298230857,1.0,C
8835,74.1834501273459,1.0,D
8836,265.33220374131315,2.0,C
8837,134.78733431117553,1.0,D
8838,728.8151114141326,4.0,B
8839,446.5371064897559,4.0,B
8840,630.5553239534527,2.0,A
8841,145.1947442667833,2.0,D
8842,591.1584677629568,2.0,C
8843,467.2432676163217,4.0,B
8844,289.78393672008485,4.0,B
8845,27.538674444675397,1.0,D
8846,88.42946298888381,2.0,D
8847,760.0390543550145,2.0,A
8848,373.11136490836594,2.0,C
8849,572.1071120254084,1.0,C
8850,984.05798974217,1.0,A
8851,869.149160761544,1.0,A
8852,459.976830371786,1.0,C
8853,651.638948473342,2.0,A
8854,113.79157599817842,1.0,D
8855,606.7941700492308,2.0,C
8856,704.2484808713649,2.0,A
8857,862.5795427939579,2.0,A
8858,393.4421996316649,2.0,C
8859,508.8294740956299,1.0,C
8860,306.44371407782563,4.0,B
8861,-14.972180233314134,2.0,D
8862,616.4611760021746,1.0,C
8863,499.480777177756,4.0,B
8864,-49.31116220194474,2.0,D
8865,449.9957882127325,2.0,C
8866,326.10677480149286,2.0,C
8867,-108.18490672033404,2.0,D
8868,517.8402862946775,1.0,C
8869,560.2280288775072,4.0,B
8870,116.91504307657772,2.0,D
8871,419.3331743857753,2.0,C
8872,339.54586312191844,4.0,B
8873,654.159028201,4.0,B
8874,219.5317058327968,1.0,D
8875,368.812893054834,2.0,C
8876,234.474907889774,4.0,B
8877,574.9859978324268,2.0,C
8878,427.1817351866751,4.0,B
8879,115.4273659113884,4.0,B
8880,210.4320680061637,4.0,B
8881,390.8734965828638,1.0,C
8882,444.6523043160393,2.0,C
8883,458.51690128671487,2.0,C
8884,257.44297820539646,2.0,C
8885,689.6252144918212,2.0,A
8886,258.1742891998073,1.0,C
8887,-565.9728312890246,1.0,D
8888,744.7624183746915,2.0,A
8889,773.22075683148,2.0,A
8890,352.5672401230799,4.0,B
8891,491.1029560041306,2.0,C
8892,231.1558952176541,1.0,D
8893,130.11933864035387,2.0,D
8894,224.5793496444276,2.0,D
8895,634.0689741190374,4.0,B
8896,421.48628820597975,4.0,B
8897,582.3666189740736,2.0,C
8898,-0.4202907785577849,2.0,D
8899,273.01009549382803,4.0,B
8900,255.6751422732789,2.0,C
8901,252.00991042620407,1.0,C
8902,474.4009483796985,2.0,C
8903,910.2309897974676,2.0,A
8904,450.8717107110768,2.0,C
8905,90.32074154179384,2.0,D
8906,310.9546603207606,2.0,C
8907,459.31698131297935,2.0,C
8908,168.92362195575768,4.0,B
8909,696.2767627001244,2.0,A
8910,569.669719450492,1.0,C
8911,443.2897341158949,2.0,C
8912,-69.2082705584902,2.0,D
8913,160.1912809147192,1.0,D
8914,418.0113311958324,2.0,C
8915,307.20697523331063,1.0,C
8916,117.92300337571623,1.0,D
8917,284.33352669865064,1.0,C
8918,663.904400748886,4.0,B
8919,463.9516100385744,2.0,C
8920,-255.63441768677592,1.0,D
8921,756.9070898600733,4.0,B
8922,650.8431271381774,4.0,B
8923,449.9792173873485,2.0,C
8924,200.42911045632752,2.0,D
8925,518.4087104260026,4.0,B
8926,335.35453547999623,1.0,C
8927,206.108365037595,4.0,B
8928,447.282007858266,2.0,C
8929,690.6031930219804,2.0,A
8930,862.8818796428826,2.0,A
8931,259.15434601907475,2.0,C
8932,764.4632845072351,2.0,A
8933,221.3151791462769,2.0,D
8934,467.3723716386402,4.0,B
8935,85.13498774516859,4.0,B
8936,894.2439715963374,1.0,A
8937,-0.6368628972192028,1.0,D
8938,18.605194402198265,2.0,D
8939,218.12143181625757,2.0,D
8940,706.1184753097336,1.0,A
8941,536.4543475953619,4.0,B
8942,-226.35067448685777,4.0,B
8943,545.9313000431507,4.0,B
8944,189.6482559527016,1.0,D
8945,322.952600965955,2.0,C
8946,954.7635105800553,2.0,A
8947,-91.96594967944196,2.0,D
8948,126.15158828765374,2.0,D
8949,252.7780815332528,1.0,C
8950,-2.67946298438369,2.0,D
8951,-239.61762998716472,2.0,D
8952,1111.711907507296,2.0,A
8953,797.3136812599446,2.0,A
8954,746.7155388894603,4.0,B
8955,425.4584794931092,2.0,C
8956,1165.0607259550156,2.0,A
8957,12.407523338257306,4.0,B
8958,664.3582559303139,4.0,B
8959,-169.90164227234663,2.0,D
8960,519.409527272382,4.0,B
8961,244.23286018014977,4.0,B
8962,-53.37368306737062,4.0,B
8963,55.248123163129264,2.0,D
8964,131.45766056602702,1.0,D
8965,1067.6295712008225,4.0,A
8966,-15.134498880915372,2.0,D
8967,961.6403042355724,2.0,A
8968,481.0337532211632,2.0,C
8969,126.20521011927224,2.0,D
8970,474.1581705686204,2.0,C
8971,737.6425606559751,2.0,A
8972,21.846317884868768,1.0,D
8973,508.4477292841902,2.0,C
8974,-217.65249424008505,1.0,D
8975,367.8422063683434,2.0,C
8976,343.9100918434535,2.0,C
8977,795.866364926911,4.0,B
8978,104.78296548117834,2.0,D
8979,563.413966792411,4.0,B
8980,83.67541279715374,2.0,D
8981,80.32006608683145,1.0,D
8982,892.4071421356587,2.0,A
8983,272.3616043927341,2.0,C
8984,197.52708864910736,2.0,D
8985,-134.57516035144818,4.0,B
8986,89.52332634353746,1.0,D
8987,1025.188614895224,2.0,A
8988,893.5738010802577,4.0,B
8989,191.20492156639904,1.0,D
8990,306.72930598069206,2.0,C
8991,707.1830314840615,4.0,B
8992,703.6267120927619,2.0,A
8993,693.3265542693255,4.0,B
8994,411.611431126496,2.0,C
8995,161.49991518561114,2.0,D
8996,771.8056039981253,4.0,B
8997,540.3341408858772,4.0,B
8998,362.5765072475066,4.0,B
8999,656.1856995351975,1.0,A
9000,110.86867165479708,2.0,D
9001,236.4079304822836,4.0,B
9002,484.9744501858981,1.0,C
9003,323.39694216045075,2.0,C
9004,180.4178526571396,2.0,D
9005,640.6231956137224,4.0,B
9006,590.2943948084111,2.0,C
9007,172.29472375647285,2.0,D
9008,134.35357848338575,1.0,D
9009,449.4984106651365,2.0,C
9010,278.54444656998203,4.0,B
9011,285.6336466589129,4.0,B
9012,49.46507468468889,1.0,D
9013,471.0573120381868,2.0,C
9014,200.16857323622557,2.0,D
9015,827.2481102091635,2.0,A
9016,159.50417440893793,1.0,D
9017,-62.59807156767039,2.0,D
9018,108.65462867773384,1.0,D
9019,685.1642989225588,4.0,B
9020,565.1283778752636,4.0,B
9021,602.7594180588205,1.0,C
9022,572.7440307502618,1.0,C
9023,534.1909024722412,2.0,C
9024,449.1008214789994,4.0,B
9025,89.22037785106858,4.0,B
9026,824.9802025411198,1.0,A
9027,659.3803807923579,2.0,A
9028,508.2808224094517,2.0,C
9029,710.6929092413038,4.0,B
9030,300.5298965285941,2.0,C
9031,424.9542713549873,1.0,C
9032,-39.82942552114071,4.0,B
9033,665.0023530967187,2.0,A
9034,253.254945497746,2.0,C
9035,534.4647832262549,2.0,C
9036,727.6440172462293,2.0,A
9037,909.6582646752884,4.0,B
9038,233.94397032450755,1.0,C
9039,269.2825616568136,1.0,C
9040,73.05510869659366,4.0,B
9041,510.3825986297705,1.0,C
9042,379.6885982618923,1.0,C
9043,213.2628045642566,2.0,D
9044,-136.50630545236902,4.0,B
9045,551.2485058795487,2.0,C
9046,208.01914957095005,1.0,D
9047,-152.54526045874582,4.0,B
9048,327.2330309417162,2.0,C
9049,436.7736542376354,2.0,C
9050,111.65115397082208,2.0,D
9051,871.1778542346842,4.0,B
9052,-39.07478247700175,4.0,B
9053,477.2115927264703,2.0,C
9054,224.1820828372337,2.0,D
9055,661.2515739740957,2.0,A
9056,848.6562236740714,2.0,A
9057,237.5710400388231,4.0,B
9058,988.0136925339924,1.0,A
9059,176.97108458732316,2.0,D
9060,278.83511306477226,2.0,C
9061,328.94083624006123,2.0,C
9062,-582.5143644582585,1.0,D
9063,-206.98792167804905,2.0,D
9064,275.7271769403821,2.0,C
9065,709.0089059773488,4.0,B
9066,174.65258841337155,4.0,B
9067,282.68842550866856,2.0,C
9068,460.3510795437599,2.0,C
9069,228.44145993240085,2.0,D
9070,-10.210984115297435,2.0,D
9071,389.32614959892686,1.0,C
9072,170.51520684280155,2.0,D
9073,443.449775602662,1.0,C
9074,-53.63777541908644,2.0,D
9075,421.76411920766674,2.0,C
9076,186.4706439914281,4.0,B
9077,750.2212798553649,2.0,A
9078,491.55656272148576,4.0,B
9079,177.49076683654283,1.0,D
9080,687.860590530942,4.0,B
9081,744.2013453185051,2.0,A
9082,942.9983414616382,4.0,B
9083,432.3586271707207,1.0,C
9084,29.220129397501974,1.0,D
9085,478.8868060862475,1.0,C
9086,554.2339468085003,2.0,C
9087,189.7946331745823,2.0,D
9088,-72.44042089536941,4.0,B
9089,203.8896569560277,4.0,B
9090,142.18152491539433,2.0,D
9091,445.1763151312442,1.0,C
9092,847.2589615660931,2.0,A
9093,413.02092179767874,2.0,C
9094,170.5076241334534,2.0,D
9095,510.4633044176479,2.0,C
9096,212.2566028392908,1.0,D
9097,688.3759893619604,2.0,A
9098,139.16234474943724,2.0,D
9099,530.7335946960987,4.0,B
9100,316.1717409324952,2.0,C
9101,182.87957148420395,2.0,D
9102,334.56993291334106,1.0,C
9103,214.3573757066114,2.0,D
9104,189.77426591882264,2.0,D
9105,-85.84639521397668,1.0,D
9106,635.0613874110363,1.0,C
9107,325.1051554982822,4.0,B
9108,495.1018802130288,2.0,C
9109,409.5466603840801,1.0,C
9110,549.1959413290201,2.0,C
9111,378.3804029306931,4.0,B
9112,501.7011855864706,2.0,C
9113,487.1027459256039,2.0,C
9114,-72.86275617857274,1.0,D
9115,650.8466235291603,2.0,A
9116,185.7263457776481,2.0,D
9117,515.3256861919922,4.0,B
9118,650.7812793208225,4.0,B
9119,412.7979503750692,2.0,C
9120,929.931566778358,2.0,A
9121,157.16396839105457,2.0,D
9122,709.7370611073718,1.0,A
9123,523.5911491548092,2.0,C
9124,-117.86286176281828,1.0,D
9125,371.6420412591712,1.0,C
9126,560.1888349597153,2.0,C
9127,920.3056088086992,2.0,A
9128,-454.7621455127395,2.0,D
9129,416.6007442211735,1.0,C
9130,129.06357131174605,2.0,D
9131,172.25920824628292,4.0,B
9132,697.5768633598401,4.0,B
9133,1026.1404455970858,2.0,A
9134,270.1147069092672,4.0,B
9135,-122.38860454551627,4.0,B
9136,391.7101525055405,4.0,B
9137,479.552556871819,1.0,C
9138,-323.8780851124656,4.0,B
9139,95.88226671100722,1.0,D
9140,684.046584381086,1.0,A
9141,393.45253045660814,2.0,C
9142,454.1397243805686,2.0,C
9143,-185.8180239926733,4.0,B
9144,471.1757651231335,2.0,C
9145,300.43954456040194,1.0,C
9146,670.8420712326149,2.0,A
9147,966.4163535809398,2.0,A
9148,198.94820701799384,1.0,D
9149,618.5215342712506,4.0,B
9150,211.6432608750816,1.0,D
9151,444.83210972798673,1.0,C
9152,18.706800070236284,1.0,D
9153,729.0957305632336,2.0,A
9154,716.6212982414137,2.0,A
9155,487.813985220604,2.0,C
9156,449.2514237357968,2.0,C
9157,-353.83938543682245,4.0,B
9158,-131.07197920974852,1.0,D
9159,767.8296384161406,4.0,B
9160,-48.977067441220186,1.0,D
9161,168.35807730251693,2.0,D
9162,81.81617389184748,4.0,B
9163,598.3988943161366,2.0,C
9164,191.7459915804337,2.0,D
9165,1247.7564051191516,4.0,A
9166,455.9567885202404,2.0,C
9167,331.7808902494808,4.0,B
9168,-8.402705105334292,2.0,D
9169,556.4730068381317,1.0,C
9170,686.7109555384109,2.0,A
9171,477.0164807607089,2.0,C
9172,263.29470732250013,1.0,C
9173,-161.3374743175906,2.0,D
9174,739.1260831999356,1.0,A
9175,426.6981478282164,2.0,C
9176,532.4960949437262,2.0,C
9177,322.88082072879024,4.0,B
9178,77.76027928171476,1.0,D
9179,369.0640830695125,1.0,C
9180,420.57014245493866,4.0,B
9181,453.8424609346764,2.0,C
9182,222.70758319152293,2.0,D
9183,1076.9497268473028,2.0,A
9184,288.94302016043486,4.0,B
9185,619.4608623797633,2.0,A
9186,176.67728896351338,1.0,D
9187,695.2606132734363,1.0,A
9188,174.6648419936437,1.0,D
9189,203.07459318840932,4.0,B
9190,168.51934327465943,4.0,B
9191,545.8622748498158,2.0,C
9192,285.28522802368553,1.0,C
9193,849.5670826051014,2.0,A
9194,194.4518442430508,1.0,D
9195,887.5855558081081,1.0,A
9196,220.47154393755508,4.0,B
9197,233.9041487475734,2.0,D
9198,685.6508917658541,1.0,A
9199,-100.50067924078375,2.0,D
9200,840.9605299203279,2.0,A
9201,872.6516674007025,4.0,B
9202,274.54077572388,2.0,C
9203,235.3031241557612,4.0,B
9204,741.9692704452982,4.0,B
9205,131.25832829237612,2.0,D
9206,404.9770513217897,4.0,B
9207,428.4572491067656,4.0,B
9208,413.30744369688745,1.0,C
9209,574.728668679305,2.0,C
9210,-81.72488894793395,4.0,B
9211,849.4924674201625,2.0,A
9212,704.9651641539981,4.0,B
9213,241.43409021915727,2.0,D
9214,889.203059990452,2.0,A
9215,776.679457890634,2.0,A
9216,584.0527226163472,2.0,C
9217,581.7939420718994,4.0,B
9218,203.80887110074025,2.0,D
9219,399.2233064350887,2.0,C
9220,18.008945054849733,2.0,D
9221,542.9167685323307,2.0,C
9222,600.487554749241,2.0,C
9223,762.7131678834926,1.0,A
9224,243.51788476117105,1.0,C
9225,260.21597879038825,2.0,C
9226,265.3119555858327,4.0,B
9227,179.95887383162426,2.0,D
9228,597.2158749560233,1.0,C
9229,236.5928416491008,2.0,D
9230,754.4823008155349,2.0,A
9231,933.228663921444,1.0,A
9232,702.5295790806649,1.0,A
9233,387.0707485132166,2.0,C
9234,467.5157742168402,2.0,C
9235,244.2898766809625,2.0,D
9236,556.3532382352751,2.0,C
9237,166.99044652874232,4.0,B
9238,122.74170547621088,2.0,D
9239,62.94421297206344,2.0,D
9240,-224.52581477545695,2.0,D
9241,621.3822808658202,1.0,C
9242,386.0555308022059,2.0,C
9243,404.3343483443235,1.0,C
9244,491.1796596742524,4.0,B
9245,518.9457002919193,2.0,C
9246,528.2781833127217,1.0,C
9247,1090.0287995246708,2.0,A
9248,505.3434001514646,4.0,B
9249,406.5302712763759,2.0,C
9250,164.78119680675783,1.0,D
9251,349.01494496974067,1.0,C
9252,402.2776186333382,1.0,C
9253,280.9819083880331,1.0,C
9254,285.22405614317296,4.0,B
9255,271.38610792435844,4.0,B
9256,354.6748576014311,1.0,C
9257,-245.18236346061812,4.0,B
9258,116.27365641114994,2.0,D
9259,769.8963298786459,4.0,B
9260,560.8455561838533,2.0,C
9261,90.25483460797808,2.0,D
9262,242.02203413748575,4.0,B
9263,581.8514805969834,4.0,B
9264,114.00178682450657,2.0,D
9265,399.8283951154748,2.0,C
9266,146.31719991071589,2.0,D
9267,408.1249109305378,4.0,B
9268,531.6548393020616,2.0,C
9269,534.6466526970814,2.0,C
9270,662.8372431608615,2.0,A
9271,224.5511570752993,4.0,B
9272,334.01985365472984,1.0,C
9273,210.5597329676037,4.0,B
9274,349.0126460593465,2.0,C
9275,415.1186095807876,2.0,C
9276,585.410478433399,4.0,B
9277,466.4376175259372,2.0,C
9278,578.9908449704956,2.0,C
9279,554.3445747770762,2.0,C
9280,159.36454141159925,2.0,D
9281,693.4418734627627,4.0,B
9282,462.9075572852452,1.0,C
9283,746.5034837703481,2.0,A
9284,953.9416851347314,4.0,B
9285,917.3229142631944,1.0,A
9286,756.6616998188858,4.0,B
9287,698.1701120314742,2.0,A
9288,985.2407102425052,1.0,A
9289,254.6041163913857,1.0,C
9290,649.357861135551,2.0,A
9291,401.8155084656068,2.0,C
9292,-3.085703217815535,2.0,D
9293,645.3807800042295,2.0,A
9294,118.78739029886884,1.0,D
9295,257.39076127125213,4.0,B
9296,278.824819729478,1.0,C
9297,280.09256167349486,4.0,B
9298,256.5442421837418,4.0,B
9299,676.6420281487485,2.0,A
9300,766.6238598292952,2.0,A
9301,367.8094318517908,4.0,B
9302,214.15343288072253,2.0,D
9303,268.38219578866426,1.0,C
9304,-238.3790239542983,2.0,D
9305,857.2978711324199,2.0,A
9306,457.5319295010133,4.0,B
9307,-44.88242785824906,2.0,D
9308,730.1497930402916,4.0,B
9309,223.4873248359308,4.0,B
9310,504.9191553610762,1.0,C
9311,42.95610655380722,2.0,D
9312,822.2881562201405,4.0,B
9313,142.83704085808165,2.0,D
9314,672.3700435095815,2.0,A
9315,784.897214270142,1.0,A
9316,242.25842668251,1.0,C
9317,-169.6121548159358,4.0,B
9318,311.16523856567534,2.0,C
9319,681.1251428543789,1.0,A
9320,414.41189095626095,4.0,B
9321,605.7515719252705,2.0,C
9322,112.63146455302564,2.0,D
9323,210.09003330195293,2.0,D
9324,496.680139370018,2.0,C
9325,39.75764258588981,4.0,B
9326,298.90996904290097,2.0,C
9327,1002.7934648517454,2.0,A
9328,622.199256246848,1.0,C
9329,762.5924201122448,2.0,A
9330,219.17645805372587,2.0,D
9331,157.0539009372201,2.0,D
9332,138.1575302133972,2.0,D
9333,597.9555275211887,2.0,C
9334,706.1360025292595,2.0,A
9335,649.0174490679219,1.0,A
9336,225.7439127408548,2.0,D
9337,614.774325502913,2.0,A
9338,153.4339080996626,1.0,D
9339,577.7627248824855,2.0,C
9340,184.8149048019505,4.0,B
9341,698.4079866384038,1.0,A
9342,665.214023647147,4.0,B
9343,469.0082440534573,1.0,C
9344,848.1846798296684,2.0,A
9345,666.8642351158151,1.0,A
9346,375.0747684722288,2.0,C
9347,81.01146233236676,2.0,D
9348,922.3553286631104,2.0,A
9349,466.430117182056,2.0,C
9350,360.3341728174002,1.0,C
9351,355.73400840050573,4.0,B
9352,471.4588217745653,1.0,C
9353,510.1302143784158,1.0,C
9354,44.14759039237225,2.0,D
9355,167.5436136706743,2.0,D
9356,396.3981410948473,2.0,C
9357,350.0077121230539,2.0,C
9358,499.71528323077,2.0,C
9359,-159.20401336870532,4.0,B
9360,340.80022156967925,2.0,C
9361,542.3096829039989,2.0,C
9362,260.3900729382693,2.0,C
9363,1184.8824792216365,2.0,A
9364,192.2450780504325,4.0,B
9365,406.6649938869021,2.0,C
9366,95.30053479986503,2.0,D
9367,208.1887816618988,4.0,B
9368,253.37718331399543,4.0,B
9369,292.27112140013503,1.0,C
9370,109.11004314091048,2.0,D
9371,562.7239837111404,4.0,B
9372,540.9232920076641,2.0,C
9373,-24.44640470072261,1.0,D
9374,-119.26652051000212,4.0,B
9375,279.87354745257664,2.0,C
9376,535.4873316239274,1.0,C
9377,791.0714769479289,2.0,A
9378,-178.44242427735753,4.0,B
9379,165.1183204493674,2.0,D
9380,137.37286824228175,4.0,B
9381,295.68854819049625,2.0,C
9382,220.5274556497129,4.0,B
9383,406.009466447324,2.0,C
9384,347.4141154365477,2.0,C
9385,27.31231048837992,4.0,B
9386,472.1680637936257,2.0,C
9387,86.2170921910128,1.0,D
9388,187.97884633267864,2.0,D
9389,551.4324741209999,4.0,B
9390,538.1170366629938,2.0,C
9391,350.4277253056563,2.0,C
9392,621.3108386586118,2.0,A
9393,529.7287445247993,4.0,B
9394,352.8119948970739,4.0,B
9395,473.0019946585541,4.0,B
9396,435.6350925267669,1.0,C
9397,674.4694155646446,1.0,A
9398,348.86957059932024,1.0,C
9399,-36.75517767510604,1.0,D
9400,455.0799790264627,2.0,C
9401,623.0377316786471,2.0,A
9402,394.9218298493504,2.0,C
9403,435.6944946258206,2.0,C
9404,489.8359536834981,2.0,C
9405,494.3725973182666,2.0,C
9406,467.8437673228656,2.0,C
9407,587.1418011543363,2.0,C
9408,200.56040668300727,4.0,B
9409,575.9409395318918,1.0,C
9410,83.28419857580491,1.0,D
9411,122.90301114297756,2.0,D
9412,437.9803001341973,1.0,C
9413,285.7024855041634,2.0,C
9414,178.36146341613534,2.0,D
9415,306.48422761978185,4.0,B
9416,879.2592840038778,4.0,B
9417,440.90125152356086,1.0,C
9418,169.2110010388416,2.0,D
9419,220.4158947546831,4.0,B
9420,314.319142639258,2.0,C
9421,109.83828076905382,1.0,D
9422,655.6863670462888,2.0,A
9423,355.40059037172745,2.0,C
9424,663.9966966240968,4.0,B
9425,1089.7557725447432,1.0,A
9426,-43.656601870757015,4.0,B
9427,581.8854904369465,4.0,B
9428,102.70919646660388,2.0,D
9429,549.3062561069811,1.0,C
9430,100.36018666284195,2.0,D
9431,521.2695903893672,4.0,B
9432,368.5839177336629,2.0,C
9433,445.7799212880943,4.0,B
9434,58.23850334135648,2.0,D
9435,601.7026681551046,4.0,B
9436,755.3994617450765,4.0,B
9437,754.7472914061905,1.0,A
9438,326.98358710831104,4.0,B
9439,539.9261073871938,2.0,C
9440,676.6661336659602,2.0,A
9441,478.7218542107836,2.0,C
9442,583.5849057441733,2.0,C
9443,714.9617472540273,2.0,A
9444,448.817674766998,1.0,C
9445,734.3747805515048,2.0,A
9446,164.1149482160459,4.0,B
9447,822.6680087288311,1.0,A
9448,211.9573596527833,2.0,D
9449,513.6619943568843,4.0,B
9450,861.4155338615668,2.0,A
9451,724.7911856170733,4.0,B
9452,152.57583717973944,4.0,B
9453,344.00052141226723,2.0,C
9454,709.1003511211311,1.0,A
9455,-64.75489151408334,4.0,B
9456,398.4847690084973,2.0,C
9457,506.088162346899,2.0,C
9458,-129.7026670068443,2.0,D
9459,518.0830178506997,4.0,B
9460,520.7503000717563,4.0,B
9461,177.4627953022407,1.0,D
9462,256.66183962184965,4.0,B
9463,296.4896724408271,2.0,C
9464,526.0054558739056,2.0,C
9465,1072.693057262523,4.0,A
9466,248.42318324777904,1.0,C
9467,432.8900163494416,1.0,C
9468,248.4921045020342,2.0,C
9469,73.23679138185338,1.0,D
9470,101.06663208345044,4.0,B
9471,741.9614547311241,2.0,A
9472,880.2385651355276,2.0,A
9473,108.72302678234638,2.0,D
9474,45.93471688405117,4.0,B
9475,-125.03356511537618,2.0,D
9476,314.4307474498045,2.0,C
9477,468.914835022415,4.0,B
9478,779.2049358110195,2.0,A
9479,903.6760317889466,1.0,A
9480,524.8597402324037,4.0,B
9481,394.6724135887681,1.0,C
9482,500.8673718516887,1.0,C
9483,763.2281627462294,2.0,A
9484,470.7451191576304,1.0,C
9485,412.7852262173455,2.0,C
9486,-115.53669503178752,1.0,D
9487,462.0068810453715,1.0,C
9488,-39.177989703408514,2.0,D
9489,844.7947753350518,2.0,A
9490,63.08995654277669,2.0,D
9491,429.3811108089401,2.0,C
9492,210.6671635427076,2.0,D
9493,878.8395589621518,2.0,A
9494,-13.37840556121671,2.0,D
9495,604.3082247625402,2.0,C
9496,923.4324260932868,2.0,A
9497,130.66598145209775,2.0,D
9498,448.0191235203882,2.0,C
9499,342.9056864721363,2.0,C
9500,296.23127742960787,4.0,B
9501,877.7472065824998,1.0,A
9502,372.26157816015353,4.0,B
9503,831.8600040201145,2.0,A
9504,606.0640402500693,1.0,C
9505,850.2193486809274,2.0,A
9506,390.0999777323047,1.0,C
9507,261.80741379280244,1.0,C
9508,662.9417402138856,1.0,A
9509,694.3398328054641,2.0,A
9510,512.9233629641511,2.0,C
9511,691.7217020564807,2.0,A
9512,339.8142127037289,2.0,C
9513,934.2324062658817,2.0,A
9514,697.4065691108714,2.0,A
9515,-70.44215553479114,4.0,B
9516,416.1235228533384,4.0,B
9517,434.19133099443326,2.0,C
9518,640.5951383282211,2.0,A
9519,534.9175396476569,2.0,C
9520,345.4527178625603,2.0,C
9521,-87.08727349934765,2.0,D
9522,367.6828568267492,1.0,C
9523,427.536760652627,2.0,C
9524,291.3184767599511,4.0,B
9525,470.2257867809232,2.0,C
9526,268.61445039612045,1.0,C
9527,291.1268299113735,2.0,C
9528,454.00457121891856,1.0,C
9529,580.4797203458273,2.0,C
9530,535.5606251967995,2.0,C
9531,621.4049306174866,4.0,B
9532,524.5212956865832,1.0,C
9533,831.8969998192022,2.0,A
9534,731.971201442954,2.0,A
9535,875.6180775191845,2.0,A
9536,680.3097251853279,2.0,A
9537,712.1232941230016,2.0,A
9538,-31.92838899570052,1.0,D
9539,387.9949783435632,1.0,C
9540,511.7429093358933,1.0,C
9541,433.3625520234232,1.0,C
9542,413.2656306707012,2.0,C
9543,7.680042766800625,4.0,B
9544,354.4500237883641,2.0,C
9545,288.14203420480715,2.0,C
9546,443.12508335677455,2.0,C
9547,240.0166912675611,2.0,D
9548,319.53902712723294,4.0,B
9549,190.8182579348439,1.0,D
9550,618.2581119975273,1.0,C
9551,73.52000366959061,1.0,D
9552,577.715953549711,4.0,B
9553,625.8125294581188,1.0,C
9554,945.8176242988428,2.0,A
9555,92.9965735509279,2.0,D
9556,593.4771749726126,1.0,C
9557,247.151057561518,1.0,C
9558,440.0054491372907,1.0,C
9559,427.39603264417,2.0,C
9560,508.6620571435325,2.0,C
9561,403.1122419562721,2.0,C
9562,379.04974610860086,1.0,C
9563,204.5353872573681,2.0,D
9564,386.4431529488035,2.0,C
9565,402.19004226696,2.0,C
9566,358.2816946989763,4.0,B
9567,255.3174711307601,2.0,C
9568,355.7173093467645,2.0,C
9569,1010.0095282916408,2.0,A
9570,681.3227467234345,2.0,A
9571,365.51040603188153,1.0,C
9572,400.19956588733714,2.0,C
9573,689.2824075787687,4.0,B
9574,362.0183875947374,2.0,C
9575,176.59524261748547,4.0,B
9576,-174.50971073037715,2.0,D
9577,523.7812858924885,4.0,B
9578,783.7026614662227,4.0,B
9579,416.7403135007574,2.0,C
9580,251.41729823791096,2.0,C
9581,252.5360605645078,2.0,C
9582,536.9627759322454,2.0,C
9583,608.9788066777654,4.0,B
9584,443.6552113131512,4.0,B
9585,437.919927176875,1.0,C
9586,404.9550402972687,1.0,C
9587,-137.34203842955162,4.0,B
9588,595.2103823057133,1.0,C
9589,637.2862529316433,2.0,A
9590,507.7470104247594,2.0,C
9591,160.9712831705662,2.0,D
9592,282.0368067089813,4.0,B
9593,338.63867197284003,2.0,C
9594,643.642655377053,2.0,A
9595,613.4007604576958,1.0,C
9596,577.1739047806738,2.0,C
9597,253.07240366367105,2.0,C
9598,669.3792396011045,1.0,A
9599,51.32584947071774,2.0,D
9600,563.8839890571871,2.0,C
9601,469.7643027762608,1.0,C
9602,-2.3131274826595813,4.0,B
9603,225.68705823964095,1.0,D
9604,97.59805527617596,2.0,D
9605,756.2623105652374,4.0,B
9606,607.6991737007988,1.0,C
9607,700.6421328199483,2.0,A
9608,575.1270759889487,1.0,C
9609,569.2498175770545,2.0,C
9610,363.50598683071377,4.0,B
9611,216.2891708941624,2.0,D
9612,434.073473296396,2.0,C
9613,509.9085052714619,4.0,B
9614,606.1855968646296,1.0,C
9615,505.2560971293176,2.0,C
9616,292.503699905795,2.0,C
9617,-294.1192939442527,2.0,D
9618,891.9187576483375,2.0,A
9619,164.081430145413,2.0,D
9620,730.8419712131256,2.0,A
9621,212.34306130973863,1.0,D
9622,794.24883790315,4.0,B
9623,453.0482643727024,2.0,C
9624,282.73084431659987,1.0,C
9625,676.817562137463,2.0,A
9626,-6.54461459978603,2.0,D
9627,482.8119727141696,4.0,B
9628,141.36751634050609,2.0,D
9629,412.2936156459339,2.0,C
9630,-26.36621132986886,2.0,D
9631,308.44268568147754,2.0,C
9632,358.0777271250873,4.0,B
9633,554.2412929039332,1.0,C
9634,532.3349789202975,2.0,C
9635,433.1300951728063,1.0,C
9636,532.6015673030593,1.0,C
9637,121.7230371841864,2.0,D
9638,328.8922502704571,2.0,C
9639,841.1118491443959,2.0,A
9640,322.4281486529791,2.0,C
9641,163.8669265872851,1.0,D
9642,566.5874253429589,2.0,C
9643,210.359621559157,1.0,D
9644,937.0767939814652,2.0,A
9645,452.9026504280317,2.0,C
9646,-49.8783411995708,1.0,D
9647,383.5022032140322,2.0,C
9648,648.1010727589269,2.0,A
9649,291.15025802883065,1.0,C
9650,620.9674901671976,1.0,C
9651,76.29677888056574,1.0,D
9652,429.8482103389447,2.0,C
9653,1007.9125586696016,2.0,A
9654,102.43192590109544,4.0,B
9655,585.7555786862335,2.0,C
9656,54.62795385648968,2.0,D
9657,240.9382608501164,4.0,B
9658,806.472441390121,4.0,B
9659,-108.35992325593789,2.0,D
9660,929.0655339804888,2.0,A
9661,173.25950363040445,2.0,D
9662,526.4199886369504,4.0,B
9663,323.85591742589816,1.0,C
9664,257.76879088612566,4.0,B
9665,813.2215855713168,4.0,B
9666,30.20412204740751,2.0,D
9667,657.6017755535058,4.0,B
9668,1002.5661061288108,1.0,A
9669,108.16850849966102,1.0,D
9670,434.0024526625171,2.0,C
9671,1093.0652996883682,2.0,A
9672,360.16075710652024,2.0,C
9673,-174.51782904773404,2.0,D
9674,349.6709586900859,2.0,C
9675,-136.04234375308522,4.0,B
9676,610.8101781025246,2.0,A
9677,652.067482999284,2.0,A
9678,-257.08166336318686,1.0,D
9679,289.71353076735386,4.0,B
9680,353.74478626376936,2.0,C
9681,564.681320268953,2.0,C
9682,415.57485767345474,2.0,C
9683,314.17143646250736,2.0,C
9684,436.2412639459856,1.0,C
9685,238.19460265871467,1.0,C
9686,86.50007138032163,4.0,B
9687,810.8646497382264,2.0,A
9688,376.87772692007695,2.0,C
9689,261.0647514692072,1.0,C
9690,366.4830644699524,1.0,C
9691,442.67967457024713,1.0,C
9692,783.552313465503,1.0,A
9693,78.77143702377339,1.0,D
9694,292.69499708323,2.0,C
9695,600.8925891703386,1.0,C
9696,248.76339136255325,2.0,C
9697,297.8890953841143,1.0,C
9698,296.42859138171,2.0,C
9699,164.34782095020478,4.0,B
9700,-19.04674762066276,2.0,D
9701,222.73461557050345,2.0,D
9702,204.73570457681157,2.0,D
9703,-87.96612008065978,2.0,D
9704,20.95133371607693,4.0,B
9705,-205.28853806926872,2.0,D
9706,709.7131384269745,2.0,A
9707,629.2001029474042,1.0,C
9708,422.322962775492,4.0,B
9709,385.8153743853072,2.0,C
9710,23.15937939044335,4.0,B
9711,384.08362854916845,2.0,C
9712,174.19758813055896,2.0,D
9713,507.8559229025794,4.0,B
9714,303.6953954610905,2.0,C
9715,530.0550096997096,2.0,C
9716,499.3741290867238,4.0,B
9717,294.22038600497046,2.0,C
9718,419.2236686699216,4.0,B
9719,146.860270052088,2.0,D
9720,479.6819730145957,1.0,C
9721,227.58207073797303,2.0,D
9722,235.66866722334956,2.0,D
9723,247.8639544153587,2.0,C
9724,629.6650153238049,1.0,C
9725,957.0804461913448,1.0,A
9726,175.1510128499467,1.0,D
9727,680.9207757679774,4.0,B
9728,42.56850668828406,1.0,D
9729,733.4422903723806,4.0,B
9730,401.4219411823139,4.0,B
9731,548.7211185989413,2.0,C
9732,745.1202301111794,2.0,A
9733,842.9544687639118,4.0,B
9734,11.631043789366458,4.0,B
9735,383.41720568897495,2.0,C
9736,925.0651382914664,1.0,A
9737,529.6768702310334,4.0,B
9738,583.3186673843961,1.0,C
9739,-83.59673680981092,2.0,D
9740,973.5350763304332,2.0,A
9741,544.6186646094311,1.0,C
9742,232.48263185719392,2.0,D
9743,213.63216178262076,2.0,D
9744,222.8570854584906,1.0,D
9745,806.1152571535506,2.0,A
9746,237.3962668996497,1.0,C
9747,406.744167883182,4.0,B
9748,906.1609560969588,4.0,B
9749,690.7222935641935,2.0,A
9750,789.0365820840473,2.0,A
9751,339.57102030413586,2.0,C
9752,178.9020145058135,4.0,B
9753,312.5291803765605,2.0,C
9754,462.1655458128335,1.0,C
9755,306.9771057472851,2.0,C
9756,443.7621823013322,2.0,C
9757,995.5501646996792,2.0,A
9758,964.413679739402,2.0,A
9759,573.2828966185666,4.0,B
9760,568.2034149845306,1.0,C
9761,492.3328395900705,2.0,C
9762,808.9692717928856,2.0,A
9763,559.5548409303548,2.0,C
9764,1047.5115378748533,2.0,A
9765,432.99234380039934,1.0,C
9766,645.5818899736148,2.0,A
9767,552.9051378618565,2.0,C
9768,-438.1456463996324,1.0,D
9769,471.3651364394962,2.0,C
9770,705.9882053284914,4.0,B
9771,285.2898032540996,4.0,B
9772,238.03016780839076,2.0,D
9773,43.0697865748096,1.0,D
9774,76.83944340357158,2.0,D
9775,165.879506472185,4.0,B
9776,241.12958553961,4.0,B
9777,328.10753819208924,2.0,C
9778,86.67191271687176,2.0,D
9779,417.9770470558575,4.0,B
9780,296.8042681641994,4.0,B
9781,432.9376617752799,2.0,C
9782,635.2059492621669,1.0,C
9783,259.16319629777433,4.0,B
9784,160.44777262594397,4.0,B
9785,230.57626230812147,2.0,D
9786,421.318529037871,1.0,C
9787,161.17629909764614,4.0,B
9788,633.0152904608425,2.0,A
9789,570.8569898810509,2.0,C
9790,501.6989715832885,2.0,C
9791,878.6270818153628,2.0,A
9792,309.7162222515017,1.0,C
9793,465.3109835130845,2.0,C
9794,-329.2775330974963,2.0,D
9795,677.6854524856813,4.0,B
9796,647.8426663684437,1.0,A
9797,579.5603066882052,4.0,B
9798,-34.97586370273484,4.0,B
9799,217.9148375216592,2.0,D
9800,566.2226319366546,2.0,C
9801,611.8643906203886,1.0,C
9802,523.8803923744975,1.0,C
9803,232.13535819489329,1.0,D
9804,40.047440462359134,4.0,B
9805,348.6632849223083,4.0,B
9806,-160.04132378370844,2.0,D
9807,280.8218078092059,1.0,C
9808,358.4218374809744,2.0,C
9809,221.6278673727656,2.0,D
9810,674.9324156956443,2.0,A
9811,258.0681609878087,4.0,B
9812,551.3088303067985,1.0,C
9813,182.444805822514,4.0,B
9814,702.3573325313153,2.0,A
9815,648.2015148491723,4.0,B
9816,108.79185384521486,2.0,D
9817,651.8337973877481,1.0,A
9818,173.93614591030942,2.0,D
9819,566.4117940283109,4.0,B
9820,1093.9448274675638,2.0,A
9821,133.4316181453317,4.0,B
9822,725.7663853623937,2.0,A
9823,330.88522271240936,4.0,B
9824,771.7524381664821,1.0,A
9825,468.3576414914845,1.0,C
9826,242.1516708733429,1.0,C
9827,277.125381613816,2.0,C
9828,700.7993270591801,2.0,A
9829,657.880048219327,1.0,A
9830,173.38465830869188,2.0,D
9831,1084.3231394383074,2.0,A
9832,796.5525890472416,1.0,A
9833,333.40008258787736,2.0,C
9834,352.0238498685152,4.0,B
9835,456.41695099667015,1.0,C
9836,-143.46480148530452,2.0,D
9837,363.6103115408291,2.0,C
9838,177.90873406435892,2.0,D
9839,446.0892154905202,4.0,B
9840,461.7126951445034,4.0,B
9841,302.3088672558863,2.0,C
9842,-264.102257744055,2.0,D
9843,277.0132796409254,1.0,C
9844,-140.87693247811524,4.0,B
9845,99.03563661262967,2.0,D
9846,71.42916062874878,4.0,B
9847,639.1882466950284,2.0,A
9848,553.196868391298,2.0,C
9849,232.3386615949153,4.0,B
9850,704.160691992436,1.0,A
9851,-100.82717611481064,2.0,D
9852,749.6653239000902,4.0,B
9853,269.54909192270134,4.0,B
9854,128.08969474299283,2.0,D
9855,361.9603961289408,2.0,C
9856,274.85585974110245,2.0,C
9857,267.2906133820106,2.0,C
9858,241.28862558291212,4.0,B
9859,691.4459910673827,4.0,B
9860,-255.63521123132068,4.0,B
9861,-15.896588351917387,1.0,D
9862,347.0055614401047,2.0,C
9863,891.4893627346866,4.0,B
9864,208.0747140796948,1.0,D
9865,520.9367946342134,2.0,C
9866,50.94799497227848,2.0,D
9867,168.61684966839775,2.0,D
9868,460.42394178895006,4.0,B
9869,1128.4891293327478,1.0,A
9870,473.8300829873506,2.0,C
9871,279.2647438650812,2.0,C
9872,557.83165569939,2.0,C
9873,-55.9791967308073,2.0,D
9874,81.64777559693363,2.0,D
9875,654.0521111691266,2.0,A
9876,538.2156551117681,4.0,B
9877,190.71284633142588,2.0,D
9878,17.563772219123734,4.0,B
9879,24.705784402586005,4.0,B
9880,371.01871797848463,2.0,C
9881,262.0942556494521,2.0,C
9882,240.6583280691831,2.0,D
9883,951.924780475718,2.0,A
9884,162.08507020637154,4.0,B
9885,283.1266637223006,4.0,B
9886,690.5377503148693,1.0,A
9887,355.357190822596,2.0,C
9888,-135.77836364238033,1.0,D
9889,1246.7991536969826,1.0,A
9890,744.1622577017044,1.0,A
9891,651.0007226983432,1.0,A
9892,134.84781431454496,4.0,B
9893,357.6627499146451,1.0,C
9894,308.17381709722264,2.0,C
9895,751.0067205807186,2.0,A
9896,-222.06630661574764,2.0,D
9897,529.6703293984015,1.0,C
9898,365.6400468293293,4.0,B
9899,274.6638050246745,4.0,B
9900,656.6684462138405,2.0,A
9901,479.9323907306559,2.0,C
9902,273.73009779082315,1.0,C
9903,619.7819664631617,2.0,A
9904,349.4678621978758,4.0,B
9905,100.06379820850168,4.0,B
9906,375.6717099262843,2.0,C
9907,395.3654395874893,4.0,B
9908,989.4102799695944,1.0,A
9909,775.2614988899165,2.0,A
9910,625.6706126306008,2.0,A
9911,559.6814067549942,1.0,C
9912,267.2328810569869,4.0,B
9913,607.9840703519529,2.0,A
9914,724.8618777327401,1.0,A
9915,361.05738586441936,4.0,B
9916,452.4975422525129,4.0,B
9917,631.3036521409551,2.0,A
9918,997.8609812598016,2.0,A
9919,372.7389580961746,2.0,C
9920,49.022938223469566,2.0,D
9921,482.5243876944796,4.0,B
9922,763.4039485673682,2.0,A
9923,439.35129074650064,1.0,C
9924,510.5008451587986,2.0,C
9925,808.5660002571105,2.0,A
9926,-73.65723687980176,2.0,D
9927,153.5628067595199,1.0,D
9928,86.42473969962981,2.0,D
9929,631.5457503831133,2.0,A
9930,199.42906822148072,2.0,D
9931,585.3654084578272,1.0,C
9932,453.6405911831757,2.0,C
9933,415.3046195800547,4.0,B
9934,229.93016814409935,1.0,D
9935,828.3968813742313,2.0,A
9936,548.7827762811404,2.0,C
9937,665.985425770072,1.0,A
9938,484.6074154338655,2.0,C
9939,689.709173034325,4.0,B
9940,181.6666074898543,2.0,D
9941,129.0448018322508,1.0,D
9942,268.9175709075683,2.0,C
9943,245.69237452196063,2.0,D
9944,355.66815207727603,1.0,C
9945,290.19035834857283,1.0,C
9946,190.21411732170867,4.0,B
9947,61.34038652858072,4.0,B
9948,248.2086049025288,2.0,C
9949,507.9909575739114,2.0,C
9950,495.2510834728682,1.0,C
9951,233.93366657834,2.0,D
9952,632.155553387975,2.0,A
9953,804.6263546297341,2.0,A
9954,626.2381613198501,2.0,A
9955,119.89240749321972,4.0,B
9956,-73.61164343551008,2.0,D
9957,115.8729535443366,1.0,D
9958,1009.0063471887378,4.0,B
9959,473.1973298538307,2.0,C
9960,221.89108628875428,2.0,D
9961,397.3478417222549,1.0,C
9962,401.4598639036275,2.0,C
9963,656.9609474955416,2.0,A
9964,13.860674195321508,2.0,D
9965,274.63432990349634,4.0,B
9966,434.2950699049756,1.0,C
9967,442.0918107342672,1.0,C
9968,369.44723259429975,4.0,B
9969,250.72773401478665,2.0,C
9970,-60.75477766773287,4.0,B
9971,1145.913657608527,2.0,A
9972,120.7642338410298,2.0,D
9973,406.2038757626753,2.0,C
9974,802.9991645720679,2.0,A
9975,481.71387346422233,1.0,C
9976,746.7676531519564,4.0,B
9977,580.8026290467999,1.0,C
9978,489.0981533685592,1.0,C
9979,462.3785060656852,1.0,C
9980,226.72756215607552,2.0,D
9981,427.751835496177,4.0,B
9982,35.694736880208495,2.0,D
9983,201.11500189432405,2.0,D
9984,656.5747844790167,2.0,A
9985,581.3577324237854,4.0,B
9986,628.7831945483938,4.0,B
9987,899.4795867873391,4.0,B
9988,537.1515449306057,2.0,C
9989,1065.1744363943249,4.0,A
9990,781.1196053204789,1.0,A
9991,665.2682653343902,4.0,B
9992,296.40704911274975,2.0,C
9993,543.6914096244423,4.0,B
9994,512.0026349821424,4.0,B
9995,648.8362098188261,2.0,A
9996,-157.79342260389433,2.0,D
9997,154.07742829698253,2.0,D
9998,746.5353202094807,1.0,A
9999,287.15356230611513,1.0,C
10000,261.55772287243,4.0,B
