household_id,region,cooking_fuel,consumption_kwh,consumption_kwh_projected
1,Nairobi,charcoal,416.1140686021686,450.4434792618475
2,Nairobi,charcoal,788.8568684730267,853.9375601220514
3,Nairobi,LPG,265.7970058311472,287.72525881221685
4,Nairobi,charcoal,545.0662268320018,590.034190545642
5,Nairobi,firewood,372.09982709874083,402.79806283438694
6,Nairobi,electricity,647.3778784563302,700.7865534289775
7,Nairobi,charcoal,355.855791988718,385.21389482778727
8,Nairobi,electricity,-103.7591210448241,-112.31924853102208
9,Nairobi,charcoal,621.1294626475162,672.3726433159363
10,Nairobi,electricity,-37.58278976750364,-40.683369923322694
11,Nairobi,charcoal,521.2258362456831,564.226967735952
12,Nairobi,firewood,696.3086359056629,753.75409836788
13,Nairobi,LPG,562.0124667302432,608.3784952354882
14,Nairobi,LPG,835.7366210138777,904.6848922475226
15,Nairobi,LPG,559.2473937697805,605.3853037557874
16,Nairobi,electricity,378.0984549450077,409.2915774779708
17,Nairobi,charcoal,426.8558422484166,462.071449233911
18,Nairobi,charcoal,674.7598169078848,730.4275018027853
19,Nairobi,firewood,517.2073740671842,559.876982427727
20,Nairobi,firewood,1063.3775546986762,1151.106202961317
21,Nairobi,LPG,523.4053020028367,566.5862394180707
22,Nairobi,electricity,-100.82135477157908,-109.13911654023435
23,Nairobi,charcoal,192.0827599842251,207.92958768292368
24,Nairobi,electricity,81.48291290976113,88.20525322481642
25,Nairobi,LPG,1108.9109020351825,1200.3960514530852
26,Nairobi,LPG,-178.20558225143748,-192.9075427871811
27,Nairobi,electricity,130.3730471613473,141.12882355215845
28,Nairobi,firewood,242.32934886653146,262.3215201480203
29,Nairobi,electricity,53.2218591164239,57.61266249352887
30,Nairobi,LPG,684.4466902485594,740.9135421940656
31,Nairobi,electricity,597.4385108311224,646.72718797469
32,Nairobi,LPG,602.203197134101,651.8849608976643
33,Nairobi,charcoal,568.6937270363828,615.6109595168845
34,Nairobi,electricity,520.0485107200604,562.9525128544655
35,Nairobi,firewood,-282.0124953637768,-305.27852623128837
36,Nairobi,electricity,698.2165668381303,755.8194336022761
37,Nairobi,firewood,33.16191508486696,35.897773079368484
38,Nairobi,electricity,-66.81298766602208,-72.32505914846891
39,Nairobi,LPG,120.45361193504965,130.39103491969124
40,Nairobi,charcoal,412.54184929186795,446.57655185844703
41,Nairobi,charcoal,-6.108124063009086,-6.612044298207336
42,Nairobi,LPG,1438.9759984217308,1557.6915182915236
43,Nairobi,firewood,186.79146530306008,202.20176119056254
44,Nairobi,charcoal,-15.74899757160506,-17.048289871262476
45,Nairobi,firewood,857.096903856446,927.8073984246029
46,Nairobi,LPG,-81.47890710783241,-88.2009169442286
47,Nairobi,LPG,87.57909534818327,94.80437071440839
48,Nairobi,electricity,467.40309879254085,505.9638544429255
49,Nairobi,charcoal,223.74896762562028,242.20825745473397
50,Nairobi,firewood,810.5891447051804,877.4627491433578
51,Nairobi,LPG,465.5619245486896,503.9707833239565
52,Nairobi,LPG,535.103434529432,579.2494678781102
53,Nairobi,charcoal,409.75817968211436,443.5632295058888
54,Nairobi,LPG,185.17508479147642,200.45202928677324
55,Nairobi,firewood,261.86575738381134,283.4696823679758
56,Nairobi,electricity,350.72326328409,379.6579325050275
57,Nairobi,electricity,279.6414419230217,302.711860881671
58,Nairobi,LPG,288.0200004991295,311.7816505403077
59,Nairobi,firewood,450.6827316890871,487.8640570534368
60,Nairobi,charcoal,513.883446080268,556.2788303818901
61,Nairobi,charcoal,552.7892426448645,598.3943551630658
62,Nairobi,electricity,441.90511181670945,478.362283541588
63,Nairobi,LPG,873.8947728913602,945.9910916548974
64,Nairobi,LPG,363.8439950614263,393.861124653994
65,Nairobi,firewood,98.97144403306572,107.13658816579364
66,Nairobi,charcoal,196.51513265906553,212.72763110343843
67,Nairobi,electricity,724.279282732107,784.032323557506
68,Nairobi,electricity,756.5177490559831,818.9304633531018
69,Nairobi,electricity,412.6593723928996,446.70377061531383
70,Nairobi,electricity,300.92769795198546,325.75423303302426
71,Nairobi,LPG,506.5962935493723,548.3904877671955
72,Nairobi,charcoal,727.5919623098442,787.6182992004063
73,Nairobi,electricity,299.43092275524873,324.13397388255675
74,Nairobi,electricity,262.69134687666957,284.36338299399483
75,Nairobi,charcoal,851.0979893576034,921.3135734796057
76,Nairobi,charcoal,737.7371962253703,798.6005149139634
77,Nairobi,LPG,172.92533673355726,187.19167701407574
78,Nairobi,electricity,649.0175622982372,702.5615111878418
79,Nairobi,firewood,613.6485685850307,664.2745754932957
80,Nairobi,LPG,396.3317764960398,429.0291480569631
81,Nairobi,firewood,274.47703383451784,297.12138912586556
82,Nairobi,LPG,221.61749191155266,239.90093499425575
83,Nairobi,electricity,-224.76735722699846,-243.31066419822582
84,Nairobi,LPG,479.4949885281883,519.0533250817638
85,Nairobi,firewood,396.60591449095546,429.3259024364593
86,Nairobi,electricity,415.85677766230293,450.1649618194429
87,Nairobi,firewood,379.10797111558867,410.3843787326247
88,Nairobi,firewood,2.659846633460859,2.8792839807213797
89,Nairobi,charcoal,604.0392387753645,653.8724759743321
90,Nairobi,charcoal,501.30560092541214,542.6633130017586
91,Nairobi,electricity,812.9576362316404,880.0266412207508
92,Nairobi,charcoal,247.13650248377704,267.5252639386886
93,Nairobi,charcoal,304.8360130767576,329.9849841555901
94,Nairobi,charcoal,191.73779223050317,207.5561600895197
95,Nairobi,charcoal,693.2607216706435,750.4547312084717
96,Nairobi,electricity,833.5594136670536,902.3280652945855
97,Nairobi,charcoal,681.4182672836522,737.6352743345535
98,Nairobi,electricity,489.26866364914895,529.6333284002037
99,Nairobi,charcoal,274.9727898632765,297.65804502699683
100,Nairobi,charcoal,360.5437744854883,390.2886358805411
101,Nairobi,firewood,172.9088597916821,187.17384072449588
102,Nairobi,firewood,655.8353872520138,709.9418067003049
103,Nairobi,charcoal,841.4597256221916,910.8801529860225
104,Nairobi,electricity,349.13288880881987,377.9363521355475
105,Nairobi,LPG,364.12590461254865,394.16629174308395
106,Nairobi,LPG,719.9558565700213,779.352214737048
107,Nairobi,LPG,335.62779936827786,363.31709281616077
108,Nairobi,electricity,596.1025051249928,645.2809617978047
109,Nairobi,electricity,65.7343234433489,71.15740512742518
110,Nairobi,charcoal,382.60115851554855,414.1657540930813
111,Nairobi,charcoal,644.4333283207415,697.5990779072026
112,Nairobi,firewood,632.4303517379408,684.6058557563209
113,Nairobi,charcoal,478.62283509557227,518.109218990957
114,Nairobi,electricity,564.7632995282156,611.3562717392934
115,Nairobi,electricity,467.8482233718415,506.44570180001847
116,Nairobi,firewood,98.41331510579232,106.53241360202018
117,Nairobi,LPG,438.50822822920736,474.685157058117
118,Nairobi,firewood,871.4824390264926,943.3797402461782
119,Nairobi,firewood,-324.4322927684518,-351.1979569218491
120,Nairobi,electricity,-85.5656870319931,-92.62485621213253
121,Nairobi,electricity,47.28300184047674,51.18384949231608
122,Nairobi,LPG,686.6780156951781,743.3289519900303
123,Nairobi,charcoal,-35.44929061036822,-38.3738570857236
124,Nairobi,LPG,424.1010750064617,459.0894136944948
125,Nairobi,charcoal,524.653314521965,567.9372129700271
126,Nairobi,electricity,1056.185325716819,1143.3206150884566
127,Nairobi,LPG,57.1271821794553,61.84017470926037
128,Nairobi,LPG,-293.18612878466206,-317.3739844093967
129,Nairobi,charcoal,71.60477856111407,77.51217279240599
130,Nairobi,electricity,397.9781921990617,430.8113930554843
131,Nairobi,electricity,978.1034792393721,1058.7970162766203
132,Nairobi,charcoal,212.27923170057352,229.79226831587084
133,Nairobi,LPG,511.47715193448545,553.6740169690805
134,Nairobi,LPG,424.24236099818927,459.24235578053987
135,Nairobi,electricity,686.3092285406782,742.9297398952841
136,Nairobi,firewood,508.5198920587948,550.4727831536454
137,Nairobi,electricity,54.27181834522361,58.749243358704554
138,Nairobi,charcoal,-169.81322199764622,-183.82281281245204
139,Nairobi,electricity,347.96878663992,376.6762115377134
140,Nairobi,firewood,502.8556683232368,544.3412609599038
141,Nairobi,LPG,-66.23970274473947,-71.70447822118048
142,Nairobi,charcoal,523.1478914678905,566.3075925139915
143,Nairobi,electricity,719.52640350673,778.8873317960353
144,Nairobi,firewood,13.969548738461185,15.122036509384234
145,Nairobi,firewood,460.0933122151279,498.051010472876
146,Nairobi,electricity,-78.5209506140913,-84.99892903975383
147,Nairobi,firewood,516.3370880280874,558.9348977904045
148,Nairobi,electricity,679.247632933218,735.2855626502085
149,Nairobi,electricity,466.1224718811893,504.5775758113874
150,Nairobi,LPG,356.3586386138367,385.7582262994783
151,Nairobi,electricity,431.59334479058157,467.19979573580457
152,Nairobi,LPG,1110.3176201411152,1201.9188238027573
153,Nairobi,LPG,519.5014888069586,562.3603616335326
154,Nairobi,electricity,-305.2383105198446,-330.4204711377318
155,Nairobi,LPG,222.22446983534599,240.55798859676204
156,Nairobi,firewood,856.8545376355587,927.5450369904923
157,Nairobi,firewood,551.3289365011815,596.813573762529
158,Nairobi,electricity,152.36350665145213,164.93349595019694
159,Nairobi,LPG,286.951994896707,310.6255344756853
160,Nairobi,charcoal,314.8921648097996,340.8707684066081
161,Nairobi,electricity,183.37609117969973,198.50461870202497
162,Nairobi,firewood,344.7726739445964,373.21641954502564
163,Nairobi,charcoal,647.7477981001356,701.1869914433968
164,Nairobi,electricity,417.3255250454609,451.7548808617114
165,Nairobi,electricity,310.9360380319496,336.58826116958545
166,Nairobi,charcoal,35.22369278557562,38.12964744038561
167,Nairobi,charcoal,383.8397901949803,415.5065728860662
168,Nairobi,firewood,-81.42258975800831,-88.139953413044
169,Nairobi,LPG,675.8137378075444,731.5683711766668
170,Nairobi,charcoal,32.95590826008828,35.67477069154556
171,Nairobi,firewood,252.19656057263842,273.0027768198811
172,Nairobi,LPG,681.0976842740215,737.2882432266283
173,Nairobi,electricity,436.79864950530896,472.83453808949696
174,Nairobi,LPG,12.55402755553638,13.589734828868131
175,Nairobi,charcoal,412.9168363506822,446.9824753496135
176,Nairobi,LPG,268.5699147019626,290.72693266487454
177,Nairobi,charcoal,300.21944682969,324.98755119313944
178,Nairobi,LPG,737.3818946228157,798.215900929198
179,Nairobi,LPG,222.92899372678446,241.3206357092442
180,Nairobi,LPG,471.5290965518387,510.4302470173654
181,Nairobi,electricity,358.1670222315073,387.7158015656067
182,Nairobi,electricity,360.1468719819528,389.8589889204639
183,Nairobi,LPG,946.8256394575791,1024.9387547128294
184,Nairobi,electricity,463.75048116292584,502.00989585886725
185,Nairobi,firewood,342.3441644538274,370.58755802126814
186,Nairobi,firewood,-62.367045431932354,-67.51232668006678
187,Nairobi,LPG,302.1580009929995,327.086036074922
188,Nairobi,charcoal,434.45639558670064,470.29904822260346
189,Nairobi,LPG,495.15505918364227,536.0053515662928
190,Nairobi,firewood,105.30571522691326,113.9934367331336
191,Nairobi,firewood,433.65032070118673,469.42647215903463
192,Nairobi,electricity,301.9582118490782,326.8697643266272
193,Nairobi,electricity,808.9805529886188,875.7214486101799
194,Nairobi,charcoal,75.68563808385375,81.92970322577168
195,Nairobi,charcoal,272.8724115366116,295.38438548838207
196,Nairobi,charcoal,14.006649252368732,15.162197815689153
197,Nairobi,LPG,166.72902064636685,180.48416484969212
198,Nairobi,charcoal,331.57805642096787,358.9332460756977
199,Nairobi,LPG,437.68701361143496,473.79619223437834
200,Nairobi,firewood,569.5111948211538,616.4958683938991
201,Nairobi,charcoal,362.8998199621456,392.83905510902264
202,Nairobi,charcoal,140.84868111241553,152.46869730418982
203,Nairobi,electricity,193.34780769107428,209.2990018255879
204,Nairobi,LPG,272.307200043309,294.77254404688205
205,Nairobi,LPG,157.48811569014367,170.48088523458054
206,Nairobi,LPG,740.8891408195213,802.0124949371319
207,Nairobi,electricity,883.417610722028,956.2995636065954
208,Nairobi,electricity,318.0614369375771,344.30150548492725
209,Nairobi,electricity,650.8230226779601,704.5159220488919
210,Nairobi,firewood,506.3510383658981,548.1249990310847
211,Nairobi,LPG,881.050679970134,953.73736106767
212,Nairobi,LPG,476.6429316377227,515.9659734978349
213,Nairobi,electricity,399.326793926313,432.2712544252338
214,Nairobi,firewood,122.76450145023506,132.89257281987946
215,Nairobi,charcoal,-356.1758663162982,-385.5603752873928
216,Nairobi,firewood,824.2994954000515,892.3042037705557
217,Nairobi,charcoal,740.4770872822023,801.5664469829841
218,Nairobi,charcoal,446.30731826191806,483.1276720185263
219,Nairobi,LPG,653.9396360063095,707.88965597683
220,Nairobi,firewood,225.01197645695638,243.5754645146553
221,Nairobi,charcoal,-93.78180602444303,-101.51880502145958
222,Nairobi,LPG,421.406329150087,456.1723513049692
223,Nairobi,electricity,-27.404691033659276,-29.665578043936165
224,Nairobi,electricity,72.94323293346719,78.96104965047823
225,Nairobi,charcoal,-176.80207690770123,-191.38824825258658
226,Nairobi,electricity,117.80360472140575,127.52240211092172
227,Nairobi,firewood,186.68209395898785,202.08336671060434
228,Nairobi,electricity,407.11629703266135,440.7033915378559
229,Nairobi,LPG,718.729633930729,778.0248287300142
230,Nairobi,firewood,839.4671240739779,908.723161810081
231,Nairobi,firewood,295.46089658262844,319.83642055069527
232,Nairobi,electricity,545.3868571937021,590.3812729121826
233,Nairobi,electricity,19.456862056329328,21.062053175976498
234,Nairobi,firewood,708.7339195731662,767.2044679379524
235,Nairobi,LPG,726.5647124203799,786.5063011950613
236,Nairobi,charcoal,503.11377034558404,544.6206563990947
237,Nairobi,firewood,117.63558318993978,127.34051880310982
238,Nairobi,LPG,253.90431251190785,274.8514182941403
239,Nairobi,firewood,238.2681661774746,257.92528988711626
240,Nairobi,charcoal,-24.17421047681671,-26.16858284115409
241,Nairobi,firewood,-299.83639122568525,-324.5728935018043
242,Nairobi,firewood,206.03212974442442,223.02978044833944
243,Nairobi,firewood,251.07809477617113,271.7920375952053
244,Nairobi,charcoal,351.1281834877725,380.0962586255137
245,Nairobi,firewood,-114.76338777760895,-124.2313672692617
246,Nairobi,charcoal,901.2832421711719,975.6391096502936
247,Nairobi,electricity,152.82514297914156,165.43321727492074
248,Nairobi,firewood,68.62893059908771,74.29081737351245
249,Nairobi,LPG,586.2264152098936,634.5900944647099
250,Nairobi,electricity,387.75793954680097,419.74796955941207
251,Nairobi,firewood,501.7087811034728,543.0997555445093
252,Nairobi,charcoal,107.8804806161894,116.78062026702503
253,Nairobi,charcoal,133.4989169066409,144.51257755143877
254,Nairobi,LPG,481.1759076230671,520.8729200019701
255,Nairobi,electricity,327.5824913067412,354.60804683954734
256,Nairobi,firewood,733.7265321333623,794.2589710343647
257,Nairobi,firewood,258.9006972172086,280.26000473762826
258,Nairobi,charcoal,260.4922706477414,281.98288297618006
259,Nairobi,charcoal,-305.80710602734973,-331.0361922746061
260,Nairobi,charcoal,506.04072745852545,547.7890874738538
261,Nairobi,charcoal,212.876449409768,230.43875648607386
262,Nairobi,LPG,305.2451222037432,330.42784478555205
263,Nairobi,firewood,609.1704643430844,659.4270276513889
264,Nairobi,LPG,174.03223950233698,188.3898992612798
265,Nairobi,electricity,104.92941557807137,113.58609236326227
266,Nairobi,charcoal,-296.5855082328038,-321.05381266201016
267,Nairobi,charcoal,455.6739551625607,493.26705646347193
268,Nairobi,electricity,157.36042606584851,170.34266121628102
269,Nairobi,firewood,1082.8320444417077,1172.1656881081485
270,Nairobi,firewood,120.9072625560787,130.8821117169552
271,Nairobi,LPG,282.44503267064584,305.74674786597416
272,Nairobi,charcoal,68.21315142522218,73.84073641780302
273,Nairobi,electricity,250.56950355106272,271.2414875940254
274,Nairobi,charcoal,525.3063555140104,568.6441298439163
275,Nairobi,LPG,40.961496455132874,44.34081991268134
276,Nairobi,charcoal,107.86229081933095,116.76092981192576
277,Nairobi,firewood,374.54237423429254,405.4421201086217
278,Nairobi,firewood,785.4344449296617,850.2327866363588
279,Nairobi,firewood,412.10666233274793,446.10546197519966
280,Nairobi,electricity,88.78087634318052,96.10529864149292
281,Nairobi,LPG,928.2399562214193,1004.8197526096865
282,Nairobi,charcoal,-99.3125570532954,-107.50584301019227
283,Nairobi,electricity,469.1885795653317,507.89663737947154
284,Nairobi,electricity,816.2139382262073,883.5515881298695
285,Nairobi,firewood,79.29284941974299,85.83450949687179
286,Nairobi,firewood,336.3551854015153,364.1044881971403
287,Nairobi,firewood,599.2136889099536,648.6488182450248
288,Nairobi,electricity,724.7151813520145,784.5041838135558
289,Nairobi,LPG,196.4595969223852,212.66751366848197
290,Nairobi,LPG,128.56796486814733,139.17482196976948
291,Nairobi,firewood,438.7978697038134,474.998693954378
292,Nairobi,firewood,709.186306427555,767.6941767078283
293,Nairobi,charcoal,640.4448571401684,693.2815578542323
294,Nairobi,LPG,591.9444434201978,640.7798600023641
295,Nairobi,firewood,355.2047105908924,384.509099214641
296,Nairobi,electricity,152.35781828361797,164.92733829201646
297,Nairobi,electricity,544.1223864060009,589.012483284496
298,Nairobi,firewood,444.2856375634763,480.9392026624631
299,Nairobi,LPG,310.88584962624805,336.53393222041353
300,Nairobi,charcoal,494.54345206663,535.343286862127
301,Nairobi,electricity,602.4298047206082,652.1302636100584
302,Nairobi,electricity,521.1254414765756,564.1182903983931
303,Nairobi,firewood,464.8039335553311,503.15025807364594
304,Nairobi,electricity,420.13219179801536,454.79309762135165
305,Nairobi,LPG,397.4923856989861,430.2855075191524
306,Nairobi,firewood,626.1157525080362,677.7703020899492
307,Nairobi,LPG,454.14705703098275,491.61418923603884
308,Nairobi,charcoal,140.34843794224082,151.92718407247568
309,Nairobi,firewood,469.71944817953204,508.47130265434345
310,Nairobi,charcoal,248.28884646968743,268.77267630343664
311,Nairobi,LPG,15.368609819634685,16.636520129754548
312,Nairobi,LPG,621.7125044314122,673.0037860470037
313,Nairobi,LPG,112.63166784917127,121.9237804467279
314,Nairobi,LPG,276.8789528728711,299.72146648488297
315,Nairobi,firewood,228.9908764079213,247.8826237115748
316,Nairobi,charcoal,663.0530695043194,717.7549477384258
317,Nairobi,charcoal,448.12136125420807,485.09137355768024
318,Nairobi,electricity,379.72817058151657,411.05574465449166
319,Nairobi,electricity,-79.12476905255477,-85.65256249939054
320,Nairobi,firewood,92.92937199714686,100.59604518691148
321,Nairobi,electricity,132.43282298052196,143.35853087641502
322,Nairobi,charcoal,826.3130801740381,894.4839092883963
323,Nairobi,firewood,562.3858082345873,608.7826374139408
324,Nairobi,electricity,435.3658734322601,471.28355799042157
325,Nairobi,firewood,83.62746770859269,90.52673379455159
326,Nairobi,LPG,546.0732211009654,591.124261841795
327,Nairobi,firewood,509.8589346991518,551.9222968118319
328,Nairobi,charcoal,-57.77433282048662,-62.54071527817677
329,Nairobi,firewood,520.7327467622357,563.6931983701202
330,Nairobi,charcoal,260.7637949807457,282.27680806665717
331,Nairobi,electricity,884.2109515007428,957.158354999554
332,Nairobi,charcoal,100.54824183989297,108.84347179168414
333,Nairobi,electricity,217.92728439346067,235.90628535592117
334,Nairobi,firewood,870.3644794233687,942.1695489757966
335,Nairobi,firewood,554.782515382505,600.5520729015617
336,Nairobi,electricity,789.9292500631595,855.0984131933702
337,Nairobi,electricity,29.880590458335462,32.34573917114814
338,Nairobi,charcoal,531.5003459877667,575.3491245317574
339,Nairobi,firewood,269.8001011922229,292.0586095405813
340,Nairobi,charcoal,353.975908184023,383.1789206092049
341,Nairobi,charcoal,728.9541495679366,789.0928669072914
342,Nairobi,charcoal,280.94611418063363,304.1241686005359
343,Nairobi,LPG,571.2250473270493,618.3511137315309
344,Nairobi,firewood,461.3834211994939,499.44755344845214
345,Nairobi,LPG,1123.0911344871142,1215.7461530823011
346,Nairobi,firewood,135.4043832197329,146.57524483536085
347,Nairobi,firewood,260.4869711803377,281.9771463027156
348,Nairobi,electricity,997.3474264755694,1079.6285891598038
349,Nairobi,firewood,560.5866701492608,606.8350704365748
350,Nairobi,charcoal,551.4448602636392,596.9390612353894
351,Nairobi,LPG,594.6860281956706,643.7476255218135
352,Nairobi,charcoal,269.3493032515107,291.57062076976035
353,Nairobi,firewood,96.88357294596665,104.8764677140089
354,Nairobi,charcoal,290.82084348274174,314.8135630700679
355,Nairobi,firewood,610.4976825232739,660.863741331444
356,Nairobi,charcoal,897.643356105976,971.698932984719
357,Nairobi,LPG,934.5331719966684,1011.6321586863936
358,Nairobi,charcoal,613.6046066872683,664.226986738968
359,Nairobi,firewood,-227.71793696592692,-246.5046667656159
360,Nairobi,LPG,-32.892269422599156,-35.605881649963585
361,Nairobi,LPG,-285.9612889167289,-309.55309525235907
362,Nairobi,charcoal,476.5891435267741,515.907747867733
363,Nairobi,LPG,712.8014199345503,771.6075370791507
364,Nairobi,LPG,775.2996918014902,839.2619163751132
365,Nairobi,firewood,444.4329081362473,481.0986230574877
366,Nairobi,firewood,-0.9165116678302638,-0.9921238804262607
367,Nairobi,LPG,962.5678080575132,1041.979652222258
368,Nairobi,electricity,561.895253720101,608.2516121520093
369,Nairobi,firewood,454.357026459044,491.84148114191515
370,Nairobi,firewood,-44.92800494483623,-48.63456535278522
371,Nairobi,charcoal,861.1275968869749,932.1706236301503
372,Nairobi,LPG,22.554897129332176,24.41567614250208
373,Nairobi,firewood,219.56122322614743,237.6750241423046
374,Nairobi,electricity,-330.9697293396313,-358.27473201015084
375,Nairobi,LPG,717.1490774619635,776.3138763525756
376,Nairobi,charcoal,142.4107179992743,154.15960223421445
377,Nairobi,firewood,390.013135998238,422.18921971809266
378,Nairobi,electricity,636.361258873574,688.8610627306439
379,Nairobi,charcoal,-316.20412668366873,-342.2909671350714
380,Nairobi,charcoal,150.06866948897306,162.44933472181333
381,Nairobi,firewood,392.1974139125241,424.55370056030733
382,Nairobi,firewood,174.21514064358888,188.58788974668497
383,Nairobi,LPG,185.10069399994646,200.37150125494205
384,Nairobi,firewood,295.40942261027334,319.7806999756209
385,Nairobi,electricity,181.16678220291286,196.11304173465317
386,Nairobi,electricity,557.2866166385377,603.262762511217
387,Nairobi,LPG,-109.74864354790043,-118.80290664060222
388,Nairobi,electricity,271.69590466374416,294.11081679850304
389,Nairobi,firewood,569.8502109995003,616.8628534069591
390,Nairobi,electricity,8.515393842541584,9.217913834551265
391,Nairobi,firewood,273.85364907879597,296.4465751277966
392,Nairobi,LPG,-129.4163117183491,-140.09315743511291
393,Nairobi,charcoal,262.67270113190443,284.34319897528655
394,Nairobi,LPG,-2.806392906096164,-3.0379203208490977
395,Nairobi,charcoal,374.0525341081626,404.91186817208603
396,Nairobi,electricity,495.9868971272201,536.9058161402157
397,Nairobi,LPG,637.6102602518429,690.21310672262
398,Nairobi,electricity,-69.09756054998866,-74.79810929536272
399,Nairobi,charcoal,280.4003583277101,303.53338788974617
400,Nairobi,firewood,300.4299742343613,325.2154471086961
401,Nairobi,firewood,241.12651978469853,261.01945766693615
402,Nairobi,LPG,526.053357860597,569.4527598840963
403,Nairobi,charcoal,97.65301877770975,105.7093928268708
404,Nairobi,electricity,-85.55407642528519,-92.61228773037122
405,Nairobi,LPG,566.0769957043215,612.778347849928
406,Nairobi,firewood,-65.42682172638007,-70.82453451880643
407,Nairobi,LPG,-48.555185501848825,-52.56098830575135
408,Nairobi,electricity,549.7165910295572,595.0682097894957
409,Nairobi,electricity,69.70217778196786,75.45260744898022
410,Nairobi,electricity,225.31189827275725,243.90012988025973
411,Nairobi,firewood,520.2088242210891,563.1260522193289
412,Nairobi,LPG,286.6758474041158,310.3266048149554
413,Nairobi,firewood,419.3180424922004,453.91178099780694
414,Nairobi,LPG,478.30438460132416,517.7644963309334
415,Nairobi,firewood,-95.28469294370859,-103.14568011156456
416,Nairobi,charcoal,-178.0572372214067,-192.74695929217276
417,Nairobi,electricity,475.503490499751,514.7325284659805
418,Nairobi,electricity,-151.90295549767745,-164.43494932623585
419,Nairobi,charcoal,563.4233899018884,609.9058195687942
420,Nairobi,LPG,219.4829751837481,237.5903206364073
421,Nairobi,electricity,172.5409679026438,186.77559775461194
422,Nairobi,firewood,425.1087738089488,460.1802476481871
423,Nairobi,electricity,635.1819270246888,687.5844360042256
424,Nairobi,LPG,295.3981208856817,319.76846585875046
425,Nairobi,electricity,239.50777469891224,259.2671661115725
426,Nairobi,charcoal,302.5789482519529,327.541711482739
427,Nairobi,electricity,442.4664772129781,478.96996158304876
428,Nairobi,firewood,679.1048271259924,735.1309753638868
429,Nairobi,electricity,-77.84712596766911,-84.26951386000182
430,Nairobi,firewood,730.468621001011,790.7322822335944
431,Nairobi,LPG,416.9229580576739,451.319102097432
432,Nairobi,LPG,-108.07052028807323,-116.98633821183927
433,Nairobi,electricity,461.8024828164005,499.9011876487536
434,Nairobi,electricity,584.3626623296329,632.5725819718276
435,Nairobi,charcoal,659.2404074512368,713.6277410659638
436,Nairobi,firewood,-15.03985807863188,-16.280646370119012
437,Nairobi,firewood,31.80524806570861,34.42918103112957
438,Nairobi,LPG,700.7465065960414,758.5580933902148
439,Nairobi,LPG,110.74942193904542,119.88624924901667
440,Nairobi,charcoal,234.20824669160848,253.53042704366618
441,Nairobi,LPG,322.3507483236166,348.94468506031495
442,Nairobi,firewood,87.47700507060694,94.69385798893201
443,Nairobi,electricity,400.28416001026807,433.3076032111152
444,Nairobi,electricity,441.8849327166556,478.3404396657797
445,Nairobi,firewood,99.02409441728082,107.1935822067065
446,Nairobi,electricity,551.0959878897061,596.5614068906068
447,Nairobi,electricity,341.92103994888976,370.1295257446732
448,Nairobi,charcoal,908.1160425595448,983.0356160707072
449,Nairobi,charcoal,155.60532600531425,168.44276540075268
450,Nairobi,charcoal,225.95913565364398,244.60076434506962
451,Nairobi,firewood,122.26694794257367,132.353971147836
452,Nairobi,firewood,833.9460056179018,902.7465510813788
453,Nairobi,electricity,624.6674681045901,676.2025342232188
454,Nairobi,LPG,48.22708067132055,52.2058148267045
455,Nairobi,electricity,571.6447604506741,618.8054531878547
456,Nairobi,firewood,680.0672154953961,736.1727607737663
457,Nairobi,firewood,-78.22968081062135,-84.6836294774976
458,Nairobi,LPG,-34.030390328777685,-36.83789753090184
459,Nairobi,charcoal,352.7716010670088,381.87525815503705
460,Nairobi,charcoal,390.4880386110272,422.70330179643696
461,Nairobi,firewood,643.4358689198258,696.5193281057115
462,Nairobi,LPG,-25.586441122301892,-27.6973225148918
463,Nairobi,charcoal,539.1993742115906,583.6833225840468
464,Nairobi,firewood,513.7090753217748,556.0900740358212
465,Nairobi,firewood,-144.65768461859773,-156.59194359963203
466,Nairobi,firewood,-159.39031092990626,-172.54001158162353
467,Nairobi,electricity,554.8374239859522,600.6115114647934
468,Nairobi,charcoal,836.1697602141478,905.153765431815
469,Nairobi,LPG,589.2516846057782,637.864948585755
470,Nairobi,LPG,411.169242866162,445.09070540262036
471,Nairobi,firewood,326.9848241882263,353.961072183755
472,Nairobi,firewood,411.4733167662462,445.41986539946157
473,Nairobi,firewood,377.62352528893075,408.77746612526755
474,Nairobi,firewood,516.6205932945633,559.2417922413647
475,Nairobi,LPG,459.7011649085417,497.62651101349644
476,Nairobi,charcoal,537.9303215196824,582.3095730450561
477,Nairobi,firewood,697.6209493555091,755.1746776773387
478,Nairobi,LPG,371.2012137247701,401.8253138570637
479,Nairobi,LPG,745.9001443553082,807.4369062646211
480,Nairobi,electricity,45.86828451871628,49.652417991510376
481,Nairobi,charcoal,304.77289152964426,329.9166550808399
482,Nairobi,LPG,107.49013816699204,116.35807456576889
483,Nairobi,electricity,106.92160047014568,115.7426325089327
484,Nairobi,electricity,482.11153887737976,521.8857408347636
485,Nairobi,LPG,419.71621634430153,454.3428041927064
486,Nairobi,charcoal,-362.6338054180136,-392.5510943649997
487,Nairobi,electricity,288.0567888255179,311.82147390362314
488,Nairobi,LPG,645.9649877918894,699.2570992847203
489,Nairobi,firewood,743.2631642039963,804.5823752508261
490,Nairobi,charcoal,396.8777477217191,429.62016190876096
491,Nairobi,firewood,324.36585167069006,351.126034433522
492,Nairobi,LPG,481.42981247824974,521.1477720077054
493,Nairobi,firewood,231.1327996258559,250.20125559498902
494,Nairobi,LPG,339.2627843337038,367.2519640412344
495,Nairobi,firewood,820.0388182657454,887.6920207726694
496,Nairobi,electricity,238.998587596036,258.71597107270895
497,Nairobi,firewood,630.3111957630452,682.3118694134965
498,Nairobi,electricity,-88.88745262163792,-96.22066746292305
499,Nairobi,LPG,512.0816780857899,554.3284165278676
500,Nairobi,LPG,356.13747906371265,385.51882108646896
501,Nairobi,electricity,475.7589300094526,515.0090417352325
502,Nairobi,firewood,144.51881009277858,156.44161192543282
503,Nairobi,electricity,582.8157320981643,630.8980299962628
504,Nairobi,firewood,612.1865006989854,662.6918870066517
505,Nairobi,electricity,586.9721191634243,635.3973189944068
506,Nairobi,firewood,378.41746497035825,409.63690583041284
507,Nairobi,firewood,-2.760745235304796,-2.988506717217442
508,Nairobi,charcoal,634.2432822910072,686.5683530800153
509,Nairobi,electricity,701.9903324446179,759.9045348712989
510,Nairobi,electricity,405.46456757068927,438.91539439527116
511,Nairobi,charcoal,298.0086472729162,322.5943606729318
512,Nairobi,charcoal,-50.87017087390251,-55.06695997099947
513,Nairobi,electricity,333.6548887778977,361.1814171020743
514,Nairobi,firewood,610.1365700233073,660.4728370502302
515,Nairobi,LPG,766.6373677664275,829.8849506071577
516,Nairobi,LPG,540.9425693540319,585.5703313257395
517,Nairobi,charcoal,401.30160032529625,434.4089823521332
518,Nairobi,LPG,393.87631118756985,426.3711068605444
519,Nairobi,electricity,334.50032635045426,362.0966032743667
520,Nairobi,firewood,463.39461073475445,501.6246661203717
521,Nairobi,LPG,311.69418242779494,337.40895247808805
522,Nairobi,electricity,264.4883438978138,286.30863226938345
523,Nairobi,charcoal,533.9036273086783,577.9506765616443
524,Nairobi,electricity,549.1544695556485,594.4597132939895
525,Nairobi,LPG,1044.305502453122,1130.4607064055047
526,Nairobi,LPG,170.5937553957614,184.66774021591172
527,Nairobi,firewood,254.91340378261677,275.94375959468266
528,Nairobi,electricity,232.50017544875433,251.68143992327657
529,Nairobi,firewood,106.0676575069777,114.81823925130335
530,Nairobi,charcoal,629.5297667555982,681.4659725129351
531,Nairobi,firewood,175.64622895891046,190.13704284802057
532,Nairobi,LPG,233.7346849433106,253.01779645113373
533,Nairobi,electricity,830.5956370887457,899.1197771485672
534,Nairobi,charcoal,354.3270635173062,383.559046257484
535,Nairobi,LPG,184.34634963416343,199.55492347898192
536,Nairobi,LPG,646.5533752006302,699.8940286546822
537,Nairobi,charcoal,358.52404753063274,388.10228145190996
538,Nairobi,firewood,826.1925919221328,894.3534807557088
539,Nairobi,electricity,77.46750986693837,83.85857943096079
540,Nairobi,firewood,368.0336602866372,398.39643726028476
541,Nairobi,LPG,260.55221710305943,282.04777501406187
542,Nairobi,charcoal,284.84612306670965,308.3459282197132
543,Nairobi,charcoal,288.18125400099154,311.95620745607334
544,Nairobi,LPG,462.8032353781794,500.9845022968792
545,Nairobi,charcoal,538.8510439551002,583.306255081396
546,Nairobi,firewood,188.32594896374744,203.8628397532566
547,Nairobi,LPG,621.5278292332871,672.8038751450333
548,Nairobi,charcoal,931.1655264358845,1007.986682366845
549,Nairobi,electricity,424.28087711042275,459.2840494720326
550,Nairobi,electricity,-150.36102390449264,-162.76580837661328
551,Nairobi,charcoal,522.5360693830753,565.645295107179
552,Nairobi,LPG,442.6614534438276,479.1810233529434
553,Nairobi,firewood,141.71262586595697,153.40391749989843
554,Nairobi,electricity,278.68434773384865,301.6758064218912
555,Nairobi,firewood,864.0008556114366,935.2809261993801
556,Nairobi,electricity,77.78621329210046,84.20357588869875
557,Nairobi,charcoal,605.2393708961754,655.1716189951098
558,Nairobi,LPG,251.0046768108992,271.7125626477984
559,Nairobi,firewood,-199.44428333747817,-215.89843671282011
560,Nairobi,firewood,144.68433225759887,156.6207896688508
561,Nairobi,firewood,427.8213584490408,463.1166205210867
562,Nairobi,LPG,731.2931022872219,791.6247832259178
563,Nairobi,LPG,413.94021741958096,448.09028535669637
564,Nairobi,electricity,484.7541844822005,524.7464047019821
565,Nairobi,charcoal,361.3029265642831,391.11041800583644
566,Nairobi,LPG,268.5846438128725,290.7428769274345
567,Nairobi,LPG,175.50239965464516,189.9813476261534
568,Nairobi,LPG,572.8475380736436,620.1074599647192
569,Nairobi,electricity,870.1586294043692,941.9467163302297
570,Nairobi,LPG,1041.5489386331587,1127.4767260703943
571,Nairobi,electricity,235.71801543717783,255.164751710745
572,Nairobi,electricity,716.69965862304,775.8273804594409
573,Nairobi,charcoal,-81.80922638572122,-88.55848756254322
574,Nairobi,firewood,-121.6729956491697,-131.7110177902262
575,Nairobi,LPG,505.5668518770752,547.2761171569339
576,Nairobi,firewood,360.91353478944364,390.68890140957274
577,Nairobi,electricity,291.3070362795829,315.3398667726485
578,Nairobi,charcoal,236.21690651221925,255.70480129947734
579,Nairobi,firewood,358.22147922022515,387.7747512558937
580,Nairobi,charcoal,212.07567673207538,229.5719200624716
581,Nairobi,LPG,276.36559738315714,299.1657591672676
582,Nairobi,firewood,352.39086159873693,381.46310768063273
583,Nairobi,firewood,871.8160578310826,943.7408826021469
584,Nairobi,firewood,44.37520749725627,48.03616211577991
585,Nairobi,LPG,718.0765089306983,777.317820917481
586,Nairobi,electricity,537.5926465869777,581.9440399304034
587,Nairobi,electricity,116.37667662135902,125.97775244262115
588,Nairobi,electricity,55.084354294688694,59.62881352400051
589,Nairobi,LPG,311.35874042563654,337.04583651075154
590,Nairobi,firewood,761.499524434505,824.3232352003517
591,Nairobi,LPG,953.0115073320953,1031.6349566869933
592,Nairobi,firewood,629.3580561052388,681.280095733921
593,Nairobi,electricity,447.3171135767918,484.22077544687716
594,Nairobi,firewood,899.3148298726949,973.5083033371922
595,Nairobi,charcoal,67.39943429648588,72.95988762594597
596,Nairobi,LPG,206.7012793508122,223.7541348972542
597,Nairobi,charcoal,329.2556961344973,356.41929106559337
598,Nairobi,electricity,553.0129652698938,598.63653490466
599,Nairobi,electricity,518.357913122842,561.1224409554765
600,Nairobi,charcoal,232.9810521317716,252.20198893264276
601,Nairobi,charcoal,618.9490587200712,670.0123560644771
602,Nairobi,LPG,302.0631090902086,326.9833155901508
603,Nairobi,firewood,409.19036725562495,442.948572554214
604,Nairobi,charcoal,367.645658364731,397.9764251798213
605,Nairobi,firewood,927.1390707290105,1003.628044064154
606,Nairobi,LPG,592.6878319806654,641.5845781190702
607,Nairobi,LPG,-50.532969819159916,-54.70193982924061
608,Nairobi,LPG,434.71853380174593,470.58281284039
609,Nairobi,LPG,131.7636693137967,142.63417203218492
610,Nairobi,charcoal,935.7572749955879,1012.9572501827239
611,Nairobi,electricity,276.80332816558433,299.63960273924505
612,Nairobi,LPG,204.2093667014138,221.05663945428046
613,Nairobi,firewood,176.51343275775022,191.0757909602646
614,Nairobi,charcoal,330.5517153798687,357.8222318987079
615,Nairobi,charcoal,52.37867914499503,56.69992017445713
616,Nairobi,LPG,306.4631233436,331.746331019447
617,Nairobi,firewood,170.50768660714976,184.57457075223962
618,Nairobi,electricity,453.4431113366164,490.8521680218873
619,Nairobi,charcoal,339.4423207601276,367.4463122228381
620,Nairobi,LPG,499.2721054375103,540.4620541361049
621,Nairobi,LPG,769.9277791523781,833.4468209324493
622,Nairobi,electricity,927.7724056678488,1004.3136291354464
623,Nairobi,firewood,601.3314316471282,650.9412747580162
624,Nairobi,charcoal,352.3131246342358,381.37895741656024
625,Nairobi,firewood,1072.2077280742642,1160.664865640391
626,Nairobi,LPG,443.94938984492296,480.5752145071291
627,Nairobi,charcoal,931.352474972756,1008.1890541580084
628,Nairobi,LPG,373.6487120314653,404.47473077406124
629,Nairobi,firewood,-10.271702374144013,-11.119117820010894
630,Nairobi,LPG,39.10926559454634,42.33578000609642
631,Nairobi,electricity,-165.33564655805412,-178.9758373990936
632,Nairobi,firewood,25.22973956338177,27.311193077360766
633,Nairobi,LPG,482.2645881107221,522.0514166298567
634,Nairobi,electricity,385.97576622840353,417.81876694224684
635,Nairobi,electricity,572.9163234391192,620.1819201228466
636,Nairobi,electricity,-121.70557711929871,-131.74628723164085
637,Nairobi,charcoal,848.3554838753042,918.3448112950168
638,Nairobi,charcoal,445.02028341486596,481.7344567965924
639,Nairobi,electricity,-239.35387354628017,-259.1005681138483
640,Nairobi,charcoal,798.8176624457192,864.720119597491
641,Nairobi,electricity,-5.551480608523661,-6.009477758726864
642,Nairobi,charcoal,324.85094263421814,351.65114540154116
643,Nairobi,electricity,182.3184358861959,197.3597068468071
644,Nairobi,charcoal,104.80268849700781,113.44891029801096
645,Nairobi,LPG,573.1989461871276,620.4878592475657
646,Nairobi,firewood,125.08663244104753,135.40627961743394
647,Nairobi,LPG,450.6278715452168,487.8046709476972
648,Nairobi,firewood,225.06444438204053,243.63226104355888
649,Nairobi,LPG,73.09258861295689,79.12272717352583
650,Nairobi,charcoal,311.3226121569797,337.0067276599305
651,Nairobi,LPG,-54.81428957211813,-59.33646846181787
652,Nairobi,LPG,-32.05957324042595,-34.70448803276109
653,Nairobi,charcoal,143.42060973575963,155.2528100389598
654,Nairobi,firewood,521.6443141211153,564.6799700361073
655,Nairobi,charcoal,532.3353633728809,576.2530308511436
656,Nairobi,charcoal,98.57368741954281,106.70601663165509
657,Nairobi,electricity,657.715909782084,711.977472339106
658,Nairobi,charcoal,481.54149131466016,521.2686643481196
659,Nairobi,LPG,386.80714681191694,418.7187364239001
660,Nairobi,LPG,124.57799170644603,134.85567602222784
661,Nairobi,LPG,454.72191520731997,492.23647321192385
662,Nairobi,LPG,729.4719961935696,789.6534358795391
663,Nairobi,electricity,817.9261730773701,885.4050823562532
664,Nairobi,charcoal,1063.8071481223258,1151.5712378424178
665,Nairobi,charcoal,634.7316058275268,687.0969633082977
666,Nairobi,electricity,416.320993041532,450.6674749674584
667,Nairobi,charcoal,645.2045979834879,698.4339773171257
668,Nairobi,electricity,549.1759824722003,594.4830010261568
669,Nairobi,firewood,268.6167902625234,290.7776754591816
670,Nairobi,charcoal,406.79140863130294,440.35169984338546
671,Nairobi,electricity,338.4108349721171,366.32972885731675
672,Nairobi,firewood,535.5604241158038,579.7441591053577
673,Nairobi,LPG,380.2032797151851,411.5700502916879
674,Nairobi,charcoal,435.4580330066199,471.3833207296661
675,Nairobi,charcoal,82.75029683650598,89.57719632551773
676,Nairobi,charcoal,-293.7545043419085,-317.98925095011595
677,Nairobi,firewood,797.0257785661265,862.780405297832
678,Nairobi,firewood,469.67943131413256,508.4279843975485
679,Nairobi,LPG,629.5595046266783,681.4981637583793
680,Nairobi,electricity,275.4053269024961,298.126266371952
681,Nairobi,charcoal,604.5617236825487,654.438065886359
682,Nairobi,charcoal,296.4236744153201,320.878627554584
683,Nairobi,charcoal,330.77952164835574,358.06883218434507
684,Nairobi,firewood,385.413730269496,417.21036301672945
685,Nairobi,charcoal,829.7784794496263,898.2352040042205
686,Nairobi,charcoal,655.941840564885,710.0570424114879
687,Nairobi,charcoal,883.2890069151658,956.160349985667
688,Nairobi,LPG,456.0722781975838,493.69824114888445
689,Nairobi,LPG,612.4588517947831,662.9867070678526
690,Nairobi,electricity,995.485638124226,1077.6132032694748
691,Nairobi,charcoal,1107.518887883617,1198.8891961340155
692,Nairobi,firewood,625.5372878607266,677.1441141092365
693,Nairobi,electricity,-82.59855712114194,-89.41293808363615
694,Nairobi,firewood,413.8154371384298,447.95521070235026
695,Nairobi,firewood,354.45382923640625,383.6962701484098
696,Nairobi,firewood,524.056494716711,567.2911555308397
697,Nairobi,charcoal,350.4970520788785,379.41305887538596
698,Nairobi,electricity,-73.18498283066288,-79.22274391419256
699,Nairobi,firewood,521.8308950666528,564.8819439096517
700,Nairobi,LPG,346.60823579659893,375.20341524981836
701,Nairobi,electricity,709.7469797493791,768.3011055787028
702,Nairobi,electricity,735.213710367761,795.8688414731013
703,Nairobi,firewood,167.52977326025282,181.3509795542237
704,Nairobi,firewood,121.56545711424496,131.59460732617018
705,Nairobi,firewood,1052.763370548095,1139.616348618313
706,Nairobi,charcoal,887.0459420442371,960.2272322628867
707,Nairobi,firewood,-496.0842827887543,-537.0112361188266
708,Nairobi,firewood,90.66040886606078,98.1398925975108
709,Nairobi,electricity,816.3229134122653,883.6695537687772
710,Nairobi,electricity,334.04806199829034,361.6070271131493
711,Nairobi,firewood,-11.380878215602365,-12.319800668389561
712,Nairobi,firewood,917.8900810460198,993.6160127323164
713,Nairobi,electricity,914.4966998692418,989.9426776084542
714,Nairobi,charcoal,-84.50296986964969,-91.47446488389579
715,Nairobi,charcoal,330.04248278665017,357.27098761654884
716,Nairobi,firewood,523.0225405272307,566.1719001207273
717,Nairobi,electricity,-148.28477221084165,-160.5182659182361
718,Nairobi,charcoal,274.574864911946,297.22729126718156
719,Nairobi,charcoal,-41.46719693848053,-44.888240685905174
720,Nairobi,charcoal,475.0986823572598,514.2943236517337
721,Nairobi,firewood,610.0791518658546,660.4106818947876
722,Nairobi,electricity,786.5119707220931,851.3992083066659
723,Nairobi,charcoal,315.8914452598393,341.95248949377606
724,Nairobi,LPG,613.191981070496,663.780319508812
725,Nairobi,charcoal,924.3719336947352,1000.6326182245508
726,Nairobi,firewood,259.0495860668816,280.42117691739935
727,Nairobi,electricity,-150.51508295591736,-162.93257729978055
728,Nairobi,electricity,491.67003315936006,532.2328108950072
729,Nairobi,charcoal,395.44107372124387,428.0649623032465
730,Nairobi,charcoal,397.2048299789929,429.9742284522598
731,Nairobi,firewood,323.1914294425417,349.85472237155136
732,Nairobi,firewood,366.65214221866125,396.9009439517008
733,Nairobi,electricity,513.7875509713326,556.1750239264676
734,Nairobi,firewood,592.503962840023,641.3855397743248
735,Nairobi,electricity,153.9937033886776,166.6981839182435
736,Nairobi,charcoal,241.20537269513912,261.1048159424881
737,Nairobi,electricity,471.35956375825407,510.24672776831005
738,Nairobi,charcoal,-215.5935450058023,-233.380012468781
739,Nairobi,electricity,368.46233946584465,398.86048247177683
740,Nairobi,firewood,150.29111484183343,162.6901318162847
741,Nairobi,charcoal,709.4641048276737,767.9948934759568
742,Nairobi,LPG,840.5642484956049,909.9107989964924
743,Nairobi,electricity,109.80335119626807,118.86212766996019
744,Nairobi,electricity,189.76116567592817,205.41646184419224
745,Nairobi,charcoal,191.16008155788083,206.930788286406
746,Nairobi,electricity,502.08129904750535,543.5030062189246
747,Nairobi,electricity,285.62808705255105,309.1924042343865
748,Nairobi,electricity,567.7347856359285,614.5729054508926
749,Nairobi,charcoal,85.38288427484764,92.42697222752257
750,Nairobi,firewood,675.0936805016056,730.7889091429881
751,Nairobi,firewood,-19.981287776309955,-21.629744017855526
752,Nairobi,LPG,377.9931506301587,409.1775855571468
753,Nairobi,charcoal,-249.91121545275132,-270.5288907276033
754,Nairobi,firewood,-208.1168577216447,-225.2864984836804
755,Nairobi,firewood,542.768705920915,587.5471241593905
756,Nairobi,LPG,180.3992550762929,195.28219362008704
757,Nairobi,charcoal,193.90696883698848,209.90429376604004
758,Nairobi,charcoal,145.59265300674804,157.60404687980474
759,Nairobi,LPG,331.1068340648278,358.4231478751761
760,Nairobi,electricity,652.5162824660798,706.3488757695314
761,Nairobi,LPG,303.57943642135206,328.6247399261136
762,Nairobi,electricity,53.7147455741528,58.146212084020405
763,Nairobi,firewood,339.49712960797143,367.50564280062906
764,Nairobi,LPG,349.8637857018725,378.72754802227695
765,Nairobi,LPG,735.3513884072516,796.0178779508499
766,Nairobi,charcoal,770.3553241938475,833.90963843984
767,Nairobi,LPG,570.2070171620517,617.249096077921
768,Nairobi,firewood,557.5112908885077,603.5059723868096
769,Nairobi,electricity,631.5734981681069,683.6783117669758
770,Nairobi,firewood,634.6672792057736,687.02732974025
771,Nairobi,charcoal,607.9412672275253,658.0964217737961
772,Nairobi,charcoal,610.9707185203109,661.3758027982366
773,Nairobi,firewood,615.0546788961353,665.7966899050665
774,Nairobi,charcoal,697.011388531904,754.5148280857861
775,Nairobi,LPG,434.6075296912139,470.4626508907391
776,Nairobi,LPG,1396.4749780900177,1511.684163782444
777,Nairobi,electricity,-99.11783786667843,-107.2950594906794
778,Nairobi,LPG,543.0213765274966,587.8206400910151
779,Nairobi,charcoal,203.92562280962193,220.74948669141574
780,Nairobi,electricity,860.1953729972636,931.1614912695378
781,Nairobi,LPG,641.5114304939805,694.4361235097339
782,Nairobi,LPG,612.641416947,663.1843338451275
783,Nairobi,charcoal,774.4065288320614,838.2950674607065
784,Nairobi,firewood,581.7150612806273,629.7065538362791
785,Nairobi,firewood,-16.36715156650388,-17.717441570740448
786,Nairobi,LPG,763.7518152451476,826.7613400028722
787,Nairobi,LPG,233.64423070233025,252.9198797352725
788,Nairobi,firewood,-40.166621542104565,-43.480367819328194
789,Nairobi,LPG,280.17730443905396,303.29193205527594
790,Nairobi,LPG,724.6081736127093,784.3883479357578
791,Nairobi,firewood,614.9488615780139,665.6821426582001
792,Nairobi,electricity,-52.239844087565245,-56.54963122478938
793,Nairobi,charcoal,445.35825135070206,482.100307087135
794,Nairobi,LPG,261.95823349325224,283.5697877564456
795,Nairobi,electricity,396.46240604351436,429.1705545421043
796,Nairobi,charcoal,437.1877819026688,473.255773909639
797,Nairobi,firewood,242.63050889287962,262.6475258765422
798,Nairobi,charcoal,46.78183671105211,50.64133823971391
799,Nairobi,charcoal,788.7793082060105,853.8536011330064
800,Nairobi,LPG,139.5051987806453,151.01437768004854
801,Nairobi,electricity,406.1691792971514,439.6781365891664
802,Nairobi,firewood,654.0718970146834,708.0328285183948
803,Nairobi,electricity,662.9698884934687,717.6649042941799
804,Nairobi,LPG,562.7374446604273,609.1632838449126
805,Nairobi,LPG,575.7868608385966,623.2892768577808
806,Nairobi,charcoal,-6.232613055365391,-6.746803632433036
807,Nairobi,LPG,259.13258183234575,280.5110198335143
808,Nairobi,electricity,-14.058866216330898,-15.218722679178198
809,Nairobi,charcoal,733.8623020267802,794.4059419439895
810,Nairobi,electricity,477.28561385823,516.661677001534
811,Nairobi,electricity,557.7161609036741,603.7277441782272
812,Nairobi,electricity,330.4164823550263,357.67584214931594
813,Nairobi,firewood,768.1414648040688,831.5131356504046
814,Nairobi,electricity,-294.5515226980352,-318.8520233206231
815,Nairobi,LPG,301.52924795508414,326.40541091137857
816,Nairobi,charcoal,659.9388102146739,714.3837620573845
817,Nairobi,electricity,474.3045905997567,513.4347193242367
818,Nairobi,LPG,775.4945009904161,839.4727973221254
819,Nairobi,LPG,623.3667286789247,674.794483794936
820,Nairobi,charcoal,555.426585466572,601.2492787675642
821,Nairobi,LPG,99.79354177688168,108.02650897347442
822,Nairobi,firewood,205.13842449349124,222.06234451420428
823,Nairobi,LPG,634.0944962565751,686.4072921977425
824,Nairobi,charcoal,227.57377410248654,246.34861046594168
825,Nairobi,firewood,437.1616813676177,473.22752008044614
826,Nairobi,LPG,286.24802676322054,309.86348897118626
827,Nairobi,firewood,366.8359636776314,397.099930681036
828,Nairobi,LPG,90.08447092463132,97.5164397759134
829,Nairobi,charcoal,609.8392617326783,660.1510008256244
830,Nairobi,charcoal,85.30162437663449,92.33900838770684
831,Nairobi,electricity,549.3590290428837,594.6811489389215
832,Nairobi,charcoal,640.963421595493,693.8429038771211
833,Nairobi,charcoal,614.3511421643308,665.0351113928881
834,Nairobi,charcoal,251.77759042988572,272.5492416403513
835,Nairobi,LPG,293.60515643150467,317.8275818371038
836,Nairobi,electricity,394.55412805415085,427.1048436186183
837,Nairobi,electricity,975.0511101680938,1055.4928267569617
838,Nairobi,electricity,722.5525545455536,782.1631402955618
839,Nairobi,firewood,713.855134829968,772.7481834534404
840,Nairobi,firewood,988.3669005989495,1069.907169898363
841,Nairobi,electricity,217.3403797146245,235.27096104108102
842,Nairobi,electricity,-77.34651329304018,-83.72760063971599
843,Nairobi,firewood,167.72503912267106,181.56235485029143
844,Nairobi,charcoal,642.8873153362595,695.9255188515009
845,Nairobi,LPG,30.40967871599463,32.91847721006419
846,Nairobi,firewood,420.1714674153819,454.83561347715096
847,Nairobi,LPG,187.02862008334498,202.45848124022095
848,Nairobi,LPG,425.42473422460193,460.5222747981316
849,Nairobi,charcoal,-79.39381679114729,-85.94380667641694
850,Nairobi,electricity,473.83725376141746,512.9288271967345
851,Nairobi,LPG,1.6325244601715667,1.767207728135721
852,Nairobi,charcoal,448.25953115445554,485.24094247469816
853,Nairobi,electricity,249.86495868515917,270.4788177766848
854,Nairobi,charcoal,686.924419203347,743.5956837876232
855,Nairobi,LPG,-468.45173747725187,-507.0990058191252
856,Nairobi,electricity,625.1514058305288,676.7263968115475
857,Nairobi,charcoal,8.575786158654807,9.283288516743829
858,Nairobi,charcoal,106.86572724475116,115.68214974244313
859,Nairobi,charcoal,145.1238543712999,157.09657235693214
860,Nairobi,electricity,418.79733346757564,453.34811347865065
861,Nairobi,firewood,637.2909397318276,689.8674422597035
862,Nairobi,firewood,97.80682399121497,105.8758869704902
863,Nairobi,charcoal,580.7742072395693,628.6880793368338
864,Nairobi,charcoal,6.079810204156729,6.581394545999659
865,Nairobi,LPG,350.5969978382941,379.52125015995335
866,Nairobi,LPG,484.21390840351864,524.1615558468089
867,Nairobi,firewood,378.6982780079161,409.9408859435692
868,Nairobi,charcoal,203.38233840417436,220.16138132251876
869,Nairobi,electricity,200.33402156216988,216.8615783410489
870,Nairobi,charcoal,60.58776167217138,65.58625201012552
871,Nairobi,charcoal,518.0094473031463,560.7452267056559
872,Nairobi,LPG,242.97792451476184,263.0236032872297
873,Nairobi,electricity,597.6218314294997,646.9256325224335
874,Nairobi,charcoal,235.22826074182308,254.6345922530235
875,Nairobi,LPG,759.374933643587,822.023365669183
876,Nairobi,electricity,355.20013623160787,384.5041474707155
877,Nairobi,electricity,612.6960763868171,663.2435026887296
878,Nairobi,charcoal,21.926501572111817,23.735437951811043
879,Nairobi,charcoal,394.9530934126739,427.5367236192195
880,Nairobi,LPG,128.2233810317017,138.8018099668171
881,Nairobi,firewood,1123.7721617209215,1216.4833650628975
882,Nairobi,electricity,809.411694690707,876.1881595026904
883,Nairobi,firewood,-21.967278274988132,-23.779578732674654
884,Nairobi,charcoal,-13.571888173247373,-14.691568947540281
885,Nairobi,firewood,482.7680142609968,522.596375437529
886,Nairobi,charcoal,1017.0624608657743,1100.9701138872006
887,Nairobi,LPG,493.7472273378518,534.4813735932246
888,Nairobi,charcoal,318.6777568036596,344.9686717399615
889,Nairobi,electricity,54.62690715360429,59.133626993776645
890,Nairobi,firewood,68.36477451047921,74.00486840759375
891,Nairobi,electricity,458.7915536519531,496.64185682823927
892,Nairobi,LPG,793.8878359539461,859.3835824201467
893,Nairobi,LPG,445.3523850224251,482.09395678677515
894,Nairobi,electricity,221.69238711326693,239.98200905011146
895,Nairobi,firewood,-90.91068789623029,-98.41081964766929
896,Nairobi,charcoal,661.6744385530023,716.2625797336251
897,Nairobi,charcoal,643.8197124737791,696.9348387528659
898,Nairobi,electricity,531.3376002395282,575.1729522592893
899,Nairobi,charcoal,485.34237119193045,525.3831168152648
900,Nairobi,electricity,692.0999112374265,749.1981539145141
901,Nairobi,charcoal,188.38808526473815,203.93010229907904
902,Nairobi,LPG,382.6183715389568,414.18438719092075
903,Nairobi,firewood,410.3255378755373,444.1773947502691
904,Nairobi,electricity,544.3628841006808,589.272822038987
905,Nairobi,electricity,785.8391212853269,850.6708487913663
906,Nairobi,charcoal,457.209618764479,494.9294123125485
907,Nairobi,charcoal,629.8846456490905,681.8501289151405
908,Nairobi,firewood,242.34160405796516,262.3347863927473
909,Nairobi,electricity,270.19977292223587,292.49125418832034
910,Nairobi,electricity,651.8725029742709,705.6519844696483
911,Nairobi,electricity,547.5398022512022,592.7118359369264
912,Nairobi,firewood,719.3740475642367,778.7224064882862
913,Nairobi,electricity,385.8218937876497,417.6522000251308
914,Nairobi,electricity,446.1583730375679,482.96643881316726
915,Nairobi,firewood,636.5632264495308,689.0796926316171
916,Nairobi,firewood,571.2349831295298,618.3618692377161
917,Nairobi,charcoal,260.0818432918074,281.5385953633815
918,Nairobi,charcoal,214.67208104173477,232.38252772767788
919,Nairobi,LPG,273.9169651523895,296.51511477746163
920,Nairobi,LPG,445.08268242465675,481.80200372469096
921,Nairobi,LPG,774.8791375244023,838.8066663701654
922,Nairobi,LPG,911.4091677644714,986.6004241050402
923,Nairobi,charcoal,469.33887107286137,508.0593279363724
924,Nairobi,LPG,642.7812830834841,695.8107389378716
925,Nairobi,LPG,285.76334925991966,309.33882557386306
926,Nairobi,firewood,136.1774081937519,147.4120443697364
927,Nairobi,electricity,103.79472838801632,112.35779348002767
928,Nairobi,electricity,539.003074662201,583.4708283218326
929,Nairobi,charcoal,683.0820020942313,739.4362672670053
930,Nairobi,LPG,833.5407714274755,902.3078850702423
931,Nairobi,charcoal,868.5547391316722,940.2105051100352
932,Nairobi,charcoal,337.86789664563554,365.7419981189005
933,Nairobi,LPG,436.9806336653446,473.03153594273556
934,Nairobi,LPG,2.5657587974259854,2.7774338982136295
935,Nairobi,firewood,532.8682901006507,576.8299240339544
936,Nairobi,charcoal,238.06538076434336,257.7057746774017
937,Nairobi,LPG,-120.75765241354122,-130.72015873765838
938,Nairobi,firewood,43.536325115597265,47.12807193763404
939,Nairobi,LPG,782.8185236172651,847.4010518156895
940,Nairobi,LPG,835.3265553685378,904.2409961864422
941,Nairobi,charcoal,738.4809476910914,799.4056258756065
942,Nairobi,electricity,643.1237189836439,696.1814257997945
943,Nairobi,charcoal,-0.43246654831517617,-0.4681450385511782
944,Nairobi,LPG,319.1859514977298,345.51879249629246
945,Nairobi,charcoal,127.02137578409867,137.5006392862868
946,Nairobi,firewood,519.8222095161227,562.7075418012029
947,Nairobi,electricity,305.35409685330217,330.5458098436996
948,Nairobi,electricity,303.48214358193826,328.51942042744815
949,Nairobi,firewood,183.50673866828777,198.6460446084215
950,Nairobi,LPG,690.2189498007958,747.1620131593615
951,Nairobi,electricity,102.99988915361769,111.49738000879115
952,Nairobi,firewood,151.4136733073719,163.90530135523008
953,Nairobi,charcoal,410.07084551186944,443.9016902665987
954,Nairobi,LPG,638.2054110998257,690.8573575155614
955,Nairobi,firewood,224.629014686838,243.16090839850213
956,Nairobi,electricity,856.6165981672094,927.2874675160042
957,Nairobi,charcoal,252.13063402678065,272.93141133399007
958,Nairobi,charcoal,356.5932532319365,386.01219662357124
959,Nairobi,LPG,417.23795569063714,451.6600870351147
960,Nairobi,charcoal,200.46711100607502,217.0056476640762
961,Nairobi,LPG,173.74083666084806,188.07445568536804
962,Nairobi,electricity,-266.287882241499,-288.25663252642266
963,Nairobi,firewood,464.08813226102706,502.3754031725618
964,Nairobi,firewood,550.1862916426211,595.5766607031373
965,Nairobi,firewood,581.4368188436108,629.4053563982087
966,Nairobi,LPG,347.30936620686566,375.9623889189321
967,Nairobi,firewood,-100.31634550990384,-108.59244401447091
968,Nairobi,firewood,829.8407978085049,898.3026636277066
969,Nairobi,firewood,262.08293866199915,283.70478110161406
970,Nairobi,LPG,278.36548645198485,301.3306390842736
971,Nairobi,electricity,564.6914938821511,611.2785421274286
972,Nairobi,firewood,736.3563698180242,797.1057703280112
973,Nairobi,firewood,365.2654574977596,395.39985774132475
974,Nairobi,firewood,355.5639692581816,384.8979967219816
975,Nairobi,LPG,517.4424568365174,560.1314595255301
976,Nairobi,firewood,450.5707568137895,487.74284425092713
977,Nairobi,electricity,632.6050377124766,684.7949533237559
978,Nairobi,charcoal,256.01029590905665,277.13114532155384
979,Nairobi,LPG,-241.54226130305688,-261.46949786055904
980,Nairobi,LPG,345.8412884764813,374.373194775791
981,Nairobi,LPG,1265.1280747663473,1369.501140934571
982,Nairobi,charcoal,371.8686333277483,402.5477955772875
983,Nairobi,charcoal,744.7550529663757,806.1973448361017
984,Nairobi,electricity,753.1179251392466,815.2501539632344
985,Nairobi,firewood,156.45238904035892,169.35971113618854
986,Nairobi,electricity,333.4057555460174,360.91173037856385
987,Nairobi,charcoal,571.717957942693,618.8846894729652
988,Nairobi,electricity,745.3598179562687,806.8520029376608
989,Nairobi,electricity,987.091691835981,1068.5267564124495
990,Nairobi,LPG,622.8739672437837,674.2610695413958
991,Nairobi,LPG,368.22045155959563,398.59863881326226
992,Nairobi,electricity,139.4579276720338,150.96320670497659
993,Nairobi,LPG,467.75942841453127,506.3495812587301
994,Nairobi,electricity,-86.35372878573929,-93.47791141056278
995,Nairobi,firewood,474.7492659468143,513.9160803874265
996,Nairobi,LPG,-351.2956665054097,-380.27755899210604
997,Nairobi,electricity,738.5451577020023,799.4751332124174
998,Nairobi,charcoal,109.46462284886326,118.49545423389448
999,Nairobi,charcoal,673.9116742847242,729.509387413214
1000,Nairobi,firewood,127.87106073604417,138.42042324676783
1001,Nairobi,firewood,957.6212045533894,1036.624953929044
1002,Nairobi,charcoal,236.93018185976106,256.47692186319136
1003,Nairobi,charcoal,657.2666197618777,711.4911158922326
1004,Nairobi,firewood,-125.62526175366759,-135.98934584834515
1005,Nairobi,charcoal,460.29667554123097,498.27115127338254
1006,Nairobi,charcoal,327.5474460845088,354.5701103864808
1007,Nairobi,charcoal,-75.05118399874408,-81.24290667864047
1008,Nairobi,firewood,466.0835487608425,504.535441533612
1009,Nairobi,electricity,33.3494264668206,36.1007541503333
1010,Nairobi,charcoal,557.4002104519968,603.3857278142866
1011,Nairobi,LPG,469.22071443565636,507.93142337659805
1012,Nairobi,firewood,421.08494804103196,455.8244562544171
1013,Nairobi,electricity,324.0179029542733,350.74937994800086
1014,Nairobi,LPG,651.2988171665257,705.0309695827641
1015,Nairobi,charcoal,556.6751583605186,602.6008589252614
1016,Nairobi,firewood,140.48234012101523,152.07213318099897
1017,Nairobi,LPG,573.0301243791508,620.3051096404308
1018,Nairobi,charcoal,-532.9720273998247,-576.9422196603102
1019,Nairobi,LPG,393.5727400999124,426.04249115815514
1020,Nairobi,electricity,379.2386084169322,410.5257936113291
1021,Nairobi,charcoal,848.7487496710294,918.7705215188893
1022,Nairobi,LPG,351.1844695280741,380.1571882641402
1023,Nairobi,LPG,802.9479171183468,869.1911202806104
1024,Nairobi,charcoal,342.31565989273975,370.55670183389077
1025,Nairobi,electricity,447.24447094301155,484.14213979581
1026,Nairobi,electricity,599.8781137880135,649.3680581755247
1027,Nairobi,firewood,537.3098169528981,581.6378768515123
1028,Nairobi,electricity,758.2168506872424,820.76974086894
1029,Nairobi,LPG,391.8562818903293,424.18442514628146
1030,Nairobi,electricity,31.06792634129073,33.63103026444721
1031,Nairobi,electricity,357.55539399903324,387.0537140039535
1032,Nairobi,charcoal,220.7787156595533,238.99295970146648
1033,Nairobi,firewood,478.1353183792424,517.5814821455299
1034,Nairobi,electricity,121.62746945333271,131.66173568323265
1035,Nairobi,charcoal,299.8912303006619,324.6322568004665
1036,Nairobi,LPG,523.1774002946183,566.3395358189243
1037,Nairobi,electricity,145.71960528442636,157.74147272039156
1038,Nairobi,firewood,642.3491742947288,695.3429811740439
1039,Nairobi,electricity,395.84327797643994,428.5003484094962
1040,Nairobi,firewood,532.1442781389596,576.0461810854238
1041,Nairobi,electricity,285.7678118515041,309.34365632925324
1042,Nairobi,LPG,459.83788457554346,497.7745100530258
1043,Nairobi,electricity,435.2120066345095,471.11699718185656
1044,Nairobi,firewood,395.4209948263208,428.04322689949225
1045,Nairobi,charcoal,338.8950265528195,366.8538662434271
1046,Nairobi,firewood,442.49522021597096,479.0010758837886
1047,Nairobi,LPG,464.6809133677955,503.01708872063864
1048,Nairobi,firewood,545.7268622339682,590.7493283682705
1049,Nairobi,charcoal,533.3000065473194,577.2972570874733
1050,Nairobi,charcoal,862.3006871356474,933.4404938243383
1051,Nairobi,electricity,331.88586254665904,359.2664462067584
1052,Nairobi,electricity,672.5274405434734,728.01095438831
1053,Nairobi,electricity,569.2042835620184,616.163636955885
1054,Nairobi,electricity,927.278360014689,1003.7788247159009
1055,Nairobi,charcoal,37.08703952557266,40.14672028643241
1056,Nairobi,LPG,512.0570727819511,554.3017812864621
1057,Nairobi,electricity,855.5091823153238,926.088689856338
1058,Nairobi,LPG,194.27134786558406,210.29873406449474
1059,Nairobi,firewood,-138.645372932716,-150.08361619966504
1060,Nairobi,LPG,503.2577812973475,544.7765482543787
1061,Nairobi,charcoal,434.16171917956405,469.9800610118781
1062,Nairobi,electricity,64.95136253611474,70.30984994534421
1063,Nairobi,electricity,244.6974951873156,264.88503854026914
1064,Nairobi,electricity,494.3136564474641,535.0945331043799
1065,Nairobi,charcoal,-152.6752815451532,-165.27099227262835
1066,Nairobi,charcoal,180.78996681796647,195.7051390804487
1067,Nairobi,charcoal,94.26915196288337,102.04635699982126
1068,Nairobi,LPG,498.9771710969141,540.1427877124095
1069,Nairobi,firewood,877.645291594293,950.0510281508222
1070,Nairobi,electricity,420.4515940992606,455.13885061244963
1071,Nairobi,charcoal,347.72608863682854,376.4134909493669
1072,Nairobi,charcoal,461.3228702691518,499.38200706635683
1073,Nairobi,charcoal,702.1001567170863,760.0234196462459
1074,Nairobi,firewood,-196.7595222566988,-212.99218284287645
1075,Nairobi,firewood,388.03306549142013,420.0457933944623
1076,Nairobi,firewood,724.5541530963549,784.3298707268042
1077,Nairobi,LPG,-336.55978228758636,-364.32596432631226
1078,Nairobi,charcoal,186.86238851227466,202.27853556453732
1079,Nairobi,charcoal,275.09807993700264,297.7936715318054
1080,Nairobi,charcoal,1026.9945238801802,1111.7215721002951
1081,Nairobi,firewood,297.4090028748439,321.94524561201854
1082,Nairobi,LPG,401.18395862217983,434.28163520850967
1083,Nairobi,electricity,398.8293052941544,431.7327229809221
1084,Nairobi,charcoal,94.16219271147429,101.93057361017092
1085,Nairobi,LPG,52.89163805101549,57.25519819022427
1086,Nairobi,charcoal,462.1524013469959,500.27997445812304
1087,Nairobi,charcoal,145.7353400364495,157.75850558945658
1088,Nairobi,firewood,-7.896417642452548,-8.547872097954883
1089,Nairobi,electricity,131.63175675187466,142.49137668390432
1090,Nairobi,firewood,538.6615113496105,583.1010860359534
1091,Nairobi,LPG,862.4023155803427,933.550506615721
1092,Nairobi,electricity,7.704230137092338,8.339829123402456
1093,Nairobi,firewood,497.0521052060039,538.0589038854993
1094,Nairobi,electricity,632.0090142680167,684.149757945128
1095,Nairobi,electricity,702.2323472050714,760.1665158494898
1096,Nairobi,electricity,800.2173908286846,866.2353255720511
1097,Nairobi,electricity,265.1690597296209,287.04550715731466
1098,Nairobi,charcoal,-45.0540356367415,-48.770993576772675
1099,Nairobi,charcoal,214.9284943527902,232.6600951368954
1100,Nairobi,charcoal,778.3273553739639,842.5393621923159
1101,Nairobi,electricity,842.5708739410018,912.0829710411344
1102,Nairobi,LPG,428.0907207076753,463.4082051660585
1103,Nairobi,firewood,22.83991422844332,24.724207152289893
1104,Nairobi,firewood,133.32377515479197,144.3229866050623
1105,Nairobi,electricity,290.24787450010444,314.19332414636307
1106,Nairobi,firewood,743.447621826097,804.78205062675
1107,Nairobi,charcoal,347.34491804588464,376.00087378467015
1108,Nairobi,electricity,454.0360644092035,491.4940397229628
1109,Nairobi,charcoal,625.9139319730914,677.5518313608715
1110,Nairobi,electricity,336.7254748890276,364.50532656737244
1111,Nairobi,charcoal,483.1102161906041,522.966809026329
1112,Nairobi,firewood,685.9697360638966,742.562239289168
1113,Nairobi,electricity,157.9148772962027,170.9428546731394
1114,Nairobi,charcoal,182.23993150320265,197.27472585221687
1115,Nairobi,firewood,314.5735665327014,340.5258857716493
1116,Nairobi,LPG,148.30435980105375,160.53946948464068
1117,Nairobi,LPG,312.0661651906344,337.8116238188618
1118,Nairobi,electricity,474.63105107369904,513.7881127872793
1119,Nairobi,charcoal,60.347543638881234,65.32621598908894
1120,Nairobi,electricity,67.49918373933247,73.0678663978274
1121,Nairobi,charcoal,350.9535614484398,379.9072302679361
1122,Nairobi,LPG,330.59190749012276,357.8657398580579
1123,Nairobi,firewood,314.48191395149365,340.4266718524919
1124,Nairobi,charcoal,382.10723305618956,413.6310797833252
1125,Nairobi,electricity,63.06327694032217,68.26599728789874
1126,Nairobi,charcoal,300.6629369673779,325.46762926718657
1127,Nairobi,firewood,433.70317958123616,469.48369189668813
1128,Nairobi,charcoal,210.78834747182205,228.17838613824736
1129,Nairobi,firewood,-313.32458061306215,-339.1738585136398
1130,Nairobi,electricity,140.13165329423953,151.69251469101428
1131,Nairobi,LPG,745.7612297343933,807.2865311874807
1132,Nairobi,firewood,231.6210784669317,250.72981744045356
1133,Nairobi,charcoal,22.481217105902658,24.335917517139627
1134,Nairobi,charcoal,443.81849848657413,480.4335246117165
1135,Nairobi,LPG,251.67120113939342,272.4340752333934
1136,Nairobi,electricity,592.1058260869635,640.954556739138
1137,Nairobi,charcoal,87.8434392872889,95.09052302849024
1138,Nairobi,electricity,568.3486011743285,615.2373607712105
1139,Nairobi,charcoal,297.22860303046315,321.7499627804764
1140,Nairobi,charcoal,417.58478196965217,452.0355264821485
1141,Nairobi,LPG,351.6077972201349,380.61544049079606
1142,Nairobi,firewood,106.07842266703335,114.8298925370636
1143,Nairobi,firewood,612.6972732763194,663.2447983216157
1144,Nairobi,electricity,526.3593714286691,569.7840195715343
1145,Nairobi,LPG,537.071443650059,581.3798377511889
1146,Nairobi,LPG,379.26446637926654,410.55378485555605
1147,Nairobi,firewood,829.619207389922,898.0627919995907
1148,Nairobi,charcoal,101.27372118885143,109.62880318693166
1149,Nairobi,firewood,69.74224535806866,75.49598060010932
1150,Nairobi,firewood,430.3061774088035,465.8064370450298
1151,Nairobi,charcoal,221.70852207920447,239.99947515073885
1152,Nairobi,LPG,797.4160190183255,863.2028405873374
1153,Nairobi,charcoal,166.4334583031567,180.16421861316712
1154,Nairobi,charcoal,757.5388014922567,820.0357526153679
1155,Nairobi,charcoal,564.5479808818682,611.1231893046223
1156,Nairobi,firewood,817.7244287841104,885.1866941587995
1157,Nairobi,charcoal,684.6152966318252,741.0960586039508
1158,Nairobi,charcoal,306.79580479179197,332.1064586871148
1159,Nairobi,LPG,301.344194521524,326.2050905695497
1160,Nairobi,electricity,263.99427690835364,285.77380475329284
1161,Nairobi,electricity,464.62182030115173,502.95312047599674
1162,Nairobi,firewood,1034.267126010639,1119.5941639065168
1163,Nairobi,firewood,907.9180592985879,982.8212991907214
1164,Nairobi,firewood,247.98422099931497,268.4429192317585
1165,Nairobi,charcoal,40.279165782386315,43.602196959433186
1166,Nairobi,LPG,576.5262323083623,624.0896464738022
1167,Nairobi,electricity,748.5988730051981,810.358280028127
1168,Nairobi,LPG,400.8067547329715,433.8733119984417
1169,Nairobi,electricity,-74.31306533149859,-80.44389322134722
1170,Nairobi,LPG,301.2680681670973,326.12268379088283
1171,Nairobi,charcoal,477.2326052958552,516.6042952327632
1172,Nairobi,LPG,210.89205624220708,228.29065088218917
1173,Nairobi,charcoal,791.3792477854792,856.6680357277812
1174,Nairobi,firewood,67.30485483387497,72.85750535766965
1175,Nairobi,electricity,345.1318346057962,373.6052109607744
1176,Nairobi,firewood,396.23075974069354,428.9197974193008
1177,Nairobi,LPG,533.0700515985841,577.0483308554673
1178,Nairobi,LPG,79.85109033526408,86.43880528792336
1179,Nairobi,charcoal,463.62101522243086,501.8697489782814
1180,Nairobi,charcoal,-34.05541354559671,-36.864985163108436
1181,Nairobi,charcoal,461.58377624603554,499.6644377863335
1182,Nairobi,firewood,91.56321151167498,99.11717646138817
1183,Nairobi,charcoal,361.3400836170837,391.1506405154931
1184,Nairobi,firewood,-213.87108528102237,-231.51544981670673
1185,Nairobi,electricity,628.7298404270545,680.6000522622865
1186,Nairobi,LPG,860.8032729942674,931.8195430162946
1187,Nairobi,firewood,-318.48253156189867,-344.7573404157553
1188,Nairobi,electricity,70.57224761933895,76.39445804793442
1189,Nairobi,LPG,57.20294654441159,61.92218963432555
1190,Nairobi,firewood,385.620843500422,417.4345630892068
1191,Nairobi,firewood,949.3342097864231,1027.654282093803
1192,Nairobi,electricity,54.437263158565656,58.92833736914732
1193,Nairobi,charcoal,587.2432761945407,635.6908464805904
1194,Nairobi,electricity,308.9992816727136,334.4917224107125
1195,Nairobi,charcoal,826.1348063151968,894.2909278362006
1196,Nairobi,charcoal,525.9902693389499,569.3844665594133
1197,Nairobi,firewood,367.2384642955906,397.5356375999768
1198,Nairobi,charcoal,887.864915928272,961.1137714923544
1199,Nairobi,charcoal,593.529275498103,642.4954407266964
1200,Nairobi,firewood,157.80697816560098,170.82605386426306
1201,Nairobi,charcoal,321.0178628201447,347.50183650280667
1202,Nairobi,firewood,342.0768668530724,370.29820836845084
1203,Nairobi,charcoal,102.96056367920141,111.45481018273553
1204,Nairobi,LPG,525.7621885452783,569.1375691002637
1205,Nairobi,LPG,472.04656663524696,510.99040838265483
1206,Nairobi,electricity,533.175348306919,577.1623145422398
1207,Nairobi,electricity,120.20358600772647,130.1203818533639
1208,Nairobi,firewood,480.0186394755204,519.6201772322509
1209,Nairobi,electricity,447.91181261001753,484.864537150344
1210,Nairobi,firewood,263.14782189995145,284.8575172066975
1211,Nairobi,electricity,-13.684977863743654,-14.813988537502507
1212,Nairobi,electricity,344.3932307840762,372.8056723237625
1213,Nairobi,LPG,278.62957733094174,301.61651746074443
1214,Nairobi,LPG,519.4561574746267,562.3112904662834
1215,Nairobi,charcoal,480.70284992671515,520.3608350456692
1216,Nairobi,firewood,510.91729080197723,553.0679672931403
1217,Nairobi,LPG,-48.51120387421565,-52.51337819383844
1218,Nairobi,firewood,12.747922200956339,13.799625782535237
1219,Nairobi,charcoal,776.5899373284208,840.6586071580155
1220,Nairobi,firewood,457.9107410599561,495.6883771974025
1221,Nairobi,firewood,60.3870501278202,65.36898176336537
1222,Nairobi,electricity,297.0190410280352,321.5231119128481
1223,Nairobi,electricity,376.79265807601473,407.87805236728593
1224,Nairobi,firewood,126.34665299522908,136.77025186733547
1225,Nairobi,charcoal,882.2131600899299,954.9957457973492
1226,Nairobi,firewood,-28.842563963837335,-31.222075490853918
1227,Nairobi,electricity,324.5607646206737,351.33702770187926
1228,Nairobi,electricity,915.4900120751931,991.0179380713965
1229,Nairobi,charcoal,797.5176682099594,863.3128758372811
1230,Nairobi,LPG,439.61591080926246,475.8842234510266
1231,Nairobi,firewood,801.3144309886745,867.4228715452402
1232,Nairobi,LPG,75.61896237417494,81.85752677004437
1233,Nairobi,charcoal,123.86867014227505,134.08783542901276
1234,Nairobi,electricity,229.21969136560892,248.13031590327165
1235,Nairobi,firewood,222.91661491870875,241.30723564950222
1236,Nairobi,firewood,209.715120645478,227.01661809872994
1237,Nairobi,LPG,-55.680747493375634,-60.27440916157912
1238,Nairobi,charcoal,-198.78668594607063,-215.18658753662146
1239,Nairobi,electricity,-108.92417507809733,-117.91041952204037
1240,Nairobi,firewood,63.775262074943726,69.03672119612658
1241,Nairobi,charcoal,661.4498630739399,716.01947677754
1242,Nairobi,electricity,-236.0587353766407,-255.53358104521357
1243,Nairobi,LPG,-145.68467344126793,-157.70365900017254
1244,Nairobi,firewood,683.6570243309159,740.0587288382164
1245,Nairobi,charcoal,-168.26126390204274,-182.14281817396127
1246,Nairobi,LPG,450.4828985577356,487.6477376887488
1247,Nairobi,electricity,156.0532333097601,168.9276250578153
1248,Nairobi,electricity,537.9860426369429,582.3698911544907
1249,Nairobi,firewood,784.1861400906673,848.8814966481474
1250,Nairobi,charcoal,245.37309127061886,265.61637130044494
1251,Nairobi,charcoal,471.60269786597723,510.50992043992034
1252,Nairobi,firewood,385.16904920946564,416.9454957692466
1253,Nairobi,electricity,332.03091711362566,359.4234677754998
1254,Nairobi,firewood,219.50869945626633,237.6181671614083
1255,Nairobi,electricity,335.75372669685544,363.45340914934604
1256,Nairobi,firewood,82.86643832752429,89.70291948954505
1257,Nairobi,charcoal,188.05341202201464,203.56781851383084
1258,Nairobi,LPG,570.7365063930056,617.8222681704285
1259,Nairobi,electricity,-9.384905079324767,-10.15915974836906
1260,Nairobi,firewood,499.4908570933396,540.6988528035401
1261,Nairobi,charcoal,219.16134664768978,237.2421577461242
1262,Nairobi,charcoal,338.3697542776557,366.2852590055623
1263,Nairobi,electricity,272.93940895422037,295.45691019294355
1264,Nairobi,LPG,330.43409504306874,357.6949078841219
1265,Nairobi,electricity,-43.39049073703609,-46.97020622284157
1266,Nairobi,charcoal,-1.1437733937788153,-1.2381346987655675
1267,Nairobi,charcoal,617.2041884384471,668.123533984619
1268,Nairobi,firewood,109.07007554257888,118.06835677484163
1269,Nairobi,LPG,522.9691622939774,566.1141181832306
1270,Nairobi,electricity,118.18297762157653,127.93307327535659
1271,Nairobi,charcoal,1214.7941194173193,1315.014634269248
1272,Nairobi,charcoal,532.8260446746067,576.7841933602617
1273,Nairobi,charcoal,143.91892984161723,155.79224155355064
1274,Nairobi,LPG,67.47308062511053,73.03960977668214
1275,Nairobi,firewood,484.30574769017574,524.2609718746153
1276,Nairobi,electricity,147.51614917474117,159.68623148165733
1277,Nairobi,LPG,376.3959926441525,407.4486620372951
1278,Nairobi,firewood,820.5992372320638,888.2986743037092
1279,Nairobi,LPG,614.0581576770116,664.7179556853652
1280,Nairobi,charcoal,804.7097812724958,871.0983382274767
1281,Nairobi,electricity,462.44402161539074,500.5956533986605
1282,Nairobi,electricity,78.9461415665046,85.45919824574122
1283,Nairobi,charcoal,410.1788076205243,444.01855924921756
1284,Nairobi,charcoal,820.2217322154652,887.8900251232411
1285,Nairobi,firewood,203.31046206817308,220.08357518879737
1286,Nairobi,electricity,524.4370647666459,567.7031226098942
1287,Nairobi,firewood,-54.986980338237856,-59.52340621614248
1288,Nairobi,LPG,342.27552237304195,370.51325296881794
1289,Nairobi,LPG,627.6006239690241,679.3776754464686
1290,Nairobi,charcoal,355.0473297288021,384.33873443142824
1291,Nairobi,electricity,470.68096700045515,509.5121467779927
1292,Nairobi,firewood,150.61648614908282,163.04234625638216
1293,Nairobi,firewood,162.19354188722625,175.57450909292243
1294,Nairobi,electricity,455.19080112990963,492.74404222312717
1295,Nairobi,LPG,-100.87918439629237,-109.2017171089865
1296,Nairobi,LPG,626.4269827907682,678.1072088710066
1297,Nairobi,firewood,895.0043688205096,968.8422292482016
1298,Nairobi,charcoal,-46.577590636264176,-50.42024186375597
1299,Nairobi,electricity,783.5299779324487,848.1712011118757
1300,Nairobi,electricity,802.5697244853166,868.7817267553552
1301,Nairobi,firewood,1017.6641954597379,1101.6214915851663
1302,Nairobi,charcoal,488.72893329011276,529.049070286547
1303,Nairobi,firewood,294.90285032543824,319.2323354772869
1304,Nairobi,charcoal,90.1106850622786,97.5448165799166
1305,Nairobi,electricity,398.41291642537095,431.28198203046406
1306,Nairobi,firewood,66.0781971108924,71.52964837254103
1307,Nairobi,charcoal,606.8661368505934,656.9325931407674
1308,Nairobi,electricity,666.4345804607728,721.4154333487867
1309,Nairobi,charcoal,105.68646968205599,114.40560343082561
1310,Nairobi,firewood,94.48201874684332,102.2767852934579
1311,Nairobi,charcoal,342.17567409054635,370.40516720301645
1312,Nairobi,charcoal,999.107568636778,1081.5339430493123
1313,Nairobi,firewood,282.35771591846634,305.6522274817398
1314,Nairobi,LPG,723.4134512525031,783.0950609808347
1315,Nairobi,electricity,430.12193064896087,465.60698992750014
1316,Nairobi,LPG,265.9110558621762,287.84871797080575
1317,Nairobi,charcoal,540.8352259727346,585.4541321154852
1318,Nairobi,charcoal,294.06701212075984,318.3275406207225
1319,Nairobi,LPG,547.6070787524035,592.7846627494768
1320,Nairobi,electricity,752.4893623153662,814.5697347063839
1321,Nairobi,electricity,507.55727159976226,549.4307465067427
1322,Nairobi,LPG,462.1196099575701,500.24447777906965
1323,Nairobi,electricity,393.8311029624934,426.3221689568991
1324,Nairobi,charcoal,74.25408522551271,80.38004725661752
1325,Nairobi,LPG,236.16818565186654,255.65206096814552
1326,Nairobi,LPG,741.7781756293926,802.9748751188175
1327,Nairobi,LPG,144.4585022839269,156.37632872235085
1328,Nairobi,charcoal,-7.964904471299064,-8.622009090181237
1329,Nairobi,charcoal,249.97894714061135,270.6022102797118
1330,Nairobi,electricity,556.4432960295935,602.349867952035
1331,Nairobi,LPG,864.4447399356527,935.761430980344
1332,Nairobi,LPG,19.642974437687997,21.263519828797257
1333,Nairobi,electricity,663.5134069570661,718.2532630310241
1334,Nairobi,electricity,420.66385517119454,455.3686232228181
1335,Nairobi,electricity,166.46911970039093,180.2028220756732
1336,Nairobi,LPG,121.74234359016356,131.78608693635206
1337,Nairobi,charcoal,223.38841462597426,241.81795883261714
1338,Nairobi,firewood,165.31541068479663,178.95393206629237
1339,Nairobi,LPG,-158.2820831844765,-171.34035504719583
1340,Nairobi,charcoal,836.1722589020957,905.1564702615186
1341,Nairobi,charcoal,430.9616700365027,466.5160078145142
1342,Nairobi,LPG,71.82761734251301,77.75339577327033
1343,Nairobi,firewood,957.0328146021017,1035.9880218067751
1344,Nairobi,firewood,135.41982562705493,146.59196124128698
1345,Nairobi,charcoal,405.716173209704,439.1877574995046
1346,Nairobi,firewood,652.3784913761306,706.1997169146614
1347,Nairobi,LPG,-15.073551338048958,-16.317119323437996
1348,Nairobi,charcoal,129.85190727129242,140.56468962117404
1349,Nairobi,electricity,329.4159049457785,356.5927171038052
1350,Nairobi,electricity,-102.68042489157477,-111.15155994512969
1351,Nairobi,electricity,966.0583256168543,1045.7581374802448
1352,Nairobi,firewood,598.0138244433431,647.3499649599189
1353,Nairobi,charcoal,268.7945625048225,290.9701139114704
1354,Nairobi,electricity,1297.0697940593602,1404.0780520692574
1355,Nairobi,electricity,634.9708234871362,687.355916424825
1356,Nairobi,firewood,976.994939126158,1057.597021604066
1357,Nairobi,firewood,551.8080535924743,597.3322180138534
1358,Nairobi,charcoal,-68.30444398178253,-73.93956061027959
1359,Nairobi,charcoal,137.6642486460958,149.02154915939872
1360,Nairobi,firewood,-107.9291694385588,-116.8333259172399
1361,Nairobi,firewood,-206.70603453443368,-223.75928238352446
1362,Nairobi,LPG,75.87169808385727,82.1311131757755
1363,Nairobi,LPG,349.6300959095066,378.47457882204094
1364,Nairobi,charcoal,400.27137517703716,433.29376362914275
1365,Nairobi,firewood,425.22248659429783,460.3033417383274
1366,Nairobi,firewood,931.0029654848657,1007.8107101373672
1367,Nairobi,LPG,558.172447136624,604.2216740253955
1368,Nairobi,electricity,708.9024350419111,767.3868859328687
1369,Nairobi,electricity,-152.65866135267618,-165.25300091427195
1370,Nairobi,electricity,271.2210527767706,293.5967896308542
1371,Nairobi,firewood,169.9855526519857,184.00936074577453
1372,Nairobi,charcoal,529.8681052756544,573.5822239608959
1373,Nairobi,electricity,698.4925960317782,756.1182352044
1374,Nairobi,electricity,322.66530616023095,349.28519391845003
1375,Nairobi,electricity,298.89284917304417,323.55150922982034
1376,Nairobi,LPG,-159.58782176819045,-172.75381706406617
1377,Nairobi,electricity,1201.5495148311293,1300.6773498046975
1378,Nairobi,electricity,336.31938674051435,364.0657361466068
1379,Nairobi,firewood,291.58967782460985,315.64582624514014
1380,Nairobi,LPG,903.1716865493404,977.683350689661
1381,Nairobi,electricity,559.0107219087776,605.1291064662518
1382,Nairobi,electricity,225.36362593165381,243.95612507101526
1383,Nairobi,charcoal,454.0463161044328,491.5051371830485
1384,Nairobi,firewood,409.52435048053627,443.3101093951805
1385,Nairobi,firewood,986.9311760921212,1068.3529981197212
1386,Nairobi,electricity,-84.6579845678342,-91.64226829468053
1387,Nairobi,electricity,1043.7988146822474,1129.9122168935328
1388,Nairobi,LPG,371.66437496955393,402.32668590454216
1389,Nairobi,LPG,623.4229226056773,674.8553137206457
1390,Nairobi,firewood,197.10924493407964,213.3707576411412
1391,Nairobi,electricity,316.20691575554304,342.29398630537537
1392,Nairobi,LPG,697.9971539875592,755.5819191915328
1393,Nairobi,firewood,392.7110610275121,425.10972356228183
1394,Nairobi,charcoal,615.853431239561,666.6613393168249
1395,Nairobi,LPG,73.97920999354545,80.08249481801296
1396,Nairobi,charcoal,871.6867433225273,943.6008996466358
1397,Nairobi,LPG,773.989320651659,837.8434396054208
1398,Nairobi,electricity,696.7625782206758,754.2454909238816
1399,Nairobi,charcoal,52.48145138730058,56.81117112675288
1400,Nairobi,LPG,539.4711874187376,583.9775603807834
1401,Nairobi,LPG,644.2073811887155,697.3544901367845
1402,Nairobi,LPG,-48.577350918876675,-52.584982369684
1403,Nairobi,LPG,700.83035768543,758.648862194478
1404,Nairobi,firewood,186.54703525452447,201.93716566302274
1405,Nairobi,electricity,555.7479867676559,601.5971956759876
1406,Nairobi,LPG,251.65872023696267,272.4205646565121
1407,Nairobi,LPG,-38.723825502282864,-41.9185411062212
1408,Nairobi,charcoal,63.839282092046744,69.10602286464061
1409,Nairobi,charcoal,647.2699838029675,700.6697574667123
1410,Nairobi,charcoal,233.1766594032813,252.41373380405201
1411,Nairobi,firewood,267.6359717834721,289.7159394556085
1412,Nairobi,firewood,1019.3574984422434,1103.4544920637284
1413,Nairobi,electricity,-122.12351303828825,-132.19870286394703
1414,Nairobi,LPG,500.88723321108625,542.2104299510008
1415,Nairobi,firewood,526.6332574409319,570.0805011798087
1416,Nairobi,LPG,729.8275891822084,790.0383652897406
1417,Nairobi,charcoal,559.9514311201826,606.1474241875977
1418,Nairobi,LPG,86.78331373800012,93.94293712138513
1419,Nairobi,LPG,545.8629170859188,590.896607745507
1420,Nairobi,electricity,608.8235498072556,659.0514926663542
1421,Nairobi,charcoal,303.2912143941294,328.3127395816451
1422,Nairobi,charcoal,367.8012475365383,398.14485045830276
1423,Nairobi,charcoal,62.16670968621622,67.29546323532907
1424,Nairobi,firewood,92.70408920935643,100.35217656912833
1425,Nairobi,electricity,284.1111675461183,307.55033886867307
1426,Nairobi,electricity,886.1186347551832,959.2234221224858
1427,Nairobi,firewood,335.05786395504106,362.70013773133195
1428,Nairobi,firewood,608.4771173313144,658.6764795111478
1429,Nairobi,electricity,789.2093714072446,854.3191445483423
1430,Nairobi,firewood,250.00984217205863,270.63565415125345
1431,Nairobi,LPG,587.3869071694503,635.8463270109299
1432,Nairobi,LPG,305.20777970557026,330.3874215312798
1433,Nairobi,LPG,116.93923614291214,126.58672312470239
1434,Nairobi,electricity,440.47523714955685,476.8144442143953
1435,Nairobi,electricity,349.94125126178443,378.81140449088167
1436,Nairobi,charcoal,213.57435300252448,231.19423712523275
1437,Nairobi,LPG,223.56577899137721,242.00995575816583
1438,Nairobi,electricity,276.91920740455805,299.7650420154341
1439,Nairobi,LPG,694.0295284114372,751.2869645053809
1440,Nairobi,charcoal,559.7683120805832,605.9491978272313
1441,Nairobi,electricity,468.47245374289656,507.1214311766855
1442,Nairobi,electricity,859.711459848979,930.6376552865197
1443,Nairobi,firewood,301.89123642037407,326.79726342505495
1444,Nairobi,charcoal,-149.52073805815928,-161.85619894795744
1445,Nairobi,firewood,372.50827443303666,403.2402070737622
1446,Nairobi,charcoal,650.1370688332674,703.773377012012
1447,Nairobi,LPG,520.2093553420083,563.126627157724
1448,Nairobi,LPG,237.06615441496734,256.6241121542022
1449,Nairobi,LPG,36.14341530269587,39.12524706516828
1450,Nairobi,charcoal,745.5563517993417,807.0647508227873
1451,Nairobi,electricity,41.68035992038068,45.11898961381209
1452,Nairobi,charcoal,230.28103895796298,249.27922467199494
1453,Nairobi,charcoal,202.29269229598717,218.9818394104061
1454,Nairobi,LPG,-247.41800840384678,-267.82999409716416
1455,Nairobi,electricity,64.73414655718426,70.07471364815196
1456,Nairobi,charcoal,793.6260056920995,859.1001511616977
1457,Nairobi,LPG,450.25317809030827,487.3990652827587
1458,Nairobi,firewood,287.4222900340379,311.1346289618461
1459,Nairobi,charcoal,305.1764796634659,330.3535392357018
1460,Nairobi,LPG,373.7695651303394,404.6055542535924
1461,Nairobi,firewood,1174.0180706301335,1270.8745614571196
1462,Nairobi,firewood,-134.54015910171518,-145.63972222760668
1463,Nairobi,charcoal,464.35017485997946,502.6590642859278
1464,Nairobi,LPG,45.89550779509318,49.68188718818837
1465,Nairobi,firewood,219.3072343020408,237.40008113195915
1466,Nairobi,LPG,644.7932315103262,697.9886731099282
1467,Nairobi,charcoal,700.2161072839649,757.983936134892
1468,Nairobi,electricity,560.8476439276412,607.1175745516716
1469,Nairobi,electricity,969.2395889997109,1049.201855092187
1470,Nairobi,LPG,380.5448194185436,411.93976702057347
1471,Nairobi,firewood,565.0143449469414,611.628028405064
1472,Nairobi,charcoal,142.3323126522688,154.07472844608097
1473,Nairobi,firewood,460.48068239753667,498.47033869533345
1474,Nairobi,electricity,295.50603267473133,319.8852803703967
1475,Nairobi,charcoal,110.3645848625016,119.46966311365799
1476,Nairobi,LPG,250.94108196665414,271.64372122890313
1477,Nairobi,electricity,227.0899510412709,245.82487200217574
1478,Nairobi,LPG,419.6703573533266,454.29316183497605
1479,Nairobi,LPG,-77.02761885847326,-83.3823974142973
1480,Nairobi,firewood,451.7134301059485,488.97978808968924
1481,Nairobi,LPG,852.3570324604284,922.6764876384137
1482,Nairobi,charcoal,786.1130084372255,850.9673316332967
1483,Nairobi,firewood,478.82894834571505,518.3323365842366
1484,Nairobi,charcoal,415.81934962526657,450.1244459693511
1485,Nairobi,electricity,724.2511080417162,784.0018244551578
1486,Nairobi,firewood,254.58718622429885,275.5906290878035
1487,Nairobi,charcoal,-261.4929352831157,-283.06610244397274
1488,Nairobi,electricity,10.66463885430187,11.544471559781774
1489,Nairobi,electricity,556.3178682067385,602.2140923337944
1490,Nairobi,LPG,237.3984703456412,256.9838441491566
1491,Nairobi,charcoal,-155.5513564429309,-168.38434334947272
1492,Nairobi,LPG,281.9672115900215,305.2295065461983
1493,Nairobi,charcoal,682.3619372443814,738.6567970670428
1494,Nairobi,firewood,349.0779466174764,377.8768772134182
1495,Nairobi,electricity,240.59427327306994,260.44330081809824
1496,Nairobi,charcoal,-160.33759229178725,-173.5654436558597
1497,Nairobi,electricity,417.6348519295715,452.08972721376114
1498,Nairobi,LPG,131.3966416418935,142.2368645773497
1499,Nairobi,LPG,417.767930815168,452.23378510741935
1500,Nairobi,charcoal,254.94089686015252,275.9735208511151
1501,Nairobi,firewood,-101.99265782662144,-110.40705209731772
1502,Nairobi,LPG,190.84278440308654,206.5873141163412
1503,Nairobi,LPG,509.9652677373182,552.0374023256469
1504,Nairobi,firewood,587.639585766606,636.1198515923511
1505,Nairobi,firewood,278.84516609393864,301.8498922966886
1506,Nairobi,firewood,471.7260220192046,510.643418835789
1507,Nairobi,firewood,250.74966006756398,271.436507023138
1508,Nairobi,charcoal,837.0916345030028,906.1516943495005
1509,Nairobi,LPG,895.8524229598618,969.7602478540504
1510,Nairobi,charcoal,103.62453460965679,112.17355871495347
1511,Nairobi,firewood,429.66550055906936,465.1129043551926
1512,Nairobi,electricity,417.7443371748744,452.2082449918015
1513,Nairobi,electricity,672.1829671095234,727.6380618960591
1514,Nairobi,electricity,-91.22497086787672,-98.75103096447656
1515,Nairobi,electricity,555.3839579968698,601.2031345316116
1516,Nairobi,electricity,406.6814556365481,440.23267572656334
1517,Nairobi,LPG,597.6831516982172,646.9920117133202
1518,Nairobi,charcoal,608.8318389371176,659.0604656494298
1519,Nairobi,firewood,316.6014692658218,342.7210904802521
1520,Nairobi,charcoal,419.0673386359555,453.6403940734218
1521,Nairobi,firewood,165.48598147872013,179.13857495071454
1522,Nairobi,LPG,826.3839013052159,894.5605731628962
1523,Nairobi,firewood,426.3900729613494,461.5672539806607
1524,Nairobi,LPG,378.695260790797,409.9376198060378
1525,Nairobi,firewood,359.14411998778905,388.77350988678165
1526,Nairobi,LPG,633.2756878414219,685.5209320883392
1527,Nairobi,LPG,146.44732217177904,158.5292262509508
1528,Nairobi,charcoal,462.15345628836207,500.2811164321519
1529,Nairobi,LPG,698.8885905089041,756.5468992258888
1530,Nairobi,firewood,282.6368762647638,305.95441855660687
1531,Nairobi,electricity,629.996516398449,681.971229001321
1532,Nairobi,charcoal,6.322638681988053,6.844256373252068
1533,Nairobi,charcoal,238.20247349686372,257.85417756035497
1534,Nairobi,electricity,79.7867148292741,86.36911880268921
1535,Nairobi,electricity,109.6513928046515,118.69763271103524
1536,Nairobi,charcoal,399.12052485575515,432.04796815635495
1537,Nairobi,electricity,650.8674399128633,704.5640037056746
1538,Nairobi,LPG,199.9333019256977,216.42779933456777
1539,Nairobi,electricity,431.7304701864217,467.3482339768015
1540,Nairobi,LPG,278.2362931097245,301.19078729127676
1541,Nairobi,LPG,160.36664963597238,173.5968982309401
1542,Nairobi,firewood,488.22452989119256,528.503053607216
1543,Nairobi,firewood,592.5058764661445,641.3876112746015
1544,Nairobi,firewood,534.2293937052066,578.3033186858861
1545,Nairobi,LPG,559.5330715788089,605.6945499840606
1546,Nairobi,electricity,206.6923219065405,223.7444384638301
1547,Nairobi,LPG,613.8870548920897,664.5327369206872
1548,Nairobi,charcoal,94.38465663435426,102.17139080668849
1549,Nairobi,LPG,576.9528390447406,624.5514482659316
1550,Nairobi,firewood,159.4052562280359,172.55618986684888
1551,Nairobi,charcoal,485.57982519575614,525.640160774406
1552,Nairobi,firewood,25.009794529865133,27.073102578579007
1553,Nairobi,electricity,341.390297834721,369.55499740608553
1554,Nairobi,charcoal,386.0214338931768,417.86820218936384
1555,Nairobi,LPG,451.75561156505046,489.0254495191671
1556,Nairobi,electricity,306.41169245865336,331.69065708649225
1557,Nairobi,charcoal,661.7284139739405,716.3210081267906
1558,Nairobi,LPG,216.39342542539444,234.2458830229895
1559,Nairobi,electricity,845.0018633588661,914.7145170859726
1560,Nairobi,electricity,178.44901141411907,193.1710548557839
1561,Nairobi,charcoal,243.19937538061214,263.26332384951263
1562,Nairobi,firewood,612.530630344824,663.064407348272
1563,Nairobi,firewood,242.82981149088084,262.86327093887854
1564,Nairobi,electricity,631.2767519395908,683.357083974607
1565,Nairobi,LPG,749.0541070535148,810.8510708854299
1566,Nairobi,charcoal,147.64848756213112,159.82948778600695
1567,Nairobi,LPG,550.0721436600656,595.453095512021
1568,Nairobi,firewood,492.9257516260414,533.5921261351898
1569,Nairobi,charcoal,585.4493786064265,633.7489523414567
1570,Nairobi,charcoal,277.1812404140285,300.04869274818583
1571,Nairobi,firewood,799.4756815648788,865.4324252939813
1572,Nairobi,firewood,-285.5915531719854,-309.15285630867425
1573,Nairobi,electricity,429.5587909472556,464.9973912004042
1574,Nairobi,LPG,-103.78475140657702,-112.34699339761963
1575,Nairobi,firewood,779.9859091799942,844.3347466873438
1576,Nairobi,LPG,94.81615173129347,102.63848424912518
1577,Nairobi,LPG,207.20267593108977,224.29689669540468
1578,Nairobi,LPG,-154.51559451810635,-167.26313106585013
1579,Nairobi,charcoal,704.5273062567703,762.6508090229539
1580,Nairobi,electricity,693.0280065200068,750.2028170579074
1581,Nairobi,electricity,364.39767515697116,394.4604833574213
1582,Nairobi,LPG,186.96448966159943,202.3890600586814
1583,Nairobi,LPG,550.9349879354763,596.3871244401531
1584,Nairobi,charcoal,643.9132583745254,697.0361021904238
1585,Nairobi,LPG,285.24540291268323,308.7781486529796
1586,Nairobi,electricity,406.1665828615878,439.6753259476688
1587,Nairobi,electricity,770.3901111192483,833.9472952865864
1588,Nairobi,charcoal,629.2052292486992,681.1146606617169
1589,Nairobi,firewood,565.4185815652779,612.0656145444134
1590,Nairobi,electricity,299.70329322363796,324.4288149145881
1591,Nairobi,firewood,178.49147884984723,193.21702585495962
1592,Nairobi,electricity,178.32255586077096,193.03416671928457
1593,Nairobi,firewood,803.1179271630053,869.3751561539533
1594,Nairobi,firewood,-369.26213574496023,-399.72626194391944
1595,Nairobi,LPG,34.424695317410624,37.264732681097
1596,Nairobi,LPG,933.1438889208109,1010.1282597567779
1597,Nairobi,charcoal,344.4441181488448,372.8607578961245
1598,Nairobi,LPG,182.99509235020457,198.09218746909644
1599,Nairobi,firewood,804.166744006631,870.5105003871781
1600,Nairobi,electricity,415.1053360825143,449.35152630932174
1601,Nairobi,charcoal,513.7632075930247,556.1486722194493
1602,Nairobi,charcoal,187.0971334025058,202.5326469082125
1603,Nairobi,electricity,531.0119650306542,574.8204521456832
1604,Nairobi,electricity,421.2998627877251,456.0571014677124
1605,Nairobi,LPG,297.6260430959274,322.18019165134143
1606,Nairobi,electricity,-63.02341033415439,-68.22284168672213
1607,Nairobi,charcoal,457.40263317208684,495.138350408784
1608,Nairobi,firewood,319.38673377539874,345.7361393118691
1609,Nairobi,LPG,197.54299305810758,213.84028998540145
1610,Nairobi,firewood,-127.48028925504343,-137.99741311858452
1611,Nairobi,firewood,124.60250228567088,134.88220872423872
1612,Nairobi,LPG,1143.3146030029461,1237.638057750689
1613,Nairobi,firewood,628.9251720958837,680.811498793794
1614,Nairobi,charcoal,-78.67395345380129,-85.1645546137399
1615,Nairobi,charcoal,611.4470636647911,661.8914464171364
1616,Nairobi,firewood,235.7057764274413,255.1515029827052
1617,Nairobi,firewood,843.2107010987096,912.7755839393532
1618,Nairobi,electricity,256.742997367865,277.9242946507138
1619,Nairobi,firewood,780.6572872993897,845.0615135015894
1620,Nairobi,firewood,-437.0726858210422,-473.13118240127824
1621,Nairobi,electricity,418.22220136351535,452.72553297600535
1622,Nairobi,firewood,514.7699547670329,557.2384760353132
1623,Nairobi,LPG,375.41377842521723,406.38541514529766
1624,Nairobi,electricity,356.5628211177126,385.97925385992386
1625,Nairobi,firewood,493.12791112273044,533.8109637903557
1626,Nairobi,charcoal,450.16111307952104,487.29940490858155
1627,Nairobi,charcoal,691.9402804850631,749.0253536250808
1628,Nairobi,charcoal,580.2751743754241,628.1478762613965
1629,Nairobi,firewood,696.0932328856076,753.5209245986701
1630,Nairobi,LPG,506.9960713764764,548.8232472650357
1631,Nairobi,LPG,-309.11894428755386,-334.62125719127704
1632,Nairobi,electricity,1137.0733770092115,1230.8819306124715
1633,Nairobi,electricity,308.72502566619875,334.19484028366014
1634,Nairobi,electricity,1301.1483252932487,1408.4930621299418
1635,Nairobi,firewood,-216.15173286702884,-233.98425082855871
1636,Nairobi,electricity,38.268311392457804,41.42544708233557
1637,Nairobi,electricity,356.30966710955624,385.70521464609465
1638,Nairobi,charcoal,335.3431758842045,363.0089878946514
1639,Nairobi,charcoal,406.99279341231124,440.56969886882695
1640,Nairobi,LPG,573.0338953992465,620.3091917696844
1641,Nairobi,electricity,214.73295543432056,232.44842425765202
1642,Nairobi,firewood,361.69710348239676,391.5371145196945
1643,Nairobi,LPG,480.3436893608292,519.9720437330976
1644,Nairobi,charcoal,555.9210545298158,601.7845415285257
1645,Nairobi,firewood,429.2538506080009,464.667293283161
1646,Nairobi,electricity,24.668097434581,26.703215472933934
1647,Nairobi,firewood,1064.8085706204906,1152.6552776966812
1648,Nairobi,firewood,363.5966305995254,393.5933526239862
1649,Nairobi,LPG,609.7026911638852,660.0031631849058
1650,Nairobi,electricity,753.0571679499747,815.1843843058476
1651,Nairobi,charcoal,547.6441305065189,592.8247712733067
1652,Nairobi,electricity,-90.82500221471793,-98.31806489743215
1653,Nairobi,firewood,60.817475305453286,65.83491701815318
1654,Nairobi,firewood,723.9714959224013,783.6991443359994
1655,Nairobi,firewood,677.7443079481859,733.6582133539113
1656,Nairobi,charcoal,-53.71349292980972,-58.14485609651902
1657,Nairobi,firewood,641.8501473348999,694.8027844900292
1658,Nairobi,charcoal,88.51125582958537,95.81343443552616
1659,Nairobi,firewood,308.30013109337574,333.73489190857924
1660,Nairobi,firewood,158.5787083844396,171.66145182615588
1661,Nairobi,LPG,877.4760720199033,949.8678479615454
1662,Nairobi,LPG,389.82436984953,421.98488036211626
1663,Nairobi,electricity,534.9738591133148,579.1092024901633
1664,Nairobi,LPG,117.6669645326109,127.37448910655131
1665,Nairobi,LPG,667.4382470842687,722.5019024687209
1666,Nairobi,LPG,327.84934736072375,354.89691851798347
1667,Nairobi,firewood,23.996457643705924,25.97616539931166
1668,Nairobi,charcoal,25.242131500769972,27.324607349583495
1669,Nairobi,charcoal,428.6254349639926,463.98703334852195
1670,Nairobi,electricity,-95.44799564529973,-103.32245528603696
1671,Nairobi,electricity,570.0769104775327,617.1082555919292
1672,Nairobi,charcoal,373.4339085746288,404.24220603203565
1673,Nairobi,electricity,238.35146672969418,258.01546273489396
1674,Nairobi,electricity,691.8922323562374,748.973341525627
1675,Nairobi,charcoal,404.5163749892317,437.8889759258433
1676,Nairobi,firewood,341.2712059485536,369.42608043930926
1677,Nairobi,electricity,121.45391925220923,131.4738675905165
1678,Nairobi,electricity,293.8395519622817,318.08131499916993
1679,Nairobi,LPG,450.92475016096273,488.1260420492422
1680,Nairobi,electricity,502.17609309396113,543.605620774213
1681,Nairobi,charcoal,889.9963489884166,963.421047779961
1682,Nairobi,LPG,490.2846095880558,530.7330898790703
1683,Nairobi,firewood,333.92647583202177,361.4754100881636
1684,Nairobi,electricity,525.7957047007806,569.173850338595
1685,Nairobi,LPG,51.582404203307306,55.83795255008016
1686,Nairobi,charcoal,-54.93686946026935,-59.46916119074157
1687,Nairobi,charcoal,272.27629404317014,294.73908830173167
1688,Nairobi,electricity,311.89598519468956,337.62740397325143
1689,Nairobi,LPG,182.07805955150093,197.09949946449976
1690,Nairobi,LPG,690.159130510596,747.0972587777202
1691,Nairobi,charcoal,241.3384099775239,261.2488288006696
1692,Nairobi,electricity,241.85098513625547,261.80369140999653
1693,Nairobi,firewood,172.6285651849351,186.87042181269226
1694,Nairobi,firewood,705.7525685142509,763.9771554166766
1695,Nairobi,charcoal,24.633622010916497,26.66589582681711
1696,Nairobi,firewood,666.7126882330759,721.7164850123047
1697,Nairobi,electricity,591.9087741848288,640.7412480550771
1698,Nairobi,firewood,791.543629856616,856.8459793197868
1699,Nairobi,electricity,652.6927615880147,706.539914419026
1700,Nairobi,LPG,424.1421628534299,459.1338912888379
1701,Nairobi,LPG,780.0691415983288,844.4248457801909
1702,Nairobi,firewood,124.7523726873697,135.0444434340777
1703,Nairobi,firewood,710.3503788133567,768.9542850654586
1704,Nairobi,firewood,252.11556070777553,272.91509446616703
1705,Nairobi,LPG,592.0244769096782,640.8664962547267
1706,Nairobi,firewood,77.23781160257289,83.60993105978515
1707,Nairobi,electricity,160.50380947532528,173.74537375703963
1708,Nairobi,electricity,641.3019121653115,694.2093199189496
1709,Nairobi,electricity,741.6744057942157,802.8625442722384
1710,Nairobi,firewood,333.141115319296,360.6252573331379
1711,Nairobi,charcoal,122.43169866631251,132.5323138062833
1712,Nairobi,electricity,554.0534995402618,599.7629132523334
1713,Nairobi,LPG,408.54621468713333,442.25127739882186
1714,Nairobi,firewood,112.93026107488816,122.24700761356644
1715,Nairobi,charcoal,716.72030884811,775.8497343280791
1716,Nairobi,electricity,234.53329773689484,253.88229480018867
1717,Nairobi,firewood,537.3836140970575,581.7177622600648
1718,Nairobi,LPG,337.26995507659416,365.0947263704132
1719,Nairobi,charcoal,252.33128782618215,273.1486190718422
1720,Nairobi,firewood,662.6071938307209,717.2722873217554
1721,Nairobi,firewood,528.0365132707964,571.599525615637
1722,Nairobi,electricity,646.3193167801808,699.6406604145457
1723,Nairobi,electricity,449.39157612835834,486.4663811589479
1724,Nairobi,firewood,361.7844435271547,391.63166011814496
1725,Nairobi,charcoal,471.7536808579314,510.6733595287107
1726,Nairobi,electricity,560.2849211837803,606.5084271814421
1727,Nairobi,firewood,249.93294230910894,270.55241004961044
1728,Nairobi,firewood,494.9187339659686,535.749529518161
1729,Nairobi,electricity,615.8569432301963,666.6651410466875
1730,Nairobi,charcoal,294.6805281896526,318.9916717652989
1731,Nairobi,LPG,609.4614383028038,659.7420069627851
1732,Nairobi,firewood,488.4157932559993,528.7100961996192
1733,Nairobi,LPG,504.55725245241825,546.1832257797428
1734,Nairobi,electricity,491.69269622579236,532.2573436644202
1735,Nairobi,charcoal,-22.164900413063947,-23.993504697141724
1736,Nairobi,electricity,358.2866188421394,387.8452648966159
1737,Nairobi,LPG,158.5312014496916,171.61002556929114
1738,Nairobi,firewood,155.6842413765151,168.52819129007761
1739,Nairobi,LPG,181.32530825402745,196.28464618498472
1740,Nairobi,LPG,305.93960782940076,331.1796254753263
1741,Nairobi,electricity,522.0791232946974,565.1506509665099
1742,Nairobi,charcoal,598.2193645458733,647.5724621209079
1743,Nairobi,LPG,984.9849613928676,1066.2462207077792
1744,Nairobi,firewood,279.4549108997937,302.5099410490267
1745,Nairobi,electricity,538.170755527895,582.5698428589463
1746,Nairobi,electricity,384.48041664593666,416.20005101922646
1747,Nairobi,electricity,164.82680426129465,178.42501561285147
1748,Nairobi,firewood,523.1010666896467,566.2569046915426
1749,Nairobi,LPG,363.51180398544693,393.5015278142463
1750,Nairobi,electricity,600.2568910365471,649.7780845470622
1751,Nairobi,charcoal,1004.6913333269888,1087.5783683264654
1752,Nairobi,firewood,305.3941631761054,330.5891816381341
1753,Nairobi,charcoal,523.860008070083,567.078458735865
1754,Nairobi,electricity,470.46411828518865,509.2774080437167
1755,Nairobi,LPG,581.729789217042,629.722496827448
1756,Nairobi,LPG,565.7890138727671,612.4666075172704
1757,Nairobi,LPG,-274.49535053814213,-297.14121695753886
1758,Nairobi,firewood,29.925202877587594,32.39403211498857
1759,Nairobi,firewood,1015.8299426536646,1099.6359129225918
1760,Nairobi,charcoal,76.10606055214112,82.38481054769277
1761,Nairobi,firewood,470.0762008030374,508.857487369288
1762,Nairobi,LPG,285.0003556182373,308.51288495674186
1763,Nairobi,LPG,713.4015891120912,772.2572202138388
1764,Nairobi,LPG,306.4751930837172,331.7593965131239
1765,Nairobi,LPG,-74.19392136729567,-80.31491988009756
1766,Nairobi,firewood,609.0841868614648,659.3336322775357
1767,Nairobi,firewood,381.0704114689425,412.50872041513026
1768,Nairobi,firewood,537.413566839779,581.7501861040608
1769,Nairobi,firewood,314.67142265354994,340.63181502246783
1770,Nairobi,charcoal,340.31193162185826,368.38766598066155
1771,Nairobi,electricity,-20.302979230821677,-21.977975017364464
1772,Nairobi,charcoal,1011.0892700261358,1094.504134803292
1773,Nairobi,electricity,270.08071624882894,292.3623753393573
1774,Nairobi,LPG,159.2983218023333,172.4404333510258
1775,Nairobi,LPG,495.40455006811754,536.2754254487372
1776,Nairobi,firewood,512.0030083947509,554.2432565873178
1777,Nairobi,LPG,485.1845775696826,525.2123052191814
1778,Nairobi,LPG,423.3993969230646,458.32984716921743
1779,Nairobi,electricity,263.17090172497956,284.88250111729036
1780,Nairobi,electricity,229.04735686600603,247.94376380745152
1781,Nairobi,charcoal,197.30833188410685,213.58626926454568
1782,Nairobi,firewood,557.4162959946157,603.4031404141715
1783,Nairobi,charcoal,313.43381248317297,339.29210201303476
1784,Nairobi,electricity,54.721009356832326,59.23549262877099
1785,Nairobi,firewood,391.87873200792,424.2087273985734
1786,Nairobi,LPG,500.79414131050964,542.1096579686267
1787,Nairobi,charcoal,686.6821223840429,743.3333974807265
1788,Nairobi,LPG,239.31258408578074,259.05587227285764
1789,Nairobi,firewood,412.85133520051073,446.91157035455285
1790,Nairobi,electricity,358.3337469948823,387.8962811219601
1791,Nairobi,LPG,196.8327830699998,213.0714876732748
1792,Nairobi,electricity,527.6615026863789,571.1935766580051
1793,Nairobi,firewood,260.996511840518,282.5287240673607
1794,Nairobi,electricity,62.67872292142914,67.84971756244704
1795,Nairobi,LPG,340.5860263269903,368.684373498967
1796,Nairobi,charcoal,483.70106341582164,523.6064011476269
1797,Nairobi,LPG,363.12242485815955,393.08002490895774
1798,Nairobi,electricity,673.9417519379963,729.541946472881
1799,Nairobi,firewood,580.5064349486288,628.3982158318906
1800,Nairobi,LPG,-275.00265707860785,-297.690376287593
1801,Nairobi,firewood,160.6681510579095,173.92327352018705
1802,Nairobi,LPG,424.25145154544,459.2521962979388
1803,Nairobi,LPG,603.8359830086738,653.6524516068894
1804,Nairobi,electricity,72.29705191638993,78.2615586994921
1805,Nairobi,firewood,408.33694065762603,442.0247382618802
1806,Nairobi,firewood,588.6237085849441,637.185164543202
1807,Nairobi,LPG,247.00497185932792,267.3828820377225
1808,Nairobi,charcoal,-229.09398604380578,-247.99423989241976
1809,Nairobi,charcoal,237.85480966161728,257.47783145870073
1810,Nairobi,electricity,617.8808936949673,668.8560674248022
1811,Nairobi,electricity,781.9322046117879,846.4416114922604
1812,Nairobi,charcoal,390.30343336286677,422.5034666153033
1813,Nairobi,electricity,517.1987268039446,559.8676217652701
1814,Nairobi,electricity,287.63289876207506,311.3626129099463
1815,Nairobi,firewood,585.6441662107927,633.9598099231831
1816,Nairobi,LPG,490.08350881356114,530.51539829068
1817,Nairobi,charcoal,651.9823936190072,705.7709410925753
1818,Nairobi,electricity,214.79051937968921,232.5107372285136
1819,Nairobi,electricity,38.745932431969266,41.94247185760673
1820,Nairobi,LPG,579.4869998805883,627.2946773707368
1821,Nairobi,firewood,576.5431268129325,624.1079347749995
1822,Nairobi,firewood,-38.94497432858827,-42.15793471069681
1823,Nairobi,electricity,472.1314776470454,511.08232455292665
1824,Nairobi,charcoal,397.3318120262174,430.11168651838034
1825,Nairobi,electricity,363.62058398879657,393.6192821678723
1826,Nairobi,electricity,685.7705272702852,742.3465957700838
1827,Nairobi,electricity,593.4795815693649,642.4416470488375
1828,Nairobi,charcoal,127.73113331761414,138.2689518163173
1829,Nairobi,firewood,335.9944303616273,363.7139708664615
1830,Nairobi,electricity,671.197454412533,726.571244401567
1831,Nairobi,electricity,-17.99216798739559,-19.476521846355727
1832,Nairobi,LPG,435.4746208667755,471.40127708828453
1833,Nairobi,LPG,606.9917539479159,657.0685736486189
1834,Nairobi,LPG,397.4235221953992,430.21096277651964
1835,Nairobi,firewood,862.5820590063736,933.7450788743994
1836,Nairobi,electricity,564.2763769073664,610.8291780022241
1837,Nairobi,LPG,500.21324893911356,541.4808419765905
1838,Nairobi,LPG,657.38535662248,711.6196485438346
1839,Nairobi,charcoal,350.3574797609753,379.2619718412558
1840,Nairobi,electricity,559.2241948653859,605.3601909417803
1841,Nairobi,charcoal,66.79005756215753,72.30023731103553
1842,Nairobi,electricity,119.5296772389973,129.39087561121457
1843,Nairobi,electricity,372.7965218643934,403.5522349182059
1844,Nairobi,charcoal,840.4618578713621,909.7999611457495
1845,Nairobi,charcoal,1017.8538680826821,1101.8268121995034
1846,Nairobi,LPG,278.1258974752193,301.0712840169249
1847,Nairobi,electricity,152.51860672024085,165.10139177466073
1848,Nairobi,electricity,274.76331851841655,297.4312922961859
1849,Nairobi,firewood,195.4128683328036,211.5344299702599
1850,Nairobi,LPG,639.3631021933479,692.1105581242991
1851,Nairobi,charcoal,179.42234038283758,194.22468346442167
1852,Nairobi,electricity,359.1018978982614,388.727804474868
1853,Nairobi,electricity,509.02926294602423,551.0241771390712
1854,Nairobi,charcoal,709.872119938218,768.436569833121
1855,Nairobi,electricity,508.6695989633079,550.6348408777808
1856,Nairobi,electricity,926.2426313597668,1002.6576484469476
1857,Nairobi,firewood,81.87438205754574,88.62901857729327
1858,Nairobi,LPG,485.5826769977525,525.6432478500672
1859,Nairobi,electricity,337.6297218322944,365.4841738834587
1860,Nairobi,firewood,-329.2894941421664,-356.45587740889516
1861,Nairobi,firewood,423.81362313624766,458.7782470449881
1862,Nairobi,firewood,352.6511253793887,381.7448432231883
1863,Nairobi,LPG,108.65386462907429,117.61780846097292
1864,Nairobi,charcoal,214.34973020943974,232.03358295171853
1865,Nairobi,electricity,-155.55085798323637,-168.38380376685336
1866,Nairobi,firewood,194.8118437888975,210.88382090148156
1867,Nairobi,firewood,287.6937142351549,311.4284456595552
1868,Nairobi,LPG,262.2791553142563,283.91718562768244
1869,Nairobi,charcoal,87.74921135854856,94.98852129562883
1870,Nairobi,firewood,464.873880001943,503.2259751021033
1871,Nairobi,charcoal,-32.88535796217184,-35.598399994051015
1872,Nairobi,electricity,-90.2786676415542,-97.72665772198242
1873,Nairobi,charcoal,808.2693201865495,874.9515391019398
1874,Nairobi,LPG,512.661934354002,554.9565439382072
1875,Nairobi,firewood,332.7495841809209,360.2014248758469
1876,Nairobi,firewood,692.8207251698402,749.978434996352
1877,Nairobi,LPG,308.3898703806377,333.83203468704033
1878,Nairobi,charcoal,674.5783507323758,730.2310646677969
1879,Nairobi,LPG,550.4953898617033,595.9112595252939
1880,Nairobi,LPG,77.61072857007582,84.01361367710707
1881,Nairobi,electricity,701.6592319647684,759.5461186018618
1882,Nairobi,charcoal,494.1603702540119,534.928600799968
1883,Nairobi,electricity,1026.5200704672782,1111.2079762808287
1884,Nairobi,charcoal,189.3473564575029,204.9685133652469
1885,Nairobi,LPG,802.9735595044478,869.2188781635648
1886,Nairobi,LPG,116.49597468409246,126.10689259553008
1887,Nairobi,electricity,247.07132207318634,267.4547061442242
1888,Nairobi,electricity,951.6165640372132,1030.1249305702831
1889,Nairobi,charcoal,502.94640661703164,544.4394851629368
1890,Nairobi,electricity,360.6567711607969,390.4109547815626
1891,Nairobi,electricity,666.1171804370188,721.0718478230729
1892,Nairobi,electricity,660.6399474464409,715.1427431107724
1893,Nairobi,electricity,663.6565024983134,718.4081639544244
1894,Nairobi,charcoal,396.1729163544254,428.85718195366553
1895,Nairobi,firewood,575.4964206217496,622.974875323044
1896,Nairobi,electricity,638.893280169075,691.6019757830237
1897,Nairobi,LPG,285.94560000819104,309.5361120088668
1898,Nairobi,firewood,182.07486773066702,197.09604431844704
1899,Nairobi,LPG,1066.9127317405532,1154.9330321091488
1900,Nairobi,LPG,618.9857712545017,670.0520973829981
1901,Nairobi,firewood,874.4953929255576,946.641262841916
1902,Nairobi,LPG,798.1812207887674,864.0311715038407
1903,Nairobi,electricity,601.8649140069545,651.5187694125282
1904,Nairobi,electricity,608.8699956452174,659.1017702859479
1905,Nairobi,electricity,573.3330282200818,620.6330030482386
1906,Nairobi,charcoal,739.4321508145982,800.4353032568026
1907,Nairobi,LPG,794.0287002802712,859.5360680533936
1908,Nairobi,firewood,592.9372216979996,641.8545424880846
1909,Nairobi,charcoal,459.25315544891413,497.14154077344955
1910,Nairobi,electricity,260.7357146611723,282.246411120719
1911,Nairobi,LPG,-57.50284557376466,-62.24683033360024
1912,Nairobi,electricity,439.06818629280735,475.29131166196396
1913,Nairobi,electricity,533.1568663615333,577.1423078363598
1914,Nairobi,firewood,279.4078163131712,302.45896115900786
1915,Nairobi,charcoal,204.62442847370593,221.50594382278666
1916,Nairobi,electricity,933.6836590952747,1010.7125609706349
1917,Nairobi,charcoal,167.2559121580863,181.05452491112842
1918,Nairobi,LPG,545.4821934919767,590.4844744550647
1919,Nairobi,firewood,296.6722818614487,321.1477451150182
1920,Nairobi,firewood,215.28755554407374,233.04877887645983
1921,Nairobi,LPG,666.4267717254139,721.4069803927606
1922,Nairobi,electricity,410.7120458281729,444.59578960899717
1923,Nairobi,charcoal,623.7407481613822,675.1993598846962
1924,Nairobi,firewood,33.393066106590254,36.14799406038395
1925,Nairobi,LPG,691.1128745949213,748.1296867490023
1926,Nairobi,charcoal,-93.95192715849822,-101.70296114907433
1927,Nairobi,firewood,120.30198933664428,130.22690345691743
1928,Nairobi,charcoal,564.1103456603718,610.6494491773525
1929,Nairobi,LPG,434.292006320229,470.1210968416479
1930,Nairobi,LPG,322.0485683806801,348.6175752720862
1931,Nairobi,LPG,320.71510487345114,347.1741010255109
1932,Nairobi,LPG,755.33449446193,817.6495902550392
1933,Nairobi,firewood,336.9487469046969,364.7470185243344
1934,Nairobi,firewood,241.75009984564645,261.69448308291226
1935,Nairobi,charcoal,424.6520912580117,459.68588878679765
1936,Nairobi,charcoal,497.10852293738276,538.1199760797168
1937,Nairobi,LPG,400.4483774821289,433.48536862440454
1938,Nairobi,LPG,267.5594363718993,289.633089872581
1939,Nairobi,firewood,473.89554387320146,512.9919262427406
1940,Nairobi,electricity,280.91099980623676,304.0861572902513
1941,Nairobi,LPG,622.633973186183,674.0012759740431
1942,Nairobi,electricity,749.5722839760629,811.4119974040881
1943,Nairobi,LPG,357.928182152214,387.45725717977166
1944,Nairobi,charcoal,83.73021873567092,90.63796178136377
1945,Nairobi,charcoal,-11.647049132550762,-12.6079306859862
1946,Nairobi,charcoal,131.75206692932392,142.62161245099315
1947,Nairobi,LPG,169.0738050797634,183.02239399884388
1948,Nairobi,charcoal,582.3437531874052,630.3871128253662
1949,Nairobi,charcoal,-0.06285177018031618,-0.06803704122019226
1950,Nairobi,electricity,572.8934719390127,620.1571833739812
1951,Nairobi,firewood,-77.30746093519997,-83.68532646235397
1952,Nairobi,electricity,518.6936798523798,561.4859084402011
1953,Nairobi,electricity,516.1769990361981,558.7616014566845
1954,Nairobi,charcoal,955.8694451404924,1034.728674364583
1955,Nairobi,electricity,318.3717523458547,344.63742191438774
1956,Nairobi,charcoal,221.19966262104404,239.44863478728018
1957,Nairobi,firewood,434.10307015064063,469.9165734380685
1958,Nairobi,LPG,655.3175509392082,709.381248891693
1959,Nairobi,charcoal,826.0938367691491,894.2465783026039
1960,Nairobi,LPG,654.1871509436347,708.1575908964846
1961,Nairobi,electricity,667.2918760974976,722.3434558755412
1962,Nairobi,LPG,1071.1691944804998,1159.540653025141
1963,Nairobi,firewood,156.22338340799365,169.11181253915314
1964,Nairobi,charcoal,443.03158338774756,479.5816890172367
1965,Nairobi,firewood,391.8225716937227,424.14793385845485
1966,Nairobi,firewood,124.87964008533447,135.18221039237457
1967,Nairobi,charcoal,144.6483960720732,156.58188874801925
1968,Nairobi,firewood,54.16853550436656,58.6374396834768
1969,Nairobi,firewood,416.2299424706741,450.5689127245047
1970,Nairobi,LPG,469.3336928649622,508.05372252632156
1971,Nairobi,firewood,290.0639132779839,313.99418612341753
1972,Nairobi,electricity,327.28900015566165,354.29034266850374
1973,Nairobi,firewood,321.7089393817595,348.24992688075463
1974,Nairobi,electricity,708.3758120752101,766.816816571415
1975,Nairobi,LPG,640.5021988564694,693.343630262128
1976,Nairobi,firewood,612.7515360996421,663.3035378278626
1977,Nairobi,charcoal,417.44617135955673,451.88548049672016
1978,Nairobi,firewood,189.91971174751777,205.588087966688
1979,Nairobi,firewood,204.23584761152668,221.08530503947765
1980,Nairobi,LPG,586.0787186926505,634.4302129847941
1981,Nairobi,electricity,677.7116789971013,733.6228925143622
1982,Nairobi,firewood,365.09875934325,395.2194069890681
1983,Nairobi,charcoal,787.6058421688832,852.5833241478161
1984,Nairobi,firewood,756.3838403092336,818.7855071347454
1985,Nairobi,firewood,910.5855271108801,985.7088330975278
1986,Nairobi,LPG,334.34022060016173,361.92328879967505
1987,Nairobi,LPG,490.9074197380743,531.4072818664654
1988,Nairobi,electricity,241.40895882215872,261.3251979249868
1989,Nairobi,charcoal,305.67590066789273,330.8941624729939
1990,Nairobi,LPG,341.2512062912988,369.40443081033095
1991,Nairobi,charcoal,778.4701126168557,842.6938969077463
1992,Nairobi,LPG,153.78500191633202,166.4722645744294
1993,Nairobi,LPG,326.804156169554,353.7654990535422
1994,Nairobi,electricity,685.9002849525378,742.4870584611223
1995,Nairobi,LPG,471.7273252717394,510.64482960665794
1996,Nairobi,firewood,591.9123052560374,640.7450704396605
1997,Nairobi,LPG,839.3235096921912,908.5676992417971
1998,Nairobi,electricity,-156.1851304746898,-169.07040373885172
1999,Nairobi,electricity,117.91661277552993,127.64473332951115
2000,Nairobi,LPG,1038.2737796734684,1123.9313664965296
2001,Nairobi,LPG,588.7732921994914,637.3470888059494
2002,Nairobi,charcoal,454.3403232484688,491.82339991646745
2003,Nairobi,electricity,400.2746499245713,433.29730854334844
2004,Nairobi,firewood,-307.7581206449935,-333.1481655982054
2005,Nairobi,charcoal,495.29733443789337,536.1593645290196
2006,Nairobi,electricity,760.0280031486798,822.7303134084459
2007,Nairobi,LPG,788.8423651089494,853.9218602304377
2008,Nairobi,LPG,-113.12509120808227,-122.45791123274905
2009,Nairobi,LPG,660.7649306304124,715.2780374074215
2010,Nairobi,LPG,929.5429783766253,1006.230274092697
2011,Nairobi,charcoal,436.16902547071015,472.15297007204373
2012,Nairobi,LPG,328.13039156988384,355.2011488743993
2013,Nairobi,firewood,322.71882229452854,349.34312513382713
2014,Nairobi,charcoal,230.78629310468614,249.82616228582276
2015,Nairobi,electricity,-227.57000389228676,-246.34452921340042
2016,Nairobi,charcoal,392.1606968220033,424.51395430981853
2017,Nairobi,firewood,530.7802513190724,574.5696220528959
2018,Nairobi,charcoal,783.2777431088587,847.8981569153395
2019,Nairobi,charcoal,303.7622181359078,328.8226011321202
2020,Nairobi,LPG,890.307258653002,963.7576074918746
2021,Nairobi,LPG,183.5273809981661,198.66838993051482
2022,Nairobi,electricity,123.25973926571913,133.42866775514096
2023,Nairobi,LPG,156.1253930657084,169.00573799362937
2024,Nairobi,firewood,506.2186392526003,547.9816769909398
2025,Nairobi,LPG,432.77435543670117,468.47823976022903
2026,Nairobi,electricity,173.5611739527064,187.8799708038047
2027,Nairobi,firewood,616.4829040506282,667.3427436348051
2028,Nairobi,charcoal,736.0831376733748,796.8099965314283
2029,Nairobi,firewood,-240.75508489258164,-260.61737939621963
2030,Nairobi,firewood,485.23513707877197,525.2670358877707
2031,Nairobi,firewood,413.7776580130875,447.9143147991672
2032,Nairobi,charcoal,1239.6138067321085,1341.8819457875074
2033,Nairobi,electricity,585.4485309380138,633.7480347404
2034,Nairobi,electricity,871.1793411435533,943.0516367878964
2035,Nairobi,electricity,179.9247131595309,194.76850199519222
2036,Nairobi,electricity,700.2474434631986,758.0178575489125
2037,Nairobi,charcoal,191.55307827799962,207.3562072359346
2038,Nairobi,charcoal,447.9731726965535,484.93095944401915
2039,Nairobi,LPG,376.0540957012152,407.0785585965655
2040,Nairobi,firewood,224.92307697962184,243.47923083044066
2041,Nairobi,charcoal,454.2051525053812,491.67707758707513
2042,Nairobi,LPG,54.99668633853952,59.53391296146903
2043,Nairobi,charcoal,512.4153869948611,554.6896564219372
2044,Nairobi,charcoal,602.5885505377753,652.3021059571417
2045,Nairobi,firewood,531.2271681670472,575.0534095408286
2046,Nairobi,LPG,59.4927291375991,64.40087929145102
2047,Nairobi,charcoal,661.5929595378323,716.1743786997034
2048,Nairobi,firewood,333.8142975356872,361.3539770823814
2049,Nairobi,charcoal,405.4121095077515,438.858608542141
2050,Nairobi,electricity,127.79749928681719,138.34079297797962
2051,Nairobi,charcoal,855.7886424501801,926.3912054523199
2052,Nairobi,firewood,1020.0377607983118,1104.1908760641725
2053,Nairobi,LPG,33.998733562808184,36.80362908173986
2054,Nairobi,electricity,368.5552659592047,398.9610754008391
2055,Nairobi,charcoal,314.95523771710106,340.9390448287619
2056,Nairobi,firewood,508.60663079505014,550.5666778356418
2057,Nairobi,charcoal,880.3172240492183,952.9433950332789
2058,Nairobi,electricity,466.0433670682906,504.4919448514246
2059,Nairobi,LPG,325.51543442768593,352.37045776797004
2060,Nairobi,LPG,257.985391055724,279.2691858178212
2061,Nairobi,electricity,410.9608492823656,444.86511934816076
2062,Nairobi,firewood,253.5450814297492,274.4625506477035
2063,Nairobi,LPG,752.7258358663933,814.8257173253708
2064,Nairobi,firewood,460.92872957502334,498.95534976496276
2065,Nairobi,LPG,483.0229749671894,522.8723704019825
2066,Nairobi,LPG,36.238749551301055,39.22844638928339
2067,Nairobi,electricity,463.4057348565177,501.63670798218044
2068,Nairobi,LPG,444.15107595350526,480.79353971966947
2069,Nairobi,charcoal,601.1894120331513,650.7875385258862
2070,Nairobi,LPG,230.04224413406945,249.02072927513018
2071,Nairobi,electricity,652.663084789722,706.5077892848741
2072,Nairobi,LPG,601.9044248002731,651.5615398462957
2073,Nairobi,electricity,706.209816716383,764.4721265954846
2074,Nairobi,electricity,261.1426120558029,282.6868775504066
2075,Nairobi,LPG,143.41159540028013,155.24305202080325
2076,Nairobi,charcoal,79.0772026314637,85.60107184855946
2077,Nairobi,LPG,581.3020238612845,629.2594408298405
2078,Nairobi,firewood,248.0530517114887,268.5174284776865
2079,Nairobi,firewood,641.1820132852314,694.079529381263
2080,Nairobi,firewood,508.2190296273102,550.1470995715633
2081,Nairobi,LPG,288.2033192177187,311.98009305318044
2082,Nairobi,firewood,757.3331624169334,819.8131483163304
2083,Nairobi,electricity,437.7669868545446,473.88276327004456
2084,Nairobi,charcoal,256.0833269962889,277.21020147348275
2085,Nairobi,LPG,586.7758577429335,635.1848660067254
2086,Nairobi,charcoal,179.11060275290967,193.88722748002473
2087,Nairobi,firewood,87.06899655962354,94.25218877579249
2088,Nairobi,LPG,29.732413229301926,32.185337320719334
2089,Nairobi,firewood,-216.62287325048487,-234.4942602936499
2090,Nairobi,electricity,821.5455803077074,889.3230906830933
2091,Nairobi,charcoal,162.24868787675922,175.63420462659187
2092,Nairobi,firewood,704.3050871007181,762.4102567865274
2093,Nairobi,charcoal,291.64448514951675,315.7051551743519
2094,Nairobi,charcoal,494.9765604328936,535.8121266686073
2095,Nairobi,firewood,521.0916030423846,564.0816602933813
2096,Nairobi,LPG,1288.8688343944484,1395.2005132319905
2097,Nairobi,firewood,467.2867171927554,505.83787136115774
2098,Nairobi,charcoal,518.3710891658991,561.1367040220857
2099,Nairobi,LPG,664.1691067046369,718.9630580077694
2100,Nairobi,charcoal,304.5949039072865,329.72398347963764
2101,Nairobi,charcoal,363.05441323800943,393.0064023301452
2102,Nairobi,charcoal,292.97922350438347,317.1500094434951
2103,Nairobi,firewood,364.40779735820865,394.4714406402609
2104,Nairobi,charcoal,-99.39493229378934,-107.59501420802697
2105,Nairobi,firewood,-82.17484905051526,-88.95427409718278
2106,Nairobi,charcoal,-119.95650175028914,-129.852913144688
2107,Nairobi,firewood,516.3749866276265,558.9759230244057
2108,Nairobi,firewood,122.32439576675955,132.4161584175172
2109,Nairobi,electricity,59.2117405128011,64.0967091051072
2110,Nairobi,electricity,196.68109309187278,212.90728327195228
2111,Nairobi,charcoal,57.03166862574676,61.73678128737087
2112,Nairobi,LPG,119.99320006262542,129.89263906779203
2113,Nairobi,charcoal,629.2381920576667,681.1503429024242
2114,Nairobi,electricity,391.4539450435168,423.74889550960694
2115,Nairobi,LPG,794.4351382930919,859.976037202272
2116,Nairobi,electricity,382.8268697312413,414.4100864840687
2117,Nairobi,electricity,400.62594518275995,433.6775856603376
2118,Nairobi,charcoal,58.077083870962895,62.86844329031734
2119,Nairobi,charcoal,54.449675753806446,58.94177400349548
2120,Nairobi,charcoal,796.2564953670533,861.9476562348352
2121,Nairobi,firewood,233.5962409066448,252.867930781443
2122,Nairobi,charcoal,950.2693069186306,1028.6665247394176
2123,Nairobi,charcoal,442.56523952220874,479.076871782791
2124,Nairobi,firewood,837.7521889015593,906.8667444859379
2125,Nairobi,firewood,881.3974259375937,954.1127135774451
2126,Nairobi,firewood,536.3740415621695,580.6248999910486
2127,Nairobi,LPG,457.2162789181381,494.93662192888445
2128,Nairobi,electricity,196.73755902676226,212.96840764647015
2129,Nairobi,charcoal,256.1144684398613,277.24391208614986
2130,Nairobi,electricity,14.593740480763131,15.79772407042609
2131,Nairobi,LPG,633.7684206670368,686.0543153720673
2132,Nairobi,LPG,309.20494903304285,334.7143573282689
2133,Nairobi,LPG,280.40376827165767,303.53707915406943
2134,Nairobi,firewood,688.8270179899217,745.6552469740902
2135,Nairobi,LPG,239.36904652082524,259.1169928587933
2136,Nairobi,firewood,571.8964128369829,619.077866896034
2137,Nairobi,charcoal,401.84227548712244,434.99426321481
2138,Nairobi,charcoal,335.44700955922497,363.12138784786106
2139,Nairobi,charcoal,854.3293949951378,924.8115700822367
2140,Nairobi,LPG,717.3412813131717,776.5219370215084
2141,Nairobi,charcoal,610.5619927587686,660.933357161367
2142,Nairobi,LPG,331.9262334553874,359.3101477154568
2143,Nairobi,LPG,341.77968793078134,369.9765121850708
2144,Nairobi,charcoal,246.4896698165825,266.8250675764506
2145,Nairobi,electricity,132.69857687384638,143.6462094659387
2146,Nairobi,electricity,350.75484182291416,379.6921162733046
2147,Nairobi,electricity,465.23127821688666,503.6128586697798
2148,Nairobi,electricity,286.69594978591374,310.3483656432516
2149,Nairobi,LPG,389.09291133101016,421.1930765158185
2150,Nairobi,charcoal,502.18376441344,543.6139249775488
2151,Nairobi,charcoal,529.8052905607732,573.514227032037
2152,Nairobi,electricity,679.1970818767325,735.2308411315629
2153,Nairobi,firewood,363.5618123191893,393.5556618355224
2154,Nairobi,electricity,595.2018559042028,644.3060090162995
2155,Nairobi,charcoal,-28.579950981197896,-30.937796937146725
2156,Nairobi,firewood,508.1463225851625,550.0683941984385
2157,Nairobi,LPG,697.8518961581874,755.4246775912379
2158,Nairobi,electricity,470.6697409892044,509.49999462081377
2159,Nairobi,electricity,847.4052482882253,917.3161812720039
2160,Nairobi,electricity,436.35311807723156,472.3522503186032
2161,Nairobi,LPG,420.606752556901,455.30680964284534
2162,Nairobi,LPG,863.7431551626642,935.0019654635839
2163,Nairobi,charcoal,383.1649246235208,414.77603090496126
2164,Nairobi,firewood,222.14506531243254,240.4720332007082
2165,Nairobi,firewood,520.3177372907561,563.2439506172435
2166,Nairobi,electricity,564.5910694823633,611.1698327146582
2167,Nairobi,firewood,52.71980914044366,57.06919339453026
2168,Nairobi,LPG,563.1849492592692,609.6477075731589
2169,Nairobi,charcoal,840.9164217694561,910.2920265654362
2170,Nairobi,charcoal,421.2351194159591,455.98701676777574
2171,Nairobi,firewood,382.9147032063044,414.50516622082455
2172,Nairobi,firewood,257.4159956708728,278.6528153137198
2173,Nairobi,electricity,638.342799224652,691.0060801606859
2174,Nairobi,firewood,358.55615024724216,388.13703264263967
2175,Nairobi,charcoal,324.4765051180274,351.24581679026466
2176,Nairobi,charcoal,57.45984977208411,62.200287378281054
2177,Nairobi,charcoal,405.57808041753754,439.0382720519844
2178,Nairobi,electricity,214.796418045954,232.5171225347452
2179,Nairobi,firewood,136.04641211899576,147.27024111881292
2180,Nairobi,LPG,521.3246530638324,564.3339369415986
2181,Nairobi,electricity,970.050539908511,1050.0797094509633
2182,Nairobi,electricity,555.2426806328963,601.0502017851103
2183,Nairobi,electricity,-193.69126810303385,-209.67079772153414
2184,Nairobi,firewood,370.33653066475694,400.8892944445994
2185,Nairobi,charcoal,390.9049774853305,423.15463812787027
2186,Nairobi,charcoal,70.22443891959313,76.01795513045955
2187,Nairobi,firewood,-277.5169961573215,-300.4121483403005
2188,Nairobi,electricity,771.1077177680327,834.7241044838954
2189,Nairobi,firewood,681.8893254437585,738.1451947928686
2190,Nairobi,firewood,175.00836549728305,189.4465556508089
2191,Nairobi,LPG,570.8466769228663,617.9415277690028
2192,Nairobi,electricity,478.1842191700481,517.634417251577
2193,Nairobi,firewood,434.8558547613477,470.7314627791589
2194,Nairobi,LPG,479.48264617839925,519.0399644881172
2195,Nairobi,LPG,58.57160771541578,63.40376535193759
2196,Nairobi,electricity,495.10463847488415,535.9507711490621
2197,Nairobi,firewood,94.20233426778537,101.97402684487767
2198,Nairobi,LPG,139.74625371199005,151.27531964322924
2199,Nairobi,electricity,518.5459239163346,561.3259626394322
2200,Nairobi,electricity,941.7884607517468,1019.486008763766
2201,Nairobi,electricity,69.5250760208753,75.26089479259751
2202,Nairobi,firewood,437.21221728862315,473.28222521493456
2203,Nairobi,charcoal,-238.24337115947912,-257.89844928013616
2204,Nairobi,electricity,318.00339825059444,344.2386786062685
2205,Nairobi,LPG,333.51841834444144,361.03368785785784
2206,Nairobi,electricity,88.6642327742581,95.97903197813439
2207,Nairobi,electricity,286.9461366444543,310.61919291762183
2208,Nairobi,LPG,768.5416570214086,831.9463437256748
2209,Nairobi,electricity,431.11623847833056,466.68332815279285
2210,Nairobi,LPG,471.1804543765903,510.052841862659
2211,Nairobi,firewood,434.37154281929713,470.20719510188917
2212,Nairobi,charcoal,305.0364261428801,330.2019312996677
2213,Nairobi,firewood,758.951339218625,821.5648247041615
2214,Nairobi,firewood,355.31853842568745,384.63231784580665
2215,Nairobi,firewood,169.8958062397507,183.91221025453012
2216,Nairobi,electricity,599.9014025086597,649.3932682156241
2217,Nairobi,LPG,396.68297088182106,429.4093159795713
2218,Nairobi,electricity,663.6002745062254,718.3472971529891
2219,Nairobi,charcoal,553.9159644611171,599.6140315291593
2220,Nairobi,charcoal,811.0953292452739,878.010693908009
2221,Nairobi,charcoal,334.54652919297087,362.14661785139094
2222,Nairobi,charcoal,759.7935411308497,822.4765082741447
2223,Nairobi,LPG,-40.19413608205036,-43.51015230881952
2224,Nairobi,charcoal,1048.6352498940541,1135.1476580103135
2225,Nairobi,firewood,557.2976295007484,603.2746839345601
2226,Nairobi,electricity,166.09652466467597,179.79948794951173
2227,Nairobi,LPG,513.3570275539477,555.7089823271483
2228,Nairobi,LPG,491.68091130296636,532.2445864854611
2229,Nairobi,LPG,202.41464994648393,219.11385856706886
2230,Nairobi,charcoal,317.3639305345546,343.54645480365537
2231,Nairobi,electricity,763.4148951952952,826.3966240489071
2232,Nairobi,firewood,687.1884665150451,743.8815150025363
2233,Nairobi,firewood,611.0632959128816,661.4760178256943
2234,Nairobi,firewood,388.1813976291983,420.2063629336071
2235,Nairobi,charcoal,466.4382914117325,504.91945045320045
2236,Nairobi,firewood,491.81346188612656,532.388072491732
2237,Nairobi,electricity,883.102042986658,955.9579615330573
2238,Nairobi,electricity,667.6393559624412,722.7196028293426
2239,Nairobi,electricity,599.262739949092,648.701915994892
2240,Nairobi,LPG,383.01463650511175,414.61334401678346
2241,Nairobi,firewood,406.5641215514032,440.105661579394
2242,Nairobi,charcoal,630.9115306904669,682.9617319724304
2243,Nairobi,firewood,135.35338660366915,146.52004099847187
2244,Nairobi,electricity,264.8220456545646,286.66986442106617
2245,Nairobi,charcoal,-64.83864482062779,-70.18783301832958
2246,Nairobi,LPG,450.3878617160232,487.5448603075952
2247,Nairobi,charcoal,382.8007570187233,414.381819472768
2248,Nairobi,charcoal,960.6924845707882,1039.9496145478784
2249,Nairobi,firewood,506.1261630739548,547.881571527556
2250,Nairobi,firewood,221.91600899047353,240.2240797321876
2251,Nairobi,electricity,444.2473948954261,480.89780497429877
2252,Nairobi,charcoal,765.243164241167,828.3757252910633
2253,Nairobi,electricity,982.7183349271821,1063.7925975586747
2254,Nairobi,charcoal,217.0374951838038,234.94308853646763
2255,Nairobi,electricity,574.3179081330106,621.699135553984
2256,Nairobi,electricity,567.9995906966585,614.8595569291329
2257,Nairobi,electricity,220.17338748313406,238.33769195049263
2258,Nairobi,electricity,-67.54602796694252,-73.11857527421527
2259,Nairobi,LPG,839.9376732850358,909.2325313310513
2260,Nairobi,firewood,236.15559234672156,255.63842871532609
2261,Nairobi,charcoal,570.0846294144146,617.1166113411039
2262,Nairobi,charcoal,486.30689831614177,526.4272174272235
2263,Nairobi,firewood,559.3300977235732,605.474830785768
2264,Nairobi,firewood,314.58045762815783,340.53334538248083
2265,Nairobi,firewood,242.85215401082294,262.88745671671586
2266,Nairobi,electricity,451.8555987290468,489.13368562419316
2267,Nairobi,electricity,253.92508683797897,274.8739065021122
2268,Nairobi,electricity,83.64353487104808,90.54412649790955
2269,Nairobi,charcoal,-221.87804810468697,-240.18298707332366
2270,Nairobi,electricity,169.7968039054343,183.80504022763265
2271,Nairobi,electricity,368.91694474232435,399.3525926835661
2272,Nairobi,electricity,230.19742210943923,249.18870943346798
2273,Nairobi,LPG,347.083027538827,375.71737731078025
2274,Nairobi,LPG,179.67384119357027,194.49693309203982
2275,Nairobi,firewood,498.0258028285609,539.1129315619172
2276,Nairobi,firewood,372.8297476809278,403.5882018646044
2277,Nairobi,charcoal,-173.42668291941436,-187.73438426026604
2278,Nairobi,charcoal,279.89316907718523,302.98435552605304
2279,Nairobi,firewood,543.1922324459963,588.005591622791
2280,Nairobi,electricity,555.4627189941557,601.2883933111735
2281,Nairobi,LPG,262.08359025833545,283.7054864546481
2282,Nairobi,LPG,-71.6938919045117,-77.60863798663392
2283,Nairobi,LPG,592.3245214406954,641.1912944595529
2284,Nairobi,firewood,171.90596220696787,186.08820408904273
2285,Nairobi,charcoal,246.1020887450339,266.40551106649923
2286,Nairobi,charcoal,708.4059736051406,766.8494664275647
2287,Nairobi,electricity,143.49495978566074,155.33329396797777
2288,Nairobi,firewood,-70.79746793757533,-76.6382590424253
2289,Nairobi,electricity,832.7681931623791,901.4715690982754
2290,Nairobi,LPG,428.801429452406,464.17754738222953
2291,Nairobi,charcoal,534.7145758123869,578.8285283169088
2292,Nairobi,charcoal,785.7028480822146,850.5233330489973
2293,Nairobi,LPG,354.02835125356927,383.2356902319887
2294,Nairobi,electricity,736.7948552103503,797.5804307652043
2295,Nairobi,firewood,678.9956738198607,735.0128169099993
2296,Nairobi,LPG,303.66166595470537,328.7137533959686
2297,Nairobi,charcoal,403.0669119829966,436.31993222159383
2298,Nairobi,firewood,432.4701783960419,468.14896811371534
2299,Nairobi,firewood,419.8788829571281,454.5188908010912
2300,Nairobi,firewood,361.509957199148,391.3345286680777
2301,Nairobi,electricity,83.26568123843634,90.13509994060735
2302,Nairobi,electricity,-218.09814017464407,-236.09123673905222
2303,Nairobi,LPG,997.5817079441239,1079.8821988495142
2304,Nairobi,firewood,130.24231731850398,140.98730849728057
2305,Nairobi,electricity,506.12052037884393,547.8754633100986
2306,Nairobi,electricity,1030.916226724254,1115.966815429005
2307,Nairobi,LPG,96.52534505471601,104.48868602173009
2308,Nairobi,charcoal,91.21659677516647,98.7419660091177
2309,Nairobi,firewood,390.29508676046265,422.4944314182008
2310,Nairobi,electricity,597.8910441582796,647.2170553013376
2311,Nairobi,firewood,317.0305874052419,343.18561086617433
2312,Nairobi,electricity,1100.400887228868,1191.1839604252496
2313,Nairobi,LPG,-214.22801184525588,-231.9018228224895
2314,Nairobi,firewood,954.2291176486743,1032.95301985469
2315,Nairobi,charcoal,186.07103477277695,201.42189514153105
2316,Nairobi,electricity,284.84746381511354,308.3473795798604
2317,Nairobi,electricity,681.0693988298685,737.2576242333326
2318,Nairobi,firewood,794.6795203332101,860.2405807606999
2319,Nairobi,firewood,-50.76351126586144,-54.95150094529501
2320,Nairobi,charcoal,494.1743441190878,534.9437275089125
2321,Nairobi,electricity,249.77385552690737,270.3801986078772
2322,Nairobi,firewood,118.53015837030205,128.30889643585198
2323,Nairobi,firewood,516.9249148271449,559.5712203003843
2324,Nairobi,charcoal,257.58468290391045,278.83541924348305
2325,Nairobi,charcoal,547.598275928493,592.7751336925936
2326,Nairobi,firewood,206.36712053460263,223.39240797870735
2327,Nairobi,charcoal,-176.93439504158232,-191.53148263251288
2328,Nairobi,LPG,565.9566357165767,612.6480581631943
2329,Nairobi,electricity,250.69346828543374,271.37567941898203
2330,Nairobi,charcoal,862.6574166603737,933.8266535348545
2331,Nairobi,electricity,216.5037506500269,234.36531007865412
2332,Nairobi,charcoal,329.58887636906786,356.77995866951596
2333,Nairobi,electricity,423.4777264391156,458.4146388703426
2334,Nairobi,firewood,365.47645638563574,395.6282640374507
2335,Nairobi,electricity,94.25716170233892,102.03337754278188
2336,Nairobi,electricity,453.7861977877207,491.2235591052077
2337,Nairobi,LPG,99.68799860240256,107.91225848710077
2338,Nairobi,firewood,485.11882259766213,525.1411254619693
2339,Nairobi,electricity,370.3135587809682,400.86442738039807
2340,Nairobi,charcoal,328.0985165888011,355.1666442073772
2341,Nairobi,electricity,825.586898667857,893.6978178079552
2342,Nairobi,charcoal,264.3101460880475,286.1157331403114
2343,Nairobi,electricity,1119.4177261100199,1211.7696885140965
2344,Nairobi,electricity,810.7586611438633,877.646250688232
2345,Nairobi,firewood,267.74036897625945,289.82894941680087
2346,Nairobi,LPG,729.2932341304784,789.4599259462428
2347,Nairobi,LPG,240.276217180005,260.0990050973554
2348,Nairobi,electricity,-39.32823378757013,-42.572813075044664
2349,Nairobi,LPG,571.8179900996599,618.9929742828818
2350,Nairobi,electricity,433.4056386173723,469.1616038033055
2351,Nairobi,firewood,310.617148469208,336.24306321791767
2352,Nairobi,LPG,643.6122862346051,696.7102998489601
2353,Nairobi,electricity,317.46580618360935,343.65673519375713
2354,Nairobi,firewood,231.07934346058926,250.14338929608786
2355,Nairobi,charcoal,405.5766130395504,439.03668361531334
2356,Nairobi,electricity,59.73262324395279,64.66056466157889
2357,Nairobi,LPG,470.7597018375573,509.5973772391558
2358,Nairobi,LPG,549.2608846902202,594.5749076771634
2359,Nairobi,charcoal,745.250744159031,806.733930552151
2360,Nairobi,firewood,648.635064951515,702.147457810015
2361,Nairobi,LPG,277.0866777815432,299.9463286985205
2362,Nairobi,LPG,150.4567741092151,162.86945797322537
2363,Nairobi,firewood,471.6391377081975,510.5493665691238
2364,Nairobi,LPG,110.9546571645185,120.10841638059127
2365,Nairobi,charcoal,584.3962770075113,632.6089698606311
2366,Nairobi,LPG,639.1912368327132,691.924513871412
2367,Nairobi,LPG,-88.18437035023925,-95.45958090413399
2368,Nairobi,LPG,790.6117176221088,855.8371843259328
2369,Nairobi,electricity,398.5550959021395,431.435891314066
2370,Nairobi,LPG,443.6776548916981,480.28106142026326
2371,Nairobi,firewood,639.6354370794123,692.4053606384639
2372,Nairobi,LPG,336.03670167190813,363.75972955984054
2373,Nairobi,charcoal,405.61945554452205,439.08306062694516
2374,Nairobi,LPG,985.2815396390896,1066.5672666593146
2375,Nairobi,firewood,170.1855759861929,184.2258860050538
2376,Nairobi,electricity,244.35976407146862,264.5194446073648
2377,Nairobi,firewood,-349.51657250890696,-378.3516897408918
2378,Nairobi,LPG,651.0048233547661,704.7127212815343
2379,Nairobi,firewood,370.4228892942268,400.9827776610005
2380,Nairobi,charcoal,277.4119874473877,300.29847641179714
2381,Nairobi,charcoal,748.0239765030274,809.7359545645271
2382,Nairobi,firewood,744.460499899915,805.8784911416581
2383,Nairobi,LPG,562.5974134141338,609.0117000207998
2384,Nairobi,firewood,360.107473478628,389.8163400406148
2385,Nairobi,electricity,127.63133310692047,138.1609180882414
2386,Nairobi,LPG,653.1106980058884,706.9923305913742
2387,Nairobi,electricity,-256.2924754661814,-277.4366046921413
2388,Nairobi,firewood,435.1459991497205,471.0455440795725
2389,Nairobi,LPG,695.8057725974307,753.2097488367187
2390,Nairobi,LPG,-68.9326876169768,-74.61963434537739
2391,Nairobi,firewood,186.70809094228576,202.11150844502436
2392,Nairobi,LPG,449.6766760047661,486.7750017751593
2393,Nairobi,electricity,241.6977317335392,261.6377946015562
2394,Nairobi,electricity,417.76553309719264,452.23118957771106
2395,Nairobi,charcoal,384.4788251390327,416.1983282130029
2396,Nairobi,firewood,277.59908419842606,300.50100864479623
2397,Nairobi,charcoal,730.7726314679721,791.0613735640799
2398,Nairobi,charcoal,1223.1526231588505,1324.0627145694557
2399,Nairobi,LPG,166.50746824257203,180.24433437258423
2400,Nairobi,LPG,178.6875417061804,193.42926389694028
2401,Nairobi,LPG,246.722882907174,267.07752074701585
2402,Nairobi,LPG,313.6753897901348,339.5536094478209
2403,Nairobi,firewood,857.6909528619626,928.4504564730745
2404,Nairobi,LPG,1006.8377638672937,1089.9018793863454
2405,Nairobi,charcoal,247.86657864974552,268.31557138834955
2406,Nairobi,electricity,102.81591783231431,111.29823105348025
2407,Nairobi,electricity,1009.8643938448473,1093.1782063370472
2408,Nairobi,charcoal,452.79456737027954,490.1501191783276
2409,Nairobi,LPG,326.5395605594602,353.47907430561565
2410,Nairobi,LPG,110.65877667300816,119.78812574853134
2411,Nairobi,electricity,188.69640841573278,204.26386211003074
2412,Nairobi,electricity,513.509985342146,555.8745591328731
2413,Nairobi,electricity,417.3988040846575,451.83420542164174
2414,Nairobi,charcoal,478.8634220979318,518.3696544210112
2415,Nairobi,firewood,79.86499325607741,86.4538551997038
2416,Nairobi,charcoal,526.1142779777737,569.51870591094
2417,Nairobi,electricity,533.4344299910563,577.4427704653184
2418,Nairobi,charcoal,429.5405646688356,464.97766125401455
2419,Nairobi,charcoal,369.36747857896734,399.84029556173215
2420,Nairobi,LPG,431.6904857313881,467.30495080422764
2421,Nairobi,firewood,153.2431317810618,165.88569015299942
2422,Nairobi,charcoal,961.0993594452074,1040.390056599437
2423,Nairobi,electricity,271.6143442009224,294.0225275974985
2424,Nairobi,firewood,175.30590881933526,189.76864629693043
2425,Nairobi,LPG,-77.03315407193793,-83.38838928287281
2426,Nairobi,LPG,158.43627545502275,171.50726818006214
2427,Nairobi,LPG,489.5199274739601,529.9053214905618
2428,Nairobi,firewood,498.216346407531,539.3191949861523
2429,Nairobi,electricity,554.1817946265613,599.9017926832527
2430,Nairobi,charcoal,119.98070024294361,129.87910801298645
2431,Nairobi,charcoal,236.59331093661828,256.1122590888893
2432,Nairobi,charcoal,616.3897946691523,667.2419527293573
2433,Nairobi,electricity,-48.871285833791944,-52.90316691507978
2434,Nairobi,charcoal,1009.936211174462,1093.255948596355
2435,Nairobi,firewood,410.5271258577306,444.3956137409934
2436,Nairobi,LPG,219.31480035834184,237.40827138790505
2437,Nairobi,electricity,365.33723421645266,395.47755603931
2438,Nairobi,firewood,354.2213628264609,383.44462525964394
2439,Nairobi,LPG,129.0889643870879,139.73880394902267
2440,Nairobi,firewood,538.2178442547222,582.6208164057368
2441,Nairobi,charcoal,493.46904195729155,534.1802379187681
2442,Nairobi,LPG,327.4003527479355,354.41088184964013
2443,Nairobi,LPG,573.748141400828,621.0823630663963
2444,Nairobi,electricity,558.63143042108,604.7185234308191
2445,Nairobi,LPG,69.30384152056922,75.02140844601618
2446,Nairobi,electricity,1200.6292516014855,1299.681164858608
2447,Nairobi,firewood,362.92053503482924,392.86147917520265
2448,Nairobi,firewood,14.97142970704897,16.20657265788051
2449,Nairobi,charcoal,585.9000535574655,634.2368079759565
2450,Nairobi,LPG,318.9217517615647,345.2327962818938
2451,Nairobi,firewood,375.3133350017178,406.27668513935953
2452,Nairobi,electricity,-0.6993499933382168,-0.7570463677886197
2453,Nairobi,LPG,556.1676654675716,602.0514978686463
2454,Nairobi,LPG,317.97981014203117,344.21314447874875
2455,Nairobi,firewood,-28.09716734902196,-30.41518365531627
2456,Nairobi,electricity,-140.3425782231899,-151.92084092660306
2457,Nairobi,charcoal,225.11187415613244,243.68360377401336
2458,Nairobi,charcoal,520.6499501395148,563.6035710260247
2459,Nairobi,charcoal,837.113544879069,906.1754123315922
2460,Nairobi,firewood,415.30620020542165,449.56896172236895
2461,Nairobi,electricity,782.2011329817278,846.7327264527204
2462,Nairobi,firewood,-856.2420929703394,-926.8820656403924
2463,Nairobi,electricity,737.5084719308616,798.3529208651577
2464,Nairobi,firewood,222.40677540297835,240.75533437372408
2465,Nairobi,LPG,1034.6910247704946,1120.0530343140604
2466,Nairobi,electricity,591.3088581460015,640.0918389430467
2467,Nairobi,LPG,306.975071303481,332.3005146860182
2468,Nairobi,charcoal,404.85511680347867,438.25566393976567
2469,Nairobi,LPG,269.02469044238944,291.2192274038866
2470,Nairobi,LPG,664.2834111221363,719.0867925397125
2471,Nairobi,firewood,672.1236020114303,727.5737991773733
2472,Nairobi,LPG,-44.762318986793844,-48.45521030320434
2473,Nairobi,charcoal,883.2512245770395,956.1194506046452
2474,Nairobi,LPG,557.666642233627,603.6741402179013
2475,Nairobi,LPG,627.8190593900022,679.6141317896773
2476,Nairobi,LPG,581.6408953139975,629.6262691774023
2477,Nairobi,electricity,624.3147161157824,675.8206801953345
2478,Nairobi,firewood,775.9644471845311,839.9815140772549
2479,Nairobi,LPG,236.69348918188297,256.2207020393883
2480,Nairobi,electricity,244.49588332589826,264.66679370028487
2481,Nairobi,electricity,426.98817768127395,462.21470233997906
2482,Nairobi,firewood,57.18004355990854,61.897397153601
2483,Nairobi,firewood,460.6182735618978,498.61928113075436
2484,Nairobi,LPG,73.74372077495781,79.82757773889183
2485,Nairobi,electricity,493.5735448443153,534.2933622939713
2486,Nairobi,charcoal,20.41877016819666,22.103318707072884
2487,Nairobi,firewood,511.78700478003793,554.0094326743911
2488,Nairobi,LPG,163.45467709567458,176.93968795606773
2489,Nairobi,charcoal,448.9289385006492,485.9655759269528
2490,Nairobi,electricity,212.48647861741105,230.01661310334748
2491,Nairobi,LPG,411.4426378352158,445.3866554566211
2492,Nairobi,charcoal,1073.139771741964,1161.6738029106762
2493,Nairobi,electricity,869.356051318683,941.0779255524743
2494,Nairobi,LPG,407.9098508754143,441.562413572636
2495,Nairobi,charcoal,163.6543939954576,177.15588150008287
2496,Nairobi,electricity,-294.7107002667591,-319.0243330387667
2497,Nairobi,LPG,17.11721812777961,18.529388623321427
2498,Nairobi,firewood,331.01575448092285,358.324554225599
2499,Nairobi,electricity,804.4879953261361,870.8582549405423
2500,Nairobi,charcoal,460.3883060867759,498.3703413389349
2501,Nairobi,LPG,493.8068403254405,534.5459046522893
2502,Nairobi,LPG,52.840261755889514,57.1995833507504
2503,Nairobi,charcoal,124.26340925526466,134.515140518824
2504,Nairobi,LPG,9.45269364906784,10.232540875115937
2505,Nairobi,charcoal,467.98077082818264,506.5891844215077
2506,Nairobi,LPG,1006.5542290889566,1089.5949529887955
2507,Nairobi,electricity,567.4094861027432,614.2207687062196
2508,Nairobi,charcoal,-140.0482575084169,-151.6022387528613
2509,Nairobi,LPG,193.0906080368057,209.02058319984215
2510,Nairobi,firewood,533.6480136209618,577.6739747446911
2511,Nairobi,LPG,409.4511278225232,443.2308458678813
2512,Nairobi,firewood,189.4824467274658,205.11474858248172
2513,Nairobi,charcoal,-172.58736494998936,-186.82582255836348
2514,Nairobi,firewood,88.37735733346369,95.66848931347445
2515,Nairobi,charcoal,720.5062878665977,779.9480566155921
2516,Nairobi,charcoal,105.65407943923753,114.37054099297464
2517,Nairobi,electricity,150.55360184978883,162.9742740023964
2518,Nairobi,firewood,609.6929967485887,659.9926689803473
2519,Nairobi,charcoal,143.5855403636004,155.43134744359742
2520,Nairobi,LPG,425.2192714943758,460.2998613926618
2521,Nairobi,firewood,991.0505842221838,1072.812257420514
2522,Nairobi,LPG,690.3413850477812,747.2945493142231
2523,Nairobi,firewood,628.2625871520221,680.0942505920639
2524,Nairobi,charcoal,389.1931152313076,421.3015472378905
2525,Nairobi,firewood,127.60431943486293,138.13167578823914
2526,Nairobi,electricity,96.51529324052922,104.47780493287289
2527,Nairobi,LPG,410.5970163397823,444.4712701878143
2528,Nairobi,charcoal,563.1652541529004,609.6263876205147
2529,Nairobi,firewood,257.4513027026172,278.6910351755831
2530,Nairobi,electricity,195.69171922454785,211.83628606057306
2531,Nairobi,firewood,304.6418810097358,329.77483619303905
2532,Nairobi,charcoal,734.0093544845396,794.5651262295141
2533,Nairobi,firewood,-65.47516083968452,-70.87686160895849
2534,Nairobi,firewood,277.58787470409675,300.48887436718474
2535,Nairobi,LPG,603.2143053868862,652.9794855813043
2536,Nairobi,LPG,102.86415489781064,111.35044767688001
2537,Nairobi,electricity,-224.80213772056482,-243.34831408251142
2538,Nairobi,LPG,229.29358319911805,248.2103038130453
2539,Nairobi,firewood,256.2623337667817,277.4039763025412
2540,Nairobi,electricity,467.5676534968146,506.1419849103018
2541,Nairobi,electricity,552.101065180542,597.6494030579368
2542,Nairobi,LPG,476.7161762589467,516.0452608003098
2543,Nairobi,electricity,226.4585559496507,245.1413868154969
2544,Nairobi,charcoal,349.9306363576976,378.7999138572077
2545,Nairobi,electricity,516.531956386757,559.1458427886645
2546,Nairobi,firewood,933.4516632752654,1010.4614254954748
2547,Nairobi,charcoal,232.8461389055164,252.0559453652215
2548,Nairobi,LPG,428.56205184443365,463.91842112159947
2549,Nairobi,LPG,574.7236577111631,622.1383594723341
2550,Nairobi,electricity,1017.439054373937,1101.3777763597868
2551,Nairobi,firewood,589.4216042293251,638.0488865782445
2552,Nairobi,LPG,275.2735398635751,297.98360690232005
2553,Nairobi,charcoal,254.1765775082467,275.1461451526771
2554,Nairobi,electricity,535.5373667193277,579.7191994736722
2555,Nairobi,electricity,878.5691355286397,951.0510892097525
2556,Nairobi,firewood,724.2920594954144,784.0461544037861
2557,Nairobi,firewood,-168.113730064764,-181.98311279510705
2558,Nairobi,LPG,920.2971785025989,996.2216957290633
2559,Nairobi,LPG,191.8268122592507,207.65252427063888
2560,Nairobi,firewood,613.7779126321817,664.4145904243367
2561,Nairobi,charcoal,-23.92465719371853,-25.89844141220031
2562,Nairobi,LPG,139.88608833956476,151.42669062757886
2563,Nairobi,LPG,528.642048988164,572.2550180296876
2564,Nairobi,electricity,487.8245940995088,528.0701231127183
2565,Nairobi,LPG,478.00444797042127,517.439814927981
2566,Nairobi,electricity,190.30589963278643,206.00613635249132
2567,Nairobi,charcoal,300.39241417659,325.1747883461587
2568,Nairobi,charcoal,-269.23863637629745,-291.450823877342
2569,Nairobi,electricity,713.3184563311357,772.1672289784544
2570,Nairobi,LPG,69.64355630714459,75.38914970248402
2571,Nairobi,charcoal,232.2399623516968,251.39975924571178
2572,Nairobi,electricity,252.543089361773,273.3778942341193
2573,Nairobi,electricity,54.244260423384105,58.7194119083133
2574,Nairobi,electricity,708.9653616391411,767.4550039743702
2575,Nairobi,firewood,30.105502592417167,32.589206556291586
2576,Nairobi,firewood,691.5922877563363,748.648651496234
2577,Nairobi,LPG,672.2916475697455,727.7557084942495
2578,Nairobi,firewood,617.173105752584,668.0898869771721
2579,Nairobi,charcoal,358.91945980191093,388.5303152355686
2580,Nairobi,electricity,-127.05524638673364,-137.53730421363917
2581,Nairobi,charcoal,782.421766483969,846.9715622188965
2582,Nairobi,electricity,916.6925755927363,992.319713079137
2583,Nairobi,charcoal,688.7121549046149,745.5309076842456
2584,Nairobi,electricity,478.74215053779443,518.2383779571625
2585,Nairobi,LPG,133.40887636151552,144.41510866134055
2586,Nairobi,charcoal,112.78072835549835,122.08513844482697
2587,Nairobi,electricity,121.98210345136346,132.04562698610096
2588,Nairobi,LPG,614.4608555667917,665.153876151052
2589,Nairobi,firewood,-72.70873824204466,-78.70720914701334
2590,Nairobi,LPG,259.6172129252119,281.0356329915419
2591,Nairobi,LPG,470.03454730804106,508.81239746095446
2592,Nairobi,charcoal,470.0381149113085,508.8162593914915
2593,Nairobi,LPG,88.53544099117909,95.83961487295136
2594,Nairobi,charcoal,-13.721770245130756,-14.853816290354043
2595,Nairobi,firewood,17.448975140665652,18.88851558977057
2596,Nairobi,firewood,-138.31630574074495,-149.7274009643564
2597,Nairobi,LPG,417.9951310904648,452.47972940542815
2598,Nairobi,electricity,606.468311596717,656.5019473034461
2599,Nairobi,electricity,434.7823492802127,470.65189309583025
2600,Nairobi,charcoal,663.9549048560314,718.731184506654
2601,Nairobi,firewood,-41.67569283274952,-45.11393749145135
2602,Nairobi,LPG,741.2157936963695,802.36609667632
2603,Nairobi,electricity,248.32356537389722,268.81025951724376
2604,Nairobi,LPG,486.90234989975283,527.0717937664824
2605,Nairobi,firewood,783.0502693293747,847.6519165490481
2606,Nairobi,charcoal,541.2636377407515,585.9178878543635
2607,Nairobi,electricity,770.0606273193407,833.5906290731863
2608,Nairobi,firewood,402.42944147967177,435.6298704017447
2609,Nairobi,electricity,622.4558396075611,673.8084463751849
2610,Nairobi,LPG,750.4088151557714,812.3175424061226
2611,Nairobi,firewood,498.7175580837037,539.8617566256092
2612,Nairobi,charcoal,600.9785288675575,650.559257499131
2613,Nairobi,electricity,483.5801769921683,523.4755415940222
2614,Nairobi,firewood,34.22708880296517,37.050823629209795
2615,Nairobi,charcoal,-16.67592047816521,-18.05168391761384
2616,Nairobi,charcoal,561.3704008044715,607.6834588708404
2617,Nairobi,charcoal,688.0462415562448,744.810056484635
2618,Nairobi,LPG,599.3543260512425,648.8010579504701
2619,Nairobi,charcoal,229.91210426255108,248.87985286421156
2620,Nairobi,electricity,682.054389925505,738.3238770943592
2621,Nairobi,firewood,883.8455130326454,956.7627678578386
2622,Nairobi,firewood,28.60965818240362,30.96995498245192
2623,Nairobi,charcoal,858.9986492337141,929.8660377954956
2624,Nairobi,firewood,214.49554194461413,232.1914241550448
2625,Nairobi,electricity,619.4131991988447,670.5147881327495
2626,Nairobi,firewood,527.5604277348176,571.0841630229401
2627,Nairobi,charcoal,196.5749740992121,212.7924094623971
2628,Nairobi,electricity,520.6635187804511,563.6182590798384
2629,Nairobi,charcoal,435.1897070957039,471.0928579310995
2630,Nairobi,charcoal,283.3510769777229,306.7275408283851
2631,Nairobi,charcoal,594.0004289133244,643.0054642986737
2632,Nairobi,electricity,500.0517523387701,541.3060219067187
2633,Nairobi,charcoal,1315.402137011631,1423.9228133150907
2634,Nairobi,firewood,264.24763122701484,286.0480608032436
2635,Nairobi,firewood,315.0312073111408,341.02128191430995
2636,Nairobi,electricity,157.83308233792053,170.85431163079897
2637,Nairobi,electricity,540.8178423702801,585.4353143658283
2638,Nairobi,firewood,105.05680844545282,113.72399514220268
2639,Nairobi,firewood,418.4389435426119,452.9601563848774
2640,Nairobi,charcoal,-115.79495313027178,-125.3480367635192
2641,Nairobi,charcoal,579.2919192825261,627.0835026233345
2642,Nairobi,charcoal,-136.6097717632265,-147.8800779336927
2643,Nairobi,LPG,775.0782341886319,839.022188509194
2644,Nairobi,electricity,416.15427427250296,450.4870018999845
2645,Nairobi,electricity,74.49557810098025,80.64146329431112
2646,Nairobi,charcoal,82.43183308045457,89.23245930959207
2647,Nairobi,charcoal,247.82030368810064,268.26547874236894
2648,Nairobi,LPG,168.58673500557444,182.49514064353434
2649,Nairobi,charcoal,219.87865490170213,238.01864393109256
2650,Nairobi,LPG,702.3611652046004,760.30596133398
2651,Nairobi,LPG,377.21039796259436,408.3302557945084
2652,Nairobi,firewood,77.88426207266542,84.30971369366031
2653,Nairobi,firewood,-283.93966574235503,-307.3646881660993
2654,Nairobi,firewood,205.8165382411563,222.79640264605172
2655,Nairobi,LPG,170.26196763154934,184.30857996115216
2656,Nairobi,LPG,863.2315691810114,934.4481736384449
2657,Nairobi,electricity,182.2678302983755,197.30492629799147
2658,Nairobi,LPG,861.9347174572727,933.0443316474976
2659,Nairobi,charcoal,259.6420194637765,281.06248606953807
2660,Nairobi,LPG,-288.3471389970779,-312.1357779643368
2661,Nairobi,electricity,540.4712913347155,585.0601728698296
2662,Nairobi,electricity,117.35508288815583,127.03687722642869
2663,Nairobi,firewood,1040.760108472933,1126.62281742195
2664,Nairobi,firewood,130.67910199686372,141.46012791160499
2665,Nairobi,firewood,912.655811142043,987.9499155612616
2666,Nairobi,electricity,-99.92383579656388,-108.1675522497804
2667,Nairobi,LPG,51.966858764796996,56.254124612892745
2668,Nairobi,electricity,202.12127352690953,218.79627859287956
2669,Nairobi,electricity,836.0996681693306,905.0778907933004
2670,Nairobi,firewood,918.2380266327466,993.9926638299482
2671,Nairobi,firewood,456.06032605861157,493.68530295844704
2672,Nairobi,firewood,689.5957738826228,746.4874252279392
2673,Nairobi,electricity,604.870646004775,654.7724743001689
2674,Nairobi,charcoal,481.48843797222816,521.211234104937
2675,Nairobi,LPG,14.848406071482998,16.073399572380346
2676,Nairobi,charcoal,580.6272649922453,628.5290143541055
2677,Nairobi,charcoal,628.1835274880498,680.008668505814
2678,Nairobi,electricity,654.100815761916,708.0641330622741
2679,Nairobi,LPG,351.601776933731,380.60892353076383
2680,Nairobi,charcoal,778.7544530493406,843.0016954259112
2681,Nairobi,electricity,726.1425218408747,786.0492798927469
2682,Nairobi,charcoal,427.76982950818996,463.06084044261564
2683,Nairobi,electricity,729.0937726619603,789.244008906572
2684,Nairobi,LPG,573.3380738154317,620.6384649052048
2685,Nairobi,LPG,443.1279826327038,479.68604119990187
2686,Nairobi,electricity,996.0603196484049,1078.2352960193982
2687,Nairobi,electricity,475.01853368162205,514.2075627103559
2688,Nairobi,charcoal,91.81363555026854,99.3882604831657
2689,Nairobi,LPG,274.9665342992897,297.6512733789811
2690,Nairobi,electricity,809.070807581328,875.8191492067876
2691,Nairobi,electricity,441.87949767025265,478.3345562280485
2692,Nairobi,LPG,10.698740886073324,11.581387009174373
2693,Nairobi,LPG,527.6563625614267,571.1880124727444
2694,Nairobi,electricity,575.7649975574363,623.2656098559248
2695,Nairobi,LPG,202.45320951029947,219.1555992948992
2696,Nairobi,electricity,245.59909190401729,265.8610169860987
2697,Nairobi,firewood,504.9290254008074,546.585669996374
2698,Nairobi,electricity,347.4796118602749,376.14667983874756
2699,Nairobi,electricity,408.67533336009143,442.391048362299
2700,Nairobi,charcoal,369.9369653796632,400.45676502348545
2701,Nairobi,charcoal,630.6233022828646,682.649724721201
2702,Nairobi,charcoal,557.8959826378734,603.922401205498
2703,Nairobi,firewood,387.7253060256682,419.71264377278584
2704,Nairobi,charcoal,824.7665961569124,892.8098403398577
2705,Nairobi,firewood,-86.76347183087859,-93.92145825692607
2706,Nairobi,charcoal,956.4522290616987,1035.359537959289
2707,Nairobi,LPG,430.76932218116985,466.3077912611164
2708,Nairobi,electricity,-133.45486744439359,-144.46489400855606
2709,Nairobi,firewood,50.888602442752926,55.08691214428004
2710,Nairobi,electricity,260.47096698717445,281.95982176361633
2711,Nairobi,charcoal,898.0319779850571,972.1196161688243
2712,Nairobi,firewood,242.73199810174762,262.75738794514183
2713,Nairobi,LPG,6.701963834258038,7.254875850584326
2714,Nairobi,LPG,114.34969259085818,123.78354222960398
2715,Nairobi,firewood,31.976526092668223,34.61458949531335
2716,Nairobi,charcoal,773.2987836861394,837.0959333402459
2717,Nairobi,firewood,757.7497487008268,820.264102968645
2718,Nairobi,firewood,529.9222819375361,573.6408701973828
2719,Nairobi,LPG,677.9653078950491,733.8974457963907
2720,Nairobi,electricity,370.8153010348775,401.40756337025493
2721,Nairobi,firewood,153.2411084735332,165.88349992259967
2722,Nairobi,charcoal,826.6164468483271,894.8123037133141
2723,Nairobi,charcoal,-15.157647270958478,-16.408153170812554
2724,Nairobi,LPG,298.2974654945789,322.9070063978817
2725,Nairobi,electricity,737.2179412304413,798.0384213819527
2726,Nairobi,electricity,550.6058156862603,596.0307954803767
2727,Nairobi,LPG,215.11077491161618,232.85741384182452
2728,Nairobi,LPG,17.23807996885421,18.66022156628468
2729,Nairobi,LPG,470.40727946347204,509.2158800192085
2730,Nairobi,charcoal,505.44605304030966,547.1453524161352
2731,Nairobi,electricity,929.225457896351,1005.8865581728
2732,Nairobi,firewood,455.06799838379413,492.61110825045716
2733,Nairobi,LPG,360.0788356941961,389.78533963896723
2734,Nairobi,LPG,774.3008956822152,838.1807195759981
2735,Nairobi,charcoal,872.8678153915356,944.8794101613373
2736,Nairobi,firewood,109.67057822067238,118.71840092387785
2737,Nairobi,charcoal,691.8877068360243,748.9684426499964
2738,Nairobi,firewood,411.8434940299075,445.82058228737486
2739,Nairobi,firewood,765.6048618828665,828.767262988203
2740,Nairobi,LPG,555.0797070477302,600.873782879168
2741,Nairobi,charcoal,555.6517934493878,601.4930664089624
2742,Nairobi,LPG,831.6140865356763,900.2222486748695
2743,Nairobi,LPG,117.23577037127006,126.90772142689984
2744,Nairobi,electricity,743.7016245156776,805.057008538221
2745,Nairobi,charcoal,382.20419166670854,413.736037479212
2746,Nairobi,LPG,126.02711941008738,136.4243567614196
2747,Nairobi,LPG,199.34480164310756,215.79074777866393
2748,Nairobi,firewood,662.1765223019065,716.8060853918138
2749,Nairobi,electricity,16.307652689381257,17.65303403625521
2750,Nairobi,firewood,285.60343071592825,309.16571374999234
2751,Nairobi,charcoal,168.7978818612922,182.72370711484882
2752,Nairobi,LPG,332.5294216526106,359.96309893895096
2753,Nairobi,electricity,139.38252406265457,150.88158229782357
2754,Nairobi,electricity,776.2797731403828,840.3228544244644
2755,Nairobi,LPG,461.95854864082924,500.07012890369765
2756,Nairobi,charcoal,893.0566279568227,966.7337997632605
2757,Nairobi,charcoal,-114.80264802064858,-124.27386648235209
2758,Nairobi,electricity,538.2148580611461,582.6175838511906
2759,Nairobi,charcoal,-306.20607888454845,-331.4680803925237
2760,Nairobi,firewood,293.1915697716255,317.3798742777846
2761,Nairobi,firewood,998.4153504576335,1080.7846168703884
2762,Nairobi,firewood,95.69519669913063,103.59005042680892
2763,Nairobi,charcoal,549.8531734124903,595.2160602190207
2764,Nairobi,charcoal,551.260412180886,596.739396185809
2765,Nairobi,LPG,186.6983043139859,202.10091441988973
2766,Nairobi,electricity,-264.86769957645686,-286.71928479151455
2767,Nairobi,firewood,527.4228203929209,570.9352030753369
2768,Nairobi,LPG,553.5012142425858,599.1650644175991
2769,Nairobi,electricity,525.7010244241005,569.0713589390888
2770,Nairobi,firewood,349.2206737897118,378.031379377363
2771,Nairobi,firewood,920.3386758051004,996.2666165590211
2772,Nairobi,LPG,576.2962185136709,623.8406565410487
2773,Nairobi,charcoal,564.8184479963644,611.4159699560645
2774,Nairobi,firewood,622.8562435003946,674.2418835891772
2775,Nairobi,electricity,440.49787083265113,476.83894517634485
2776,Nairobi,firewood,533.21534532476,577.2056113140528
2777,Nairobi,charcoal,423.73270213436496,458.6906500604501
2778,Nairobi,electricity,631.9799037613016,684.118245821609
2779,Nairobi,LPG,523.5254923977902,566.7163455206079
2780,Nairobi,firewood,323.92761046063436,350.6516383236367
2781,Nairobi,firewood,378.3761807940221,409.59221570952894
2782,Nairobi,firewood,218.33033865957836,236.34259159899358
2783,Nairobi,electricity,467.59932579754616,506.17627017584374
2784,Nairobi,firewood,674.0009466324743,729.6060247296534
2785,Nairobi,firewood,646.9832170655695,700.3593324734791
2786,Nairobi,electricity,118.77993439942782,128.5792789873806
2787,Nairobi,electricity,422.67707618947065,457.547934975102
2788,Nairobi,electricity,960.5579811036333,1039.804014544683
2789,Nairobi,LPG,48.675858802625555,52.69161715384217
2790,Nairobi,LPG,154.30774102722017,167.03812966196585
2791,Nairobi,charcoal,487.25658320822487,527.4552513229035
2792,Nairobi,electricity,447.6036007974802,484.53089786327234
2793,Nairobi,electricity,111.21917354277502,120.39475536005396
2794,Nairobi,LPG,421.70826295039717,456.49919464380497
2795,Nairobi,charcoal,612.70078759441,663.2486025709488
2796,Nairobi,electricity,300.13211947720015,324.89301933406915
2797,Nairobi,electricity,499.9337400615808,541.1782736166613
2798,Nairobi,firewood,542.6851948017309,587.4567233728736
2799,Nairobi,charcoal,227.22200150523582,245.9678166294178
2800,Nairobi,LPG,69.57384630064115,75.31368862044404
2801,Nairobi,charcoal,1077.871598567986,1166.7960054498449
2802,Nairobi,LPG,451.11226772256646,488.3290298096782
2803,Nairobi,charcoal,49.3220499447678,53.39111906521114
2804,Nairobi,firewood,793.7242828962318,859.2065362351709
2805,Nairobi,electricity,419.82700467442356,454.4627325600635
2806,Nairobi,firewood,871.2555090619419,943.1340885595521
2807,Nairobi,charcoal,998.4820758149837,1080.8568470697198
2808,Nairobi,charcoal,225.9277567033479,244.5667966313741
2809,Nairobi,LPG,600.9941588818828,650.576176989638
2810,Nairobi,LPG,1109.6780057947617,1201.2264412728296
2811,Nairobi,LPG,819.8024042523306,887.4361026031479
2812,Nairobi,firewood,131.45181982127752,142.2965949565329
2813,Nairobi,charcoal,114.52050669210746,123.96844849420633
2814,Nairobi,LPG,510.0461486101324,552.1249558704683
2815,Nairobi,charcoal,227.95706825654938,246.7635263877147
2816,Nairobi,LPG,41.00435083275357,44.38720977645574
2817,Nairobi,electricity,429.367395849006,464.790206006549
2818,Nairobi,charcoal,626.0110457709915,677.6569570470983
2819,Nairobi,electricity,251.76277416498144,272.53320303359243
2820,Nairobi,firewood,156.21257955238016,169.10011736545152
2821,Nairobi,electricity,719.6238824680561,778.9928527716708
2822,Nairobi,LPG,289.54964541162457,313.4374911580836
2823,Nairobi,electricity,314.43182048736384,340.37244567757136
2824,Nairobi,firewood,616.7672652563342,667.6505646399818
2825,Nairobi,LPG,344.7183214656316,373.15758298654623
2826,Nairobi,electricity,668.9701476288421,724.1601848082216
2827,Nairobi,electricity,200.804480169876,217.37084978389078
2828,Nairobi,LPG,542.3549548598617,587.0992386358002
2829,Nairobi,firewood,428.6187415576874,463.9797877361966
2830,Nairobi,electricity,406.25257448188444,439.7684118766399
2831,Nairobi,LPG,666.4761918121453,721.4604776366473
2832,Nairobi,firewood,-77.85146459109575,-84.27421041986115
2833,Nairobi,LPG,434.6452769653448,470.50351231498576
2834,Nairobi,charcoal,-78.80709781844007,-85.30868338846138
2835,Nairobi,charcoal,617.1600692568875,668.0757749705807
2836,Nairobi,electricity,282.34207174319357,305.63529266200703
2837,Nairobi,charcoal,664.1904979489439,718.9862140297317
2838,Nairobi,LPG,425.6586951364976,460.77553748525867
2839,Nairobi,LPG,247.10734774517687,267.493703934154
2840,Nairobi,charcoal,1137.9465638872084,1231.827155407903
2841,Nairobi,firewood,247.428478051618,267.8413274908765
2842,Nairobi,electricity,-5.0827822971796195,-5.502111836696939
2843,Nairobi,charcoal,522.3928073408329,565.4902139464516
2844,Nairobi,firewood,618.5462032865998,669.5762650577443
2845,Nairobi,electricity,371.5453918146856,402.1978866393972
2846,Nairobi,electricity,987.0554434325301,1068.4875175157138
2847,Nairobi,firewood,619.7194323718695,670.8462855425488
2848,Nairobi,LPG,256.4892391840183,277.6496014166998
2849,Nairobi,LPG,375.1226101587093,406.0702254968028
2850,Nairobi,charcoal,867.8898623382477,939.4907759811531
2851,Nairobi,electricity,472.13459694814856,511.0857011963708
2852,Nairobi,LPG,635.6589843841002,688.1008505957885
2853,Nairobi,charcoal,471.8347080031491,510.7610714134089
2854,Nairobi,charcoal,460.8545538739769,498.87505456858
2855,Nairobi,charcoal,-133.70907900363625,-144.74007802143623
2856,Nairobi,charcoal,655.8257452154224,709.9313691956949
2857,Nairobi,LPG,769.8494876256941,833.3620703548139
2858,Nairobi,electricity,273.0845851925989,295.61406347098836
2859,Nairobi,electricity,165.49161979658172,179.1446784297997
2860,Nairobi,firewood,393.96904236251396,426.4714883574214
2861,Nairobi,charcoal,331.8168160611526,359.19170338619773
2862,Nairobi,firewood,-100.27724729722746,-108.55012019924872
2863,Nairobi,charcoal,173.94261222251615,188.29287773087373
2864,Nairobi,electricity,69.72790561485658,75.48045782808225
2865,Nairobi,firewood,455.8860742882944,493.49667541707873
2866,Nairobi,LPG,425.1840273831645,460.2617096422756
2867,Nairobi,LPG,649.1617329363858,702.7175759036376
2868,Nairobi,electricity,-340.0788690812633,-368.13537578046754
2869,Nairobi,electricity,648.1193242273708,701.589168476129
2870,Nairobi,electricity,304.5073718209395,329.629229996167
2871,Nairobi,firewood,1078.7017516509377,1167.69464616214
2872,Nairobi,LPG,480.8698309370834,520.5415919893928
2873,Nairobi,electricity,-146.50171574279364,-158.58810729157412
2874,Nairobi,LPG,821.8152690284141,889.6150287232583
2875,Nairobi,firewood,121.8343680204357,131.88570338212165
2876,Nairobi,electricity,1049.5374747302355,1136.12431639548
2877,Nairobi,LPG,864.4324297755828,935.7481052320684
2878,Nairobi,LPG,-2.0012332482305055,-2.1663349912095224
2879,Nairobi,firewood,264.6173747200842,286.4483081344911
2880,Nairobi,electricity,1044.1650869819978,1130.3087066580126
2881,Nairobi,firewood,87.05964014940929,94.24206046173556
2882,Nairobi,firewood,-12.731296366177503,-13.781628316387147
2883,Nairobi,LPG,124.34079202257294,134.5989073644352
2884,Nairobi,LPG,572.7739920616339,620.0278464067187
2885,Nairobi,LPG,537.7684751864724,582.1343743893564
2886,Nairobi,electricity,776.5084220399531,840.5703668582493
2887,Nairobi,electricity,479.5599614947517,519.1236583180687
2888,Nairobi,firewood,651.6091382659299,705.3668921728691
2889,Nairobi,firewood,114.60087766343696,124.05545007067052
2890,Nairobi,charcoal,101.77192732989215,110.16811133460826
2891,Nairobi,electricity,-158.97626107788972,-172.0918026168156
2892,Nairobi,firewood,699.0715197908512,756.7449201735965
2893,Nairobi,LPG,557.1492379829886,603.1140501165851
2894,Nairobi,charcoal,457.8888798015794,495.66471238520967
2895,Nairobi,electricity,542.7511876581208,587.5281606399158
2896,Nairobi,firewood,15.966292753456116,17.283511905616248
2897,Nairobi,electricity,671.7140696376624,727.1304803827696
2898,Nairobi,LPG,91.60320355807465,99.16046785161582
2899,Nairobi,electricity,1101.2848989263177,1192.140903087739
2900,Nairobi,firewood,418.8275701374719,453.3808446738134
2901,Nairobi,LPG,517.2224721084755,559.8933260574247
2902,Nairobi,LPG,679.5593279045296,735.6229724566533
2903,Nairobi,LPG,-64.79342617773159,-70.13888383739445
2904,Nairobi,charcoal,647.7816583370945,701.2236451499049
2905,Nairobi,LPG,-114.50715910519602,-123.9539997313747
2906,Nairobi,electricity,-223.8878881242921,-242.3586388945462
2907,Nairobi,firewood,176.0354145411914,190.55833624083968
2908,Nairobi,charcoal,-132.90058663153673,-143.8648850286385
2909,Nairobi,charcoal,-52.090887175219336,-56.38838536717493
2910,Nairobi,electricity,784.486047462542,849.2061463782018
2911,Nairobi,electricity,8.366851015769555,9.057116224570544
2912,Nairobi,electricity,492.39696592331376,533.0197156119872
2913,Nairobi,LPG,161.53144051537336,174.85778435789166
2914,Nairobi,firewood,239.959197206538,259.7558309760774
2915,Nairobi,firewood,420.39767324076064,455.0804812831234
2916,Nairobi,LPG,530.4572956237403,574.2200225126988
2917,Nairobi,electricity,664.4454670741027,719.2622181077162
2918,Nairobi,charcoal,435.09056475676067,470.9855363491934
2919,Nairobi,charcoal,703.6858840740447,761.7399695101534
2920,Nairobi,LPG,187.91343134899117,203.41628943528295
2921,Nairobi,firewood,483.2830519850607,523.1539037738282
2922,Nairobi,electricity,486.0193412998314,526.1159369570676
2923,Nairobi,charcoal,135.7612258586979,146.9615269920405
2924,Nairobi,electricity,814.5749331342475,881.777365117823
2925,Nairobi,firewood,534.3433565003924,578.4266834116747
2926,Nairobi,electricity,701.5083690272888,759.3828094720402
2927,Nairobi,firewood,284.4679574867962,307.9365639794569
2928,Nairobi,charcoal,-36.379486764367755,-39.380794422428096
2929,Nairobi,firewood,369.67478244160577,400.1729519930383
2930,Nairobi,charcoal,628.2972957520197,680.1318226515614
2931,Nairobi,electricity,652.405717464629,706.2291891554609
2932,Nairobi,charcoal,567.2273685719518,614.0236264791379
2933,Nairobi,electricity,326.8615739980744,353.82765385291555
2934,Nairobi,charcoal,621.3906168561984,672.6553427468348
2935,Nairobi,charcoal,542.7733385311384,587.5521389599573
2936,Nairobi,LPG,42.51938849553699,46.02723804641879
2937,Nairobi,electricity,312.986289373525,338.8076582468408
2938,Nairobi,LPG,625.4563618594154,677.0565117128173
2939,Nairobi,charcoal,627.7726544029374,679.5638983911798
2940,Nairobi,charcoal,803.9478929378583,870.2735941052317
2941,Nairobi,firewood,482.2422070259862,522.0271891056301
2942,Nairobi,LPG,456.6374882057614,494.3100809827367
2943,Nairobi,charcoal,684.2741191729763,740.7267340047468
2944,Nairobi,LPG,-228.30184244861994,-247.13674445063108
2945,Nairobi,electricity,74.29327073653332,80.42246557229731
2946,Nairobi,firewood,296.2566458152432,320.69781909500074
2947,Nairobi,charcoal,217.49482273306978,235.43814560854804
2948,Nairobi,electricity,680.9503866746047,737.1287935752596
2949,Nairobi,charcoal,850.6554477387975,920.8345221772483
2950,Nairobi,electricity,826.8556832240216,895.0712770900034
2951,Nairobi,firewood,-30.051779216091347,-32.53105100141888
2952,Nairobi,charcoal,213.08290212390528,230.6622415491275
2953,Nairobi,charcoal,1104.2904125006075,1195.3943715319076
2954,Nairobi,firewood,879.6472746143196,952.2181747700009
2955,Nairobi,LPG,653.9751160389017,707.9280631121111
2956,Nairobi,firewood,581.575512364099,629.5554921341372
2957,Nairobi,LPG,435.05008796409913,470.9417202211373
2958,Nairobi,charcoal,-197.54955176768397,-213.8473897885179
2959,Nairobi,firewood,935.6497839950238,1012.8408911746133
2960,Nairobi,LPG,200.2205364375632,216.73873069366218
2961,Nairobi,charcoal,94.26826240126616,102.04539404937061
2962,Nairobi,charcoal,508.64532457402777,550.608563851385
2963,Nairobi,electricity,352.8397903493286,381.94907305314825
2964,Nairobi,LPG,449.7750502922718,486.88149194138424
2965,Nairobi,LPG,403.7831901300018,437.09530331572694
2966,Nairobi,firewood,215.3378274953312,233.10319826369602
2967,Nairobi,firewood,304.5779403842135,329.7056204659111
2968,Nairobi,firewood,491.58089386593196,532.1363176098713
2969,Nairobi,charcoal,-72.9158692016934,-78.9314284108331
2970,Nairobi,LPG,493.03098397516396,533.706040153115
2971,Nairobi,LPG,825.0597717855818,893.1272029578923
2972,Nairobi,charcoal,-149.9871021376223,-162.36103806397614
2973,Nairobi,electricity,532.2453089481455,576.1555469363675
2974,Nairobi,firewood,668.1998613829896,723.3263499470863
2975,Nairobi,firewood,-85.24113245608828,-92.27352588371556
2976,Nairobi,LPG,304.21031141937647,329.30766211147505
2977,Nairobi,LPG,400.71328673632354,433.77213289207026
2978,Nairobi,firewood,47.074250246720396,50.95787589207483
2979,Nairobi,LPG,431.9842590959988,467.6229604714187
2980,Nairobi,LPG,1023.9713484153663,1108.448984659634
2981,Nairobi,charcoal,135.816958178273,147.02185722798055
2982,Nairobi,electricity,425.8189928479347,460.9490597578893
2983,Nairobi,firewood,709.5186033376096,768.0538881129625
2984,Nairobi,firewood,639.5037437691738,692.2628026301306
2985,Nairobi,charcoal,40.500911709236334,43.84223692524833
2986,Nairobi,charcoal,681.6177291392007,737.8511917931847
2987,Nairobi,electricity,81.10196225673923,87.79287414292021
2988,Nairobi,LPG,329.53339341231015,356.71989836882574
2989,Nairobi,electricity,157.40457650116585,170.39045406251202
2990,Nairobi,firewood,569.038985359816,615.9847016520008
2991,Nairobi,electricity,-180.19177538030772,-195.0575968491831
2992,Nairobi,LPG,401.6862685014001,434.8253856527656
2993,Nairobi,charcoal,360.57902182684177,390.3267911275562
2994,Nairobi,LPG,441.77612507922674,478.222655398263
2995,Nairobi,charcoal,643.1818376517821,696.2443392580541
2996,Nairobi,charcoal,329.5270667937813,356.7130498042682
2997,Nairobi,firewood,0.16176694625715982,0.1751127193233755
2998,Nairobi,LPG,160.04564363358327,173.2494092333539
2999,Nairobi,firewood,12.393884316794868,13.416379772930444
3000,Nairobi,firewood,399.87281051644464,432.8623173840513
3001,Nairobi,charcoal,779.8580426409355,844.1963311588128
3002,Nairobi,LPG,-94.44766330748917,-102.23959553035702
3003,Nairobi,firewood,265.2837001014324,287.1696053598005
3004,Nairobi,firewood,773.0797476855214,836.8588268695769
3005,Nairobi,LPG,197.26549325948824,213.539896453396
3006,Nairobi,electricity,-218.42259731117656,-236.44246158934862
3007,Nairobi,electricity,379.4865355925617,410.79417477894805
3008,Nairobi,LPG,562.0516006783769,608.4208577343429
3009,Nairobi,electricity,31.31228062594147,33.89554377758164
3010,Nairobi,electricity,240.92065641427797,260.7966105684559
3011,Nairobi,firewood,380.9026980267858,412.32717061399563
3012,Nairobi,firewood,305.5408713327619,330.7479932177148
3013,Nairobi,charcoal,206.84180285906032,223.9062515949328
3014,Nairobi,electricity,214.8419128245091,232.56637063253112
3015,Nairobi,electricity,1311.5790737202096,1419.784347302127
3016,Nairobi,electricity,380.86758989134364,412.2891660573795
3017,Nairobi,charcoal,662.968126591719,717.6629970355359
3018,Nairobi,firewood,431.682563368881,467.2963748468137
3019,Nairobi,charcoal,453.36900767097234,490.77195080382756
3020,Nairobi,firewood,567.1441937515448,613.9335897360472
3021,Nairobi,charcoal,655.0927729179455,709.137926683676
3022,Nairobi,electricity,341.80587129757845,370.0048556796287
3023,Nairobi,charcoal,742.046255899382,803.2650720110811
3024,Nairobi,firewood,193.71115204698026,209.69232209085612
3025,Nairobi,charcoal,-75.36333001151343,-81.58080473746328
3026,Nairobi,firewood,569.3605941997732,616.3328432212545
3027,Nairobi,firewood,727.4238274941656,787.4362932624343
3028,Nairobi,electricity,199.379568715711,215.82838313475716
3029,Nairobi,electricity,711.0310632374665,769.6911259545575
3030,Nairobi,charcoal,477.8896231869978,517.3155170999252
3031,Nairobi,charcoal,-45.29774914929209,-49.034813454108686
3032,Nairobi,firewood,365.8768179589101,396.0616554405202
3033,Nairobi,LPG,1170.8702235015276,1267.4670169404037
3034,Nairobi,electricity,454.04290789389034,491.5014477951363
3035,Nairobi,LPG,431.1043142078911,466.6704201300421
3036,Nairobi,LPG,462.9246480190308,501.11593148060086
3037,Nairobi,firewood,58.47529576998659,63.29950767101048
3038,Nairobi,electricity,467.65760778767276,506.2393604301558
3039,Nairobi,LPG,850.3063774081523,920.4566535443249
3040,Nairobi,firewood,583.1929731441704,631.3063934285645
3041,Nairobi,LPG,462.27520466118114,500.4129090457286
3042,Nairobi,electricity,498.02123217264455,539.1079838268877
3043,Nairobi,firewood,411.40034340189237,445.3408717325485
3044,Nairobi,LPG,964.8094971521188,1044.4062806671686
3045,Nairobi,electricity,727.3401848782868,787.3457501307455
3046,Nairobi,LPG,783.577446924209,848.2225862954563
3047,Nairobi,charcoal,-60.249767219246735,-65.22037301483459
3048,Nairobi,firewood,150.47694374877537,162.89129160804933
3049,Nairobi,LPG,515.1612335459358,557.6620353134756
3050,Nairobi,charcoal,820.0757280405319,887.7319756038758
3051,Nairobi,LPG,458.04227418534106,495.8307618056317
3052,Nairobi,charcoal,502.7713121524686,544.2499454050472
3053,Nairobi,LPG,-239.94303192098494,-259.7383320544662
3054,Nairobi,firewood,601.0926534882597,650.6827974010411
3055,Nairobi,firewood,204.75761198127884,221.65011496973435
3056,Nairobi,firewood,750.1906536067384,812.0813825292943
3057,Nairobi,firewood,408.8549617649626,442.585496110572
3058,Nairobi,firewood,375.0302921162199,405.97029121580806
3059,Nairobi,electricity,520.5361045693849,563.4803331963591
3060,Nairobi,electricity,776.9604174726097,841.0596519141001
3061,Nairobi,firewood,470.24629037350155,509.04160932931546
3062,Nairobi,charcoal,288.6747074821004,312.49037084937373
3063,Nairobi,electricity,292.013163294243,316.10424926601803
3064,Nairobi,firewood,3.050588506724523,3.3022620585292963
3065,Nairobi,charcoal,1226.587605605765,1327.7810830682406
3066,Nairobi,charcoal,-2.5709392041887327,-2.7830416885343032
3067,Nairobi,LPG,56.023981689918,60.64596017933624
3068,Nairobi,firewood,502.65264419774064,544.1214873440542
3069,Nairobi,electricity,621.4698391875905,672.7411009205667
3070,Nairobi,electricity,-55.98183400786405,-60.600335313512836
3071,Nairobi,firewood,372.08557978916593,402.78264012177215
3072,Nairobi,LPG,491.87416894082315,532.4537878784411
3073,Nairobi,firewood,541.4781083136911,586.1500522495706
3074,Nairobi,charcoal,25.617115410616236,27.730527431992076
3075,Nairobi,LPG,969.6143691368794,1049.607554590672
3076,Nairobi,firewood,819.7806057620083,887.4125057373741
3077,Nairobi,firewood,582.2779442758007,630.3158746785542
3078,Nairobi,LPG,64.06182497478937,69.3469255352095
3079,Nairobi,firewood,613.3694866550637,663.9724693041065
3080,Nairobi,charcoal,78.10160761565032,84.54499024394147
3081,Nairobi,electricity,789.9567992624523,855.1282352016045
3082,Nairobi,electricity,210.77963897259193,228.16895918783075
3083,Nairobi,electricity,757.9830460396329,820.5166473379026
3084,Nairobi,firewood,743.1594022740481,804.4700529616572
3085,Nairobi,electricity,207.41292555670108,224.52449191512892
3086,Nairobi,firewood,-160.08035069805044,-173.2869796306396
3087,Nairobi,electricity,110.31569012573954,119.41673456111305
3088,Nairobi,charcoal,355.6076486596787,384.9452796741022
3089,Nairobi,firewood,1102.4841424000363,1193.4390841480392
3090,Nairobi,charcoal,54.977812262725365,59.51348177440021
3091,Nairobi,firewood,439.94606397180746,476.2416142494816
3092,Nairobi,electricity,613.2751398035521,663.8703388373451
3093,Nairobi,charcoal,767.8816321789293,831.231866833691
3094,Nairobi,electricity,-19.38759425495647,-20.987070780990376
3095,Nairobi,firewood,759.9899428134655,822.6891130955764
3096,Nairobi,charcoal,373.6000288377435,404.4220312168573
3097,Nairobi,LPG,120.84124408869474,130.81064672601207
3098,Nairobi,firewood,386.6739730481222,418.5745758245923
3099,Nairobi,firewood,795.4384889520168,861.0621642905581
3100,Nairobi,charcoal,37.64050175972676,40.74584315490422
3101,Nairobi,electricity,151.82661359627667,164.3523092179695
3102,Nairobi,LPG,434.3414291447082,470.1745970491466
3103,Nairobi,LPG,391.77645956579397,424.098017479972
3104,Nairobi,electricity,369.9657701679758,400.4879462068338
3105,Nairobi,LPG,509.4799453577982,551.5120408498166
3106,Nairobi,firewood,418.96239895411316,453.5267968678275
3107,Nairobi,LPG,541.6297164529651,586.3141680603347
3108,Nairobi,firewood,481.2870413212461,520.9932222302489
3109,Nairobi,LPG,537.3864939334921,581.7208796830053
3110,Nairobi,firewood,634.5947109246899,686.9487745759768
3111,Nairobi,charcoal,428.9546527471188,464.3434115987561
3112,Nairobi,LPG,751.3812451847809,813.3701979125253
3113,Nairobi,electricity,445.5403337542025,482.2974112889242
3114,Nairobi,electricity,178.3872127018293,193.1041577497302
3115,Nairobi,LPG,537.6928585186499,582.0525193464385
3116,Nairobi,firewood,449.2154558110294,486.27573091543934
3117,Nairobi,firewood,344.16809197654726,372.56195956461244
3118,Nairobi,charcoal,536.0157957613089,580.237098911617
3119,Nairobi,electricity,826.5713528847857,894.7634894977806
3120,Nairobi,charcoal,431.8007160784656,467.42427515493904
3121,Nairobi,firewood,641.073809474457,693.9623987560997
3122,Nairobi,LPG,-15.176107525830446,-16.42813639671146
3123,Nairobi,LPG,521.2616959499148,564.2657858657828
3124,Nairobi,LPG,909.7285268560533,984.7811303216778
3125,Nairobi,firewood,384.58587798251347,416.31421291607086
3126,Nairobi,LPG,566.0716945287854,612.7726093274102
3127,Nairobi,charcoal,831.5337648555048,900.135300456084
3128,Nairobi,firewood,88.13057141148329,95.40134355293065
3129,Nairobi,firewood,-38.63086168926225,-41.817907778626385
3130,Nairobi,firewood,-71.06241189327972,-76.92506087447529
3131,Nairobi,firewood,846.2126686734673,916.0252138390284
3132,Nairobi,firewood,-121.83606531575947,-131.88754070430963
3133,Nairobi,electricity,430.8737874022673,466.42087486295435
3134,Nairobi,firewood,-22.316527568648553,-24.157641093062058
3135,Nairobi,electricity,304.3160583519259,329.4221331659598
3136,Nairobi,electricity,46.251520082341415,50.06727048913458
3137,Nairobi,charcoal,202.08771111766364,218.7599472848709
3138,Nairobi,electricity,323.1319589379206,349.7903455502991
3139,Nairobi,LPG,-113.1036014796424,-122.43464860171291
3140,Nairobi,charcoal,286.86501714963765,310.5313810644828
3141,Nairobi,charcoal,353.02247278543587,382.14682679023434
3142,Nairobi,charcoal,210.5256907412798,227.89406022743538
3143,Nairobi,LPG,263.3983211052699,285.12868259645467
3144,Nairobi,firewood,-24.467419831464383,-26.485981967560196
3145,Nairobi,charcoal,107.31955679034473,116.17342022554817
3146,Nairobi,electricity,703.6982661628851,761.7533731213232
3147,Nairobi,LPG,747.2238676319707,808.8698367116083
3148,Nairobi,electricity,330.69656463617514,357.9790312186596
3149,Nairobi,firewood,295.3945068530712,319.7645536684496
3150,Nairobi,charcoal,612.0325742808607,662.5252616590317
3151,Nairobi,LPG,718.5474184315095,777.827580452109
3152,Nairobi,charcoal,330.8625564294046,358.1587173348305
3153,Nairobi,electricity,507.8494461985887,549.7470255099722
3154,Nairobi,LPG,518.5380947072817,561.3174875206325
3155,Nairobi,LPG,641.9168351716914,694.874974073356
3156,Nairobi,firewood,557.9768236050475,604.0099115524639
3157,Nairobi,electricity,651.9089549243739,705.6914437056348
3158,Nairobi,LPG,367.9462569816116,398.3018231825946
3159,Nairobi,charcoal,820.2324030547477,887.9015763067644
3160,Nairobi,firewood,704.3804258761922,762.4918110109782
3161,Nairobi,LPG,707.5731911480768,765.9479794177931
3162,Nairobi,charcoal,654.1835405638149,708.1536826603297
3163,Nairobi,electricity,439.22548021614085,475.4615823339725
3164,Nairobi,LPG,589.8393172577064,638.5010609314672
3165,Nairobi,charcoal,223.64234495622222,242.09283841511055
3166,Nairobi,electricity,764.1150565332653,827.1545486972597
3167,Nairobi,LPG,745.2001459779833,806.6791580211669
3168,Nairobi,LPG,445.62369628346966,482.3876512268559
3169,Nairobi,LPG,670.9175946084142,726.2682961636084
3170,Nairobi,electricity,-307.51000971368535,-332.8795855150644
3171,Nairobi,electricity,417.26167270036774,451.6857606981481
3172,Nairobi,LPG,1267.0934278185234,1371.6286356135515
3173,Nairobi,firewood,419.0500269524308,453.62165417600636
3174,Nairobi,firewood,390.54056674550645,422.76016350201076
3175,Nairobi,firewood,-30.026415079981234,-32.503594324079685
3176,Nairobi,charcoal,125.52303765761889,135.87868826437244
3177,Nairobi,charcoal,491.92950704979,532.5136913813977
3178,Nairobi,LPG,599.6549139699649,649.1264443724871
3179,Nairobi,charcoal,299.1399105416432,323.81895316132875
3180,Nairobi,firewood,396.4855595014596,429.19561816033
3181,Nairobi,charcoal,77.07887265722894,83.43787965145033
3182,Nairobi,LPG,456.8657255888993,494.5571479499835
3183,Nairobi,electricity,459.9646615072,497.911746081544
3184,Nairobi,firewood,614.5066850181089,665.2034865321029
3185,Nairobi,charcoal,65.69258894594333,71.11222753398366
3186,Nairobi,electricity,288.9520310850235,312.790573649538
3187,Nairobi,firewood,661.8868924358217,716.492561061777
3188,Nairobi,electricity,16.650936072999116,18.024638299021543
3189,Nairobi,electricity,17.915136429878203,19.393135185343155
3190,Nairobi,LPG,-145.59889917345345,-157.61080835526334
3191,Nairobi,electricity,754.7398305444272,817.0058665643425
3192,Nairobi,charcoal,104.14853662771964,112.74079089950651
3193,Nairobi,electricity,456.2004689820858,493.8370076731079
3194,Nairobi,firewood,429.39853073347945,464.8239095189915
3195,Nairobi,charcoal,57.6525458819242,62.40888091718295
3196,Nairobi,electricity,200.2918704719058,216.81594978583803
3197,Nairobi,firewood,482.1497788818402,521.927135639592
3198,Nairobi,firewood,126.30745021352533,136.72781485614118
3199,Nairobi,firewood,435.8252340106329,471.78081581651014
3200,Nairobi,LPG,999.624390951856,1082.093403205384
3201,Nairobi,charcoal,636.4329354153083,688.9386525870713
3202,Nairobi,LPG,105.19898128919937,113.87789724555832
3203,Nairobi,LPG,374.2872075499686,405.1659021728411
3204,Nairobi,electricity,401.9733956860854,435.1362008301874
3205,Nairobi,charcoal,172.05814735740302,186.25294451438876
3206,Nairobi,electricity,265.410789835523,287.30717999695366
3207,Nairobi,LPG,718.9293978879979,778.2410732137578
3208,Nairobi,electricity,152.68768270527656,165.2844165284619
3209,Nairobi,electricity,315.49228010786163,341.5203932167602
3210,Nairobi,charcoal,477.1662572161615,516.5324734364948
3211,Nairobi,LPG,-101.3042221839815,-109.66182051415997
3212,Nairobi,charcoal,135.98164666999418,147.2001325202687
3213,Nairobi,electricity,286.33178123749144,309.9541531895845
3214,Nairobi,electricity,-92.33037209895184,-99.94762779711537
3215,Nairobi,charcoal,314.9430184900689,340.92581751549955
3216,Nairobi,charcoal,-53.662970832373276,-58.09016592604407
3217,Nairobi,charcoal,308.94946893412913,334.4378001211948
3218,Nairobi,charcoal,798.2400255703925,864.0948276799498
3219,Nairobi,electricity,307.9203734512424,333.32380426096995
3220,Nairobi,LPG,551.8910762874793,597.4220900811964
3221,Nairobi,firewood,512.2157323069503,554.4735302222737
3222,Nairobi,electricity,262.10017706519307,283.7234416730715
3223,Nairobi,firewood,508.6817970262738,550.6480452809413
3224,Nairobi,electricity,686.4691922784959,743.1029006414718
3225,Nairobi,LPG,860.3976929527754,931.3805026213794
3226,Nairobi,LPG,345.5819249706596,374.09243378073904
3227,Nairobi,charcoal,392.20177318842207,424.5584194764669
3228,Nairobi,electricity,514.6264942920113,557.0831800711022
3229,Nairobi,LPG,309.75015801198055,335.3045460479689
3230,Nairobi,LPG,288.4734272036354,312.27248494793537
3231,Nairobi,electricity,201.51813852042574,218.14338494836088
3232,Nairobi,charcoal,354.8374048862561,384.1114907893722
3233,Nairobi,electricity,78.30137408490549,84.7612374469102
3234,Nairobi,firewood,265.26914227267224,287.1538465101677
3235,Nairobi,LPG,897.6827535991499,971.7415807710798
3236,Nairobi,charcoal,1046.8852377493909,1133.2532698637156
3237,Nairobi,LPG,348.761646866624,377.5344827331205
3238,Nairobi,firewood,724.1814129814371,783.9263795524057
3239,Nairobi,charcoal,57.04877251138839,61.75529624357794
3240,Nairobi,firewood,24.45245003568607,26.46977716363017
3241,Nairobi,firewood,403.9551882367889,437.281491266324
3242,Nairobi,firewood,-106.96861870062509,-115.79352974342666
3243,Nairobi,LPG,274.44493226971963,297.0866391819715
3244,Nairobi,charcoal,313.88612629610554,339.78173171553425
3245,Nairobi,firewood,488.7157763057684,529.0348278509942
3246,Nairobi,electricity,159.80155939866447,172.9851880490543
3247,Nairobi,firewood,-301.29310407334106,-326.1497851593917
3248,Nairobi,electricity,292.0301338828705,316.1226199282073
3249,Nairobi,electricity,26.599232349152146,28.7936690179572
3250,Nairobi,charcoal,48.98046670624552,53.02135520951078
3251,Nairobi,LPG,18.835338634505945,20.389254071852687
3252,Nairobi,charcoal,-130.2308328575715,-140.97487656832115
3253,Nairobi,electricity,381.86196785347664,413.36558020138847
3254,Nairobi,LPG,656.2752540830097,710.417962544858
3255,Nairobi,LPG,379.4140034433667,410.71565872744446
3256,Nairobi,electricity,686.5036956830861,743.1402505769407
3257,Nairobi,charcoal,474.99320049949375,514.180139540702
3258,Nairobi,firewood,-85.78747717885841,-92.86494404611423
3259,Nairobi,charcoal,138.89740576282423,150.35644173825725
3260,Nairobi,firewood,-26.85163872138395,-29.066898915898125
3261,Nairobi,firewood,604.2154364480815,654.0632099550483
3262,Nairobi,electricity,375.34842161369306,406.31466639682276
3263,Nairobi,LPG,797.6385987766287,863.4437831757006
3264,Nairobi,LPG,400.6254326247481,433.6770308162898
3265,Nairobi,charcoal,-256.61559296609937,-277.78637938580255
3266,Nairobi,charcoal,47.225083092881675,51.12115244804441
3267,Nairobi,electricity,864.3006981810397,935.6055057809755
3268,Nairobi,LPG,544.9655183825271,589.9251736490855
3269,Nairobi,electricity,659.8265214144919,714.2622094311876
3270,Nairobi,firewood,1066.6334714636732,1154.6307328594262
3271,Nairobi,electricity,235.1679619487821,254.56931880955665
3272,Nairobi,LPG,186.6405105462001,202.0383526662616
3273,Nairobi,firewood,261.40863370074914,282.9748459810609
3274,Nairobi,firewood,272.1658627038613,294.61954637692986
3275,Nairobi,charcoal,155.15549212886853,167.95582022950018
3276,Nairobi,charcoal,807.2285707925023,873.8249278828838
3277,Nairobi,charcoal,49.862919460884655,53.97661031640764
3278,Nairobi,electricity,267.50561269056186,289.5748257375332
3279,Nairobi,LPG,267.701123666318,289.7864663687892
3280,Nairobi,electricity,406.70439284735306,440.2575052572597
3281,Nairobi,charcoal,159.30523458828318,172.44791644181655
3282,Nairobi,firewood,760.3755054346223,823.1064846329785
3283,Nairobi,firewood,700.8713557182566,758.6932425650128
3284,Nairobi,firewood,538.8091285579576,583.2608816639892
3285,Nairobi,charcoal,-22.45205461379527,-24.30434911943338
3286,Nairobi,electricity,15.829753055502579,17.135707682581543
3287,Nairobi,LPG,484.25884478356045,524.2101994782042
3288,Nairobi,firewood,214.01125459967818,231.66718310415163
3289,Nairobi,firewood,708.0750885273158,766.4912833308193
3290,Nairobi,electricity,156.57389690458163,169.49124339920962
3291,Nairobi,LPG,185.20434236939906,200.4837006148745
3292,Nairobi,LPG,587.4092769602418,635.8705423094617
3293,Nairobi,electricity,816.2117053518928,883.5491710434239
3294,Nairobi,firewood,-263.2096885881334,-284.92448789665445
3295,Nairobi,LPG,164.34310990815655,177.90141647557948
3296,Nairobi,electricity,339.7400911752644,367.76864869722374
3297,Nairobi,LPG,230.64128731442042,249.66919351786012
3298,Nairobi,firewood,304.9818209394863,330.1428211669939
3299,Nairobi,charcoal,764.3046319678799,827.35976410523
3300,Nairobi,charcoal,535.4579459945818,579.6332265391349
3301,Nairobi,LPG,877.2929410856449,949.6696087252107
3302,Nairobi,LPG,91.61440318574819,99.17259144857242
3303,Nairobi,firewood,11.327885436234794,12.262435984724165
3304,Nairobi,LPG,405.66784570572105,439.135442976443
3305,Nairobi,LPG,478.5613385350422,518.0426489641832
3306,Nairobi,LPG,757.7430728178103,820.2568763252797
3307,Nairobi,electricity,239.92158397245112,259.71511465017835
3308,Nairobi,LPG,7.539561896624718,8.161575753096258
3309,Nairobi,charcoal,518.8746981127031,561.6818607070011
3310,Nairobi,electricity,486.7172920374045,526.8714686304904
3311,Nairobi,LPG,-295.15402222559453,-319.50422905920607
3312,Nairobi,electricity,227.94471311735253,246.75015194953411
3313,Nairobi,electricity,434.46308202788714,470.3062862951878
3314,Nairobi,LPG,220.64230452993604,238.84529465365577
3315,Nairobi,charcoal,-163.88104608027743,-177.40123238190031
3316,Nairobi,charcoal,252.2509578698155,273.06166189407526
3317,Nairobi,firewood,-407.86169314650635,-441.51028283109315
3318,Nairobi,LPG,743.0029904858138,804.3007372008934
3319,Nairobi,electricity,462.6009816768642,500.7655626652055
3320,Nairobi,charcoal,216.04123201002457,233.8646336508516
3321,Nairobi,LPG,812.9381933500694,880.0055943014501
3322,Nairobi,electricity,127.27321915368628,137.77325973386542
3323,Nairobi,firewood,294.4208498823042,318.7105699975943
3324,Nairobi,charcoal,-94.33220347792883,-102.11461026485796
3325,Nairobi,charcoal,281.7217767382251,304.9638233191287
3326,Nairobi,charcoal,732.0363480416804,792.429346755119
3327,Nairobi,electricity,902.0455243127149,976.4642800685139
3328,Nairobi,charcoal,194.78762061128606,210.85759931171717
3329,Nairobi,charcoal,595.6493576751992,644.7904296834032
3330,Nairobi,charcoal,374.3158259654697,405.1968816076209
3331,Nairobi,LPG,-246.64866481568959,-266.99717966298397
3332,Nairobi,electricity,514.3682795465131,556.8036626091005
3333,Nairobi,LPG,-46.57511174835969,-50.41755846759936
3334,Nairobi,LPG,413.2124714119825,447.30250030347105
3335,Nairobi,LPG,566.3117395103768,613.0324580199829
3336,Nairobi,charcoal,400.8315258515328,433.90012673428424
3337,Nairobi,LPG,866.8265602007525,938.3397514173146
3338,Nairobi,firewood,377.3290085133318,408.4586517156817
3339,Nairobi,firewood,670.8662038960522,726.2126657174765
3340,Nairobi,electricity,287.3270428156983,311.0315238479934
3341,Nairobi,electricity,981.8288371592138,1062.8297162248489
3342,Nairobi,charcoal,408.5785537003764,442.2862843806575
3343,Nairobi,LPG,855.7384510756482,926.3368732893891
3344,Nairobi,firewood,428.4528928689151,463.8002565306006
3345,Nairobi,LPG,667.4516801845431,722.5164437997679
3346,Nairobi,charcoal,640.0786161286943,692.8851019593116
3347,Nairobi,LPG,504.98714475672125,546.6485841991507
3348,Nairobi,LPG,-80.06788931925513,-86.67349018809368
3349,Nairobi,charcoal,419.5126070029512,454.12239708069467
3350,Nairobi,electricity,548.8593278491214,594.140222396674
3351,Nairobi,firewood,402.44729309024706,435.6491947701924
3352,Nairobi,electricity,411.29243444463964,445.2240602863224
3353,Nairobi,electricity,708.6770895714511,767.1429494610959
3354,Nairobi,firewood,176.91650118751124,191.51211253548092
3355,Nairobi,charcoal,-83.01253483652351,-89.8610689605367
3356,Nairobi,electricity,450.2372252809822,487.38179636666325
3357,Nairobi,firewood,441.42767982228764,477.84546340762637
3358,Nairobi,LPG,402.4368173375949,435.63785476794646
3359,Nairobi,firewood,707.7363944400054,766.1246469813058
3360,Nairobi,LPG,200.7806624502828,217.34506710243113
3361,Nairobi,electricity,881.2201870464958,953.9208524778317
3362,Nairobi,LPG,257.6100610499318,278.8628910865512
3363,Nairobi,electricity,567.2105202676394,614.0053881897196
3364,Nairobi,charcoal,469.2605191200747,507.9745119474809
3365,Nairobi,electricity,41.033756664213115,44.419041589010696
3366,Nairobi,LPG,133.1615707720556,144.1474003607502
3367,Nairobi,charcoal,-50.074867421316924,-54.20604398357557
3368,Nairobi,LPG,66.61570092845886,72.11149625505672
3369,Nairobi,LPG,27.959966024882817,30.26666322193565
3370,Nairobi,firewood,504.7936521659677,546.4391284696601
3371,Nairobi,charcoal,283.01797433975844,306.3669572227885
3372,Nairobi,charcoal,386.674651366131,418.57531010383684
3373,Nairobi,firewood,640.856683549817,693.7273599426769
3374,Nairobi,charcoal,-142.86455523676204,-154.65088104379493
3375,Nairobi,charcoal,-336.62763208006083,-364.39941172666585
3376,Nairobi,charcoal,480.9949520890526,520.6770356363995
3377,Nairobi,LPG,801.7180830578867,867.8598249101624
3378,Nairobi,firewood,74.65676508347076,80.8159482028571
3379,Nairobi,charcoal,108.67200337010138,117.63744364813475
3380,Nairobi,firewood,380.1175065187668,411.47720080656507
3381,Nairobi,LPG,169.77121466042482,183.77733986990987
3382,Nairobi,LPG,441.54722852056886,477.97487487351583
3383,Nairobi,electricity,-11.210332503757797,-12.135184935317817
3384,Nairobi,electricity,457.9396929669938,495.7197176367708
3385,Nairobi,firewood,44.87916391442138,48.58169493736115
3386,Nairobi,LPG,751.0929591171446,813.058128244309
3387,Nairobi,LPG,500.7559742311245,542.0683421051923
3388,Nairobi,firewood,636.2112307485047,688.6986572852563
3389,Nairobi,LPG,302.038354463747,326.9565187070061
3390,Nairobi,charcoal,533.6200789732593,577.6437354885531
3391,Nairobi,electricity,503.76821633438067,545.3290941819671
3392,Nairobi,electricity,392.8595351981832,425.27044685203333
3393,Nairobi,electricity,821.4457710659544,889.2150471788957
3394,Nairobi,electricity,616.1182932991695,666.948052496351
3395,Nairobi,firewood,84.30574483098167,91.26096877953765
3396,Nairobi,charcoal,353.73820270095746,382.92160442378645
3397,Nairobi,firewood,513.2185359139235,555.5590651268221
3398,Nairobi,electricity,662.5435966420582,717.2034433650281
3399,Nairobi,charcoal,615.2297078021008,665.9861586957742
3400,Nairobi,electricity,559.9357990225518,606.1305024419123
3401,Nairobi,charcoal,592.2437538430335,641.1038635350837
3402,Nairobi,electricity,292.36548966994087,316.485642567711
3403,Nairobi,electricity,56.565025048500615,61.23163961500192
3404,Nairobi,electricity,419.14560706479415,453.7251196476397
3405,Nairobi,LPG,521.0500625216146,564.0366926796478
3406,Nairobi,charcoal,504.80566372300024,546.4521309801478
3407,Nairobi,charcoal,141.55749238517598,153.235985506953
3408,Nairobi,charcoal,880.2844113061099,952.907875238864
3409,Nairobi,charcoal,824.4457119937888,892.4624832332764
3410,Nairobi,LPG,-20.153528292534872,-21.816194376669
3411,Nairobi,electricity,593.4408447970586,642.399714492816
3412,Nairobi,firewood,418.35881615415803,452.87341848687606
3413,Nairobi,electricity,643.4550783775668,696.5401223437161
3414,Nairobi,LPG,168.55613535708864,182.46201652404844
3415,Nairobi,LPG,-62.40102669811728,-67.54911140071195
3416,Nairobi,charcoal,783.7477185307854,848.4069053095752
3417,Nairobi,charcoal,580.1653012955198,628.0289386524003
3418,Nairobi,LPG,813.4652698470297,880.5761546094097
3419,Nairobi,firewood,650.0861931708978,703.7183041074969
3420,Nairobi,firewood,-51.10456957020955,-55.32069655975184
3421,Nairobi,firewood,364.02666270449356,394.0588623776143
3422,Nairobi,electricity,-0.9342497451655731,-1.0113253491417329
3423,Nairobi,LPG,775.9499230271374,839.9657916768763
3424,Nairobi,firewood,723.2929548249354,782.9646235979925
3425,Nairobi,charcoal,251.05409899141708,271.76606215820897
3426,Nairobi,LPG,655.005803009709,709.04378175801
3427,Nairobi,firewood,58.05933003994312,62.84922476823843
3428,Nairobi,charcoal,-174.58173403131616,-188.98472708889975
3429,Nairobi,charcoal,629.3861826085857,681.3105426737941
3430,Nairobi,LPG,215.54500137034012,233.3274639833932
3431,Nairobi,electricity,140.27327079415102,151.84581563466847
3432,Nairobi,charcoal,605.7133573830365,655.6847093671371
3433,Nairobi,LPG,831.111255080148,899.6779336242603
3434,Nairobi,charcoal,186.41953933178974,201.79915132666238
3435,Nairobi,charcoal,197.74747140705873,214.06163779814108
3436,Nairobi,LPG,835.8890842840908,904.8499337375283
3437,Nairobi,electricity,83.88148807243499,90.80171083841088
3438,Nairobi,LPG,543.6984685369091,588.5535921912041
3439,Nairobi,firewood,310.1862551257842,335.7766211736614
3440,Nairobi,LPG,73.90707764759975,80.00441155352674
3441,Nairobi,firewood,126.32889957449419,136.75103378938996
3442,Nairobi,electricity,834.1254021279653,902.9407478035225
3443,Nairobi,firewood,-2.533939041944393,-2.7429890129048053
3444,Nairobi,firewood,733.6791554184556,794.2076857404782
3445,Nairobi,firewood,329.76993946473823,356.97595947057914
3446,Nairobi,LPG,147.26956514621224,159.41930427077475
3447,Nairobi,charcoal,-139.0631555463774,-150.53586587895353
3448,Nairobi,electricity,448.5525258187209,485.55810919876535
3449,Nairobi,LPG,404.2506347556788,437.6013121230223
3450,Nairobi,charcoal,264.21750796526567,286.0154523724001
3451,Nairobi,charcoal,23.85493028890653,25.82296203774132
3452,Nairobi,LPG,427.28009403685843,462.53070179489924
3453,Nairobi,firewood,234.75406691094932,254.12127743110264
3454,Nairobi,firewood,-214.85680559633602,-232.58249205803375
3455,Nairobi,charcoal,511.40519137933575,553.596119668131
3456,Nairobi,electricity,683.1260013976755,739.4838965129837
3457,Nairobi,firewood,560.8923591712494,607.1659788028775
3458,Nairobi,charcoal,185.6531932350752,200.96958167696891
3459,Nairobi,firewood,417.3015363998678,451.72891315285693
3460,Nairobi,LPG,629.9596756481386,681.93134888911
3461,Nairobi,electricity,775.1632566281274,839.114225299948
3462,Nairobi,firewood,561.8560143276113,608.2091355096393
3463,Nairobi,firewood,924.79995815539,1001.0959547032096
3464,Nairobi,firewood,287.172704541609,310.86445266629175
3465,Nairobi,charcoal,395.0548663467897,427.64689282039984
3466,Nairobi,LPG,106.78832246359508,115.59835906684168
3467,Nairobi,firewood,711.9934184194688,770.732875439075
3468,Nairobi,firewood,423.6554074224567,458.60697853480934
3469,Nairobi,firewood,268.31464110211925,290.4505989930441
3470,Nairobi,LPG,12.24190969020242,13.251867239644119
3471,Nairobi,firewood,472.9565093593909,511.9754213815407
3472,Nairobi,electricity,370.7133244392064,401.29717370544097
3473,Nairobi,firewood,-153.81314295933612,-166.50272725348134
3474,Nairobi,charcoal,319.75749900007975,346.13749266758634
3475,Nairobi,electricity,186.71993447619622,202.12432907048242
3476,Nairobi,charcoal,729.5941768648879,789.7856964562412
3477,Nairobi,electricity,635.5749172074451,688.0098478770593
3478,Nairobi,firewood,-130.93978660000482,-141.7423189945052
3479,Nairobi,charcoal,665.268035722112,720.1526486691863
3480,Nairobi,firewood,863.5365951463368,934.7783642459096
3481,Nairobi,electricity,874.6346340174719,946.7919913239133
3482,Nairobi,electricity,300.83512733320134,325.6540253381905
3483,Nairobi,electricity,535.0086998194759,579.1469175545826
3484,Nairobi,firewood,209.68564857350833,226.98471458082278
3485,Nairobi,charcoal,261.542034378474,283.1192522146981
3486,Nairobi,charcoal,165.65303273169297,179.31940793205766
3487,Nairobi,electricity,414.5361398140234,448.7353713486803
3488,Nairobi,electricity,377.2293686263984,408.3507915380763
3489,Nairobi,LPG,-190.2353133876985,-205.92972674218365
3490,Nairobi,electricity,825.5548814504782,893.6631591701426
3491,Nairobi,electricity,580.122917648691,627.983058354708
3492,Nairobi,firewood,307.5594359499263,332.9330894157952
3493,Nairobi,firewood,116.28765476559823,125.8813862837601
3494,Nairobi,LPG,146.374488556607,158.45038386252708
3495,Nairobi,firewood,287.5524923842971,311.27557300600165
3496,Nairobi,firewood,465.66538456719826,504.08277879399213
3497,Nairobi,LPG,-72.89293691741716,-78.90660421310407
3498,Nairobi,LPG,651.1079839798574,704.8243926581956
3499,Nairobi,charcoal,158.0071543186031,171.04274454988789
3500,Nairobi,firewood,870.0037477125562,941.7790568988421
3501,Nairobi,electricity,559.1006431934991,605.2264462569627
3502,Nairobi,charcoal,312.9436160249823,338.76146434704333
3503,Nairobi,electricity,876.8581989972325,949.1990004145042
3504,Nairobi,charcoal,371.622757620458,402.2816351241458
3505,Nairobi,charcoal,841.0720905693072,910.4605380412751
3506,Nairobi,LPG,1050.235660185006,1136.880102150269
3507,Nairobi,LPG,-47.04080652612765,-50.92167306453319
3508,Nairobi,firewood,358.2605334025129,387.81702740822027
3509,Nairobi,LPG,510.68902004183326,552.8208641952845
3510,Nairobi,electricity,58.35509011085213,63.16938504499743
3511,Nairobi,firewood,681.9621209513265,738.2239959298109
3512,Nairobi,firewood,353.91298428608206,383.11080548968386
3513,Nairobi,firewood,726.9907339436352,786.967469493985
3514,Nairobi,LPG,616.9929786625121,667.8948994021694
3515,Nairobi,charcoal,225.6571989276716,244.2739178392045
3516,Nairobi,charcoal,184.62600211634475,199.8576472909432
3517,Nairobi,LPG,29.307763690412685,31.725654194871733
3518,Nairobi,LPG,321.8181929789141,348.3681938996745
3519,Nairobi,charcoal,-103.9942388472819,-112.57376355218267
3520,Nairobi,LPG,304.32754730787985,329.4345699607799
3521,Nairobi,LPG,243.9178678247013,264.0410919202391
3522,Nairobi,LPG,203.79755095948667,220.61084891364433
3523,Nairobi,firewood,485.8940470743802,525.9803059580165
3524,Nairobi,firewood,429.28524090457927,464.70127327920704
3525,Nairobi,firewood,26.815428258472366,29.027701089796338
3526,Nairobi,firewood,-131.15888361475152,-141.9794915129685
3527,Nairobi,firewood,293.6210990409213,317.8448397117973
3528,Nairobi,charcoal,557.0661888124856,603.0241493895157
3529,Nairobi,LPG,152.1198894871172,164.66978036980439
3530,Nairobi,LPG,-149.9319268108461,-162.30131077274092
3531,Nairobi,charcoal,436.7481978530339,472.77992417590923
3532,Nairobi,firewood,117.77278096983844,127.48903539985011
3533,Nairobi,firewood,650.9560689288533,704.6599446154837
3534,Nairobi,charcoal,1039.2493402519597,1124.9874108227464
3535,Nairobi,charcoal,448.80872602548084,485.835445922583
3536,Nairobi,firewood,537.7469034306106,582.111022963636
3537,Nairobi,electricity,354.71901222506455,383.9833307336324
3538,Nairobi,firewood,326.3397802547722,353.26281212579096
3539,Nairobi,LPG,101.47901717907786,109.85103609635178
3540,Nairobi,LPG,506.9383098288498,548.76072038973
3541,Nairobi,electricity,488.82142204112216,529.1491893595147
3542,Nairobi,electricity,961.6157787153741,1040.9490804593925
3543,Nairobi,electricity,-83.48964474888106,-90.37754044066375
3544,Nairobi,charcoal,746.5402692020393,808.1298414112076
3545,Nairobi,firewood,20.05885131699091,21.713706550642662
3546,Nairobi,firewood,-168.28171889528232,-182.1649607041431
3547,Nairobi,LPG,586.0202582867923,634.3669295954527
3548,Nairobi,electricity,754.3442946994908,816.5776990121988
3549,Nairobi,LPG,14.019118853198677,15.175696158587568
3550,Nairobi,LPG,366.81692664577855,397.07932309405527
3551,Nairobi,electricity,-22.791777665184895,-24.672099322562648
3552,Nairobi,firewood,888.7656518415452,962.0888181184727
3553,Nairobi,firewood,1210.8765499033084,1310.7738652703313
3554,Nairobi,LPG,234.66319934014854,254.02291328571079
3555,Nairobi,electricity,677.3612639451569,733.2435682206324
3556,Nairobi,LPG,6.608710021297782,7.153928598054849
3557,Nairobi,electricity,440.8554680310599,477.22604414362235
3558,Nairobi,LPG,484.3741171381218,524.3349818020168
3559,Nairobi,charcoal,256.72723489560747,277.9072317744951
3560,Nairobi,electricity,16.873599125171324,18.26567105299796
3561,Nairobi,charcoal,-270.0002277875468,-292.2752465800194
3562,Nairobi,firewood,458.0873839519679,495.8795931280053
3563,Nairobi,electricity,758.5439657859633,821.1238429633054
3564,Nairobi,charcoal,1036.8367089311976,1122.3757374180213
3565,Nairobi,LPG,303.6894440055677,328.743823136027
3566,Nairobi,electricity,406.64203411578484,440.1900019303371
3567,Nairobi,LPG,863.0928098522622,934.2979666650739
3568,Nairobi,LPG,527.0258553295776,570.5054883942677
3569,Nairobi,electricity,650.3324474500257,703.9848743646528
3570,Nairobi,LPG,24.51408342378994,26.53649530625261
3571,Nairobi,electricity,821.0699579437896,888.8082294741523
3572,Nairobi,LPG,386.7405737738202,418.64667111016036
3573,Nairobi,LPG,-324.8951001838151,-351.6989459489798
3574,Nairobi,firewood,291.5704128808724,315.6249719435444
3575,Nairobi,firewood,593.1598099046354,642.0954942217678
3576,Nairobi,LPG,-231.56298000278503,-250.6669258530148
3577,Nairobi,charcoal,20.211695534751527,21.879160416368528
3578,Nairobi,LPG,626.6881170018333,678.3898866544846
3579,Nairobi,LPG,848.1331919909145,918.1041803301649
3580,Nairobi,LPG,513.1455208633206,555.4800263345445
3581,Nairobi,electricity,579.3174974666173,627.1111910076132
3582,Nairobi,firewood,753.3354008115962,815.4855713785529
3583,Nairobi,electricity,1003.1595245281525,1085.920185301725
3584,Nairobi,charcoal,471.0140597293282,509.8727196569978
3585,Nairobi,charcoal,215.26268254323145,233.02185385304804
3586,Nairobi,firewood,100.19314490170842,108.45907935609937
3587,Nairobi,electricity,-289.2982142509942,-313.1653169267012
3588,Nairobi,charcoal,105.5374728006737,114.24431430672928
3589,Nairobi,charcoal,609.1868118362597,659.4447238127511
3590,Nairobi,charcoal,418.50326670595825,453.0297862091998
3591,Nairobi,charcoal,399.063897656136,431.98666921276725
3592,Nairobi,LPG,593.4422988037518,642.4012884550613
3593,Nairobi,charcoal,668.9479811734635,724.1361896202743
3594,Nairobi,electricity,-416.01884415690574,-450.34039879985045
3595,Nairobi,electricity,583.9281021950384,632.102170626129
3596,Nairobi,charcoal,570.9563169164066,618.0602130620102
3597,Nairobi,firewood,561.665702013016,608.0031224290899
3598,Nairobi,LPG,61.35544199732095,66.41726596209993
3599,Nairobi,electricity,225.1417745570012,243.71597095795383
3600,Nairobi,LPG,269.1601456194308,291.36585763303384
3601,Nairobi,charcoal,-86.45769716949519,-93.59045718597855
3602,Nairobi,firewood,1103.8679370094405,1194.9370418127194
3603,Nairobi,charcoal,462.2521986546593,500.3880050436687
3604,Nairobi,firewood,413.6296949279286,447.7541447594827
3605,Nairobi,firewood,467.5720382873065,506.1467314460093
3606,Nairobi,charcoal,610.7316952402646,661.1170600975864
3607,Nairobi,charcoal,230.07124437346712,249.05212203427817
3608,Nairobi,charcoal,239.04110503055287,258.7619961955735
3609,Nairobi,electricity,535.8639538732373,580.0727300677794
3610,Nairobi,charcoal,300.3429462959802,325.1212393653986
3611,Nairobi,electricity,621.9465630958089,673.2571545512131
3612,Nairobi,firewood,661.6453740056733,716.2311173611413
3613,Nairobi,firewood,471.1176990487801,509.9849092203045
3614,Nairobi,charcoal,103.53782756068557,112.07969833444213
3615,Nairobi,charcoal,82.4294870552717,89.22991973733161
3616,Nairobi,charcoal,753.9252542293328,816.1240877032528
3617,Nairobi,LPG,960.2571363500898,1039.4783500989722
3618,Nairobi,electricity,366.2930868942434,396.5122665630185
3619,Nairobi,firewood,588.0916084779233,636.609166177352
3620,Nairobi,charcoal,245.23147648025054,265.4630732898712
3621,Nairobi,electricity,789.773149585391,854.9294344261858
3622,Nairobi,firewood,855.0528758644144,925.5947381232287
3623,Nairobi,charcoal,595.8818442030778,645.0420963498317
3624,Nairobi,electricity,502.37288549000743,543.818648542933
3625,Nairobi,LPG,327.90245838767265,354.9544112046556
3626,Nairobi,charcoal,271.6580006613583,294.0697857159204
3627,Nairobi,LPG,-258.38643593249606,-279.703316896927
3628,Nairobi,LPG,59.30332470857434,64.19584899703172
3629,Nairobi,electricity,269.6872735498034,291.9364736176622
3630,Nairobi,electricity,110.31338675314475,119.4142411602792
3631,Nairobi,firewood,316.1109283226715,342.1900799092919
3632,Nairobi,electricity,263.8034767987026,285.5672636345956
3633,Nairobi,firewood,516.5410162713533,559.15565011374
3634,Nairobi,LPG,353.1826878138325,382.3202595584737
3635,Nairobi,firewood,869.5702873926621,941.3098361025567
3636,Nairobi,firewood,175.72543156988104,190.22277967439624
3637,Nairobi,LPG,650.0597742639657,703.6897056407429
3638,Nairobi,electricity,27.57296970246665,29.84773970292015
3639,Nairobi,charcoal,210.8905339964734,228.28900305118248
3640,Nairobi,charcoal,278.12939603261066,301.075071205301
3641,Nairobi,electricity,474.45643827772847,513.5990944356411
3642,Nairobi,LPG,-307.65925228206186,-333.04114059533197
3643,Nairobi,LPG,190.69557066986636,206.42795525013034
3644,Nairobi,LPG,549.1543744802932,594.4596103749174
3645,Nairobi,charcoal,703.1846330597664,761.1973652871972
3646,Nairobi,firewood,400.16491489268066,433.17852037132684
3647,Nairobi,electricity,632.2328643562819,684.3920756656752
3648,Nairobi,firewood,342.39274265345256,370.6401439223624
3649,Nairobi,LPG,466.9974221210433,505.5247094460294
3650,Nairobi,electricity,613.4978508008774,664.1114234919497
3651,Nairobi,firewood,92.59805763427829,100.23739738910625
3652,Nairobi,charcoal,170.8699346050019,184.96670420991455
3653,Nairobi,electricity,-21.24000095197465,-22.99230103051256
3654,Nairobi,electricity,267.7621399283317,289.85251647241904
3655,Nairobi,charcoal,726.8211450254041,786.78388949
3656,Nairobi,electricity,433.95194630534985,469.7529818755412
3657,Nairobi,LPG,410.47348185385147,444.3375441067942
3658,Nairobi,charcoal,942.6286216832831,1020.395482972154
3659,Nairobi,LPG,228.45743818716144,247.30517683760226
3660,Nairobi,LPG,733.2059833844089,793.6954770136226
3661,Nairobi,firewood,-168.49442190004515,-182.39521170679888
3662,Nairobi,electricity,928.4690569529379,1005.0677541515553
3663,Nairobi,firewood,44.13288424723538,47.7738471976323
3664,Nairobi,electricity,508.6072907126186,550.5673921964096
3665,Nairobi,charcoal,717.8960057644684,777.122426240037
3666,Nairobi,electricity,-2.8936935299832953,-3.1324232462069173
3667,Nairobi,firewood,1131.8380069986704,1225.2146425760607
3668,Nairobi,firewood,859.1699843215335,930.0515080280601
3669,Nairobi,firewood,358.57548566090804,388.15796322793295
3670,Nairobi,charcoal,152.4305774021264,165.00610003780184
3671,Nairobi,LPG,37.88021401177929,41.00533166775108
3672,Nairobi,firewood,601.9159693157301,651.5740367842778
3673,Nairobi,firewood,480.4455401950759,520.0822972611697
3674,Nairobi,charcoal,518.391920011154,561.1592534120741
3675,Nairobi,electricity,308.58763075218013,334.046110289235
3676,Nairobi,LPG,276.14763794838893,298.92981807913105
3677,Nairobi,LPG,1075.5026577285541,1164.2316269911598
3678,Nairobi,firewood,751.3551254855277,813.3419233380837
3679,Nairobi,LPG,670.303487183252,725.6035248758702
3680,Nairobi,charcoal,359.44594881336616,389.10023959046885
3681,Nairobi,firewood,329.17036887368675,356.32692430576594
3682,Nairobi,LPG,-138.63414547111984,-150.0714624724872
3683,Nairobi,electricity,650.8607304057333,704.5567406642064
3684,Nairobi,LPG,165.05106775235555,178.6677808419249
3685,Nairobi,LPG,547.8472946523859,593.0446964612078
3686,Nairobi,firewood,65.41762260613484,70.81457647114097
3687,Nairobi,charcoal,621.2791033274461,672.5346293519605
3688,Nairobi,electricity,1.3911927328043134,1.5059661332606693
3689,Nairobi,firewood,408.65941598494265,442.37381780370043
3690,Nairobi,electricity,131.14581741424314,141.9653473509182
3691,Nairobi,LPG,289.18640352335,313.04428181402636
3692,Nairobi,LPG,254.4255499902369,275.41565786443147
3693,Nairobi,electricity,560.1930384660268,606.408964139474
3694,Nairobi,electricity,142.4106285943742,154.15950545341008
3695,Nairobi,LPG,411.3815123694966,445.32048713998006
3696,Nairobi,LPG,514.2734185127314,556.7009755400318
3697,Nairobi,electricity,141.10918215205163,152.7506896795959
3698,Nairobi,charcoal,392.49254415499075,424.8731790477775
3699,Nairobi,charcoal,642.4921863704039,695.4977917459623
3700,Nairobi,firewood,328.5265248085856,355.6299631052939
3701,Nairobi,LPG,720.5694603745776,780.0164408554803
3702,Nairobi,electricity,195.09561510544307,211.19100335164214
3703,Nairobi,charcoal,470.1948487364615,508.98592375721955
3704,Nairobi,charcoal,40.3108472019652,43.636492096127334
3705,Nairobi,firewood,559.3027017047255,605.4451745953653
3706,Nairobi,LPG,48.18306727849671,52.15817032897269
3707,Nairobi,charcoal,404.427193737613,437.79243722096606
3708,Nairobi,LPG,382.69615111725807,414.26858358443184
3709,Nairobi,firewood,706.3785585551803,764.6547896359828
3710,Nairobi,charcoal,495.2725215131026,536.1325045379336
3711,Nairobi,LPG,881.8033181417713,954.5520918884675
3712,Nairobi,electricity,605.9457162974935,655.9362378920367
3713,Nairobi,firewood,47.68265689647927,51.616476090438816
3714,Nairobi,LPG,478.64635454689625,518.1346787970152
3715,Nairobi,electricity,450.9827679424488,488.1888462977008
3716,Nairobi,LPG,-1.8728059018783938,-2.0273123887833613
3717,Nairobi,firewood,156.94476519264356,169.89270832103665
3718,Nairobi,LPG,150.38470250535832,162.7914404620504
3719,Nairobi,charcoal,665.6862407151856,720.6053555741884
3720,Nairobi,charcoal,218.0948731763419,236.08770021339012
3721,Nairobi,firewood,723.6540505737548,783.3555097460896
3722,Nairobi,LPG,609.4752036709842,659.7569079738404
3723,Nairobi,charcoal,20.236613689789294,21.906134319196912
3724,Nairobi,charcoal,59.51519280887703,64.42519621560939
3725,Nairobi,firewood,636.1623954916205,688.6457931196792
3726,Nairobi,firewood,416.3246715362842,450.67145693802763
3727,Nairobi,electricity,460.27130446931636,498.24368708803496
3728,Nairobi,charcoal,-79.59054096111902,-86.15676059041134
3729,Nairobi,LPG,104.7284919924416,113.36859258181804
3730,Nairobi,electricity,182.5421721936545,197.601901399631
3731,Nairobi,firewood,287.61521517132877,311.3434704229634
3732,Nairobi,LPG,26.91965875826571,29.140530605822633
3733,Nairobi,LPG,462.30339364306775,500.44342361862084
3734,Nairobi,electricity,171.33174120073556,185.46660984979624
3735,Nairobi,LPG,377.26667262278283,408.3911731141624
3736,Nairobi,firewood,354.6155025541114,383.8712815148256
3737,Nairobi,firewood,8.968147809386835,9.708020003661249
3738,Nairobi,LPG,388.38649331641017,420.428379015014
3739,Nairobi,LPG,130.0977308425483,140.83079363705852
3740,Nairobi,charcoal,557.0707677572136,603.0291060971838
3741,Nairobi,charcoal,1210.917217507992,1310.8178879524014
3742,Nairobi,electricity,509.1321001548954,551.1354984176743
3743,Nairobi,electricity,345.52956051138096,374.0357492535699
3744,Nairobi,electricity,492.0797547563683,532.6763345237687
3745,Nairobi,charcoal,361.4848692539623,391.3073709674142
3746,Nairobi,firewood,848.9405193150978,918.9781121585934
3747,Nairobi,firewood,268.8886992932321,291.0720169849237
3748,Nairobi,firewood,557.2641034514075,603.2383919861487
3749,Nairobi,charcoal,1140.6420576111752,1234.7450273640973
3750,Nairobi,charcoal,552.7097872079146,598.3083446525676
3751,Nairobi,charcoal,290.70414808009923,314.68724029670744
3752,Nairobi,electricity,212.87658055106814,230.43889844653128
3753,Nairobi,firewood,635.3385743483292,687.7540067320664
3754,Nairobi,LPG,85.33417019886116,92.3742392402672
3755,Nairobi,electricity,835.7380058545714,904.6863913375736
3756,Nairobi,LPG,163.42094826489446,176.90317649674827
3757,Nairobi,firewood,852.9578728244206,923.3268973324354
3758,Nairobi,LPG,-688.838221341352,-745.6673746020135
3759,Nairobi,LPG,655.3015589880521,709.3639376045663
3760,Nairobi,firewood,298.41120397131266,323.03012829894595
3761,Nairobi,firewood,475.23616531177214,514.4431489499933
3762,Nairobi,charcoal,364.549085822938,394.6243854033304
3763,Nairobi,LPG,438.41477987410394,474.5839992137175
3764,Nairobi,electricity,828.7810569662743,897.1554941659919
3765,Nairobi,firewood,698.0390863057245,755.6273109259467
3766,Nairobi,charcoal,444.9043894101646,481.6090015365032
3767,Nairobi,firewood,744.9750258369538,806.4354654685026
3768,Nairobi,electricity,186.66340212535698,202.06313280069892
3769,Nairobi,LPG,460.5043960413529,498.4960087147645
3770,Nairobi,LPG,706.5259426475402,764.8143329159623
3771,Nairobi,electricity,1122.4896991834148,1215.0950993660465
3772,Nairobi,LPG,377.4100345782798,408.54636243098787
3773,Nairobi,charcoal,671.374520431022,726.7629183665813
3774,Nairobi,firewood,39.74700959803465,43.02613788987251
3775,Nairobi,firewood,18.822490831157666,20.375346324728174
3776,Nairobi,charcoal,659.3093361896296,713.702356425274
3777,Nairobi,firewood,348.2156152676995,376.9434035272847
3778,Nairobi,electricity,163.84464893780827,177.36183247517747
3779,Nairobi,charcoal,835.9995585300874,904.9695221088195
3780,Nairobi,firewood,516.6740160765955,559.2996224029147
3781,Nairobi,charcoal,836.2012898929318,905.1878963090986
3782,Nairobi,charcoal,968.994801006208,1048.9368720892203
3783,Nairobi,electricity,944.464411901658,1022.3827258835448
3784,Nairobi,LPG,332.2553159357488,359.6663795004481
3785,Nairobi,charcoal,39.151023611077164,42.38098305899103
3786,Nairobi,firewood,291.57442236762705,315.6293122129563
3787,Nairobi,firewood,378.78569083618913,410.03551033017476
3788,Nairobi,LPG,456.6355055221542,494.3079347277319
3789,Nairobi,firewood,242.0114097254397,261.9773510277885
3790,Nairobi,electricity,1264.3777716501677,1368.6889378113065
3791,Nairobi,charcoal,544.2375978468356,589.1371996691995
3792,Nairobi,firewood,349.69683480947003,378.54682368125134
3793,Nairobi,LPG,726.3867079826816,786.3136113912528
3794,Nairobi,firewood,607.6680251392477,657.8006372132356
3795,Nairobi,electricity,850.9820626134407,921.1880827790495
3796,Nairobi,firewood,-185.97031899671356,-201.31287031394243
3797,Nairobi,electricity,269.5470944631801,291.78472975639244
3798,Nairobi,LPG,430.63286512305234,466.1600764957042
3799,Nairobi,charcoal,359.2103301184768,388.8451823532512
3800,Nairobi,charcoal,1114.656790757919,1206.6159759954473
3801,Nairobi,LPG,403.89729107317885,437.2188175867161
3802,Nairobi,LPG,292.4967660970254,316.62774930002996
3803,Nairobi,firewood,-108.30899437193233,-117.24448640761675
3804,Nairobi,firewood,795.7503900503223,861.3997972294738
3805,Nairobi,LPG,-44.55469629100395,-48.23045873501177
3806,Nairobi,firewood,244.06183937461904,264.1969411230251
3807,Nairobi,LPG,440.0180349726457,476.31952285788896
3808,Nairobi,firewood,398.6689327079654,431.55911965637256
3809,Nairobi,electricity,472.8626451868779,511.87381341479534
3810,Nairobi,LPG,58.18590950840519,62.98624704284862
3811,Nairobi,electricity,521.9866409924539,565.0505388743313
3812,Nairobi,firewood,128.889099037074,139.5224497076326
3813,Nairobi,LPG,573.144616316576,620.4290471626936
3814,Nairobi,electricity,548.2944166948773,593.5287060722047
3815,Nairobi,electricity,324.26687185790377,351.0188887861808
3816,Nairobi,electricity,237.1238983999657,256.68662001796287
3817,Nairobi,electricity,396.31989132865704,429.0162823632713
3818,Nairobi,charcoal,-309.58651545729015,-335.12740298251657
3819,Nairobi,charcoal,531.9559238454309,575.842287562679
3820,Nairobi,firewood,607.8232083032246,657.9686229882407
3821,Nairobi,firewood,486.9702886642328,527.145337479032
3822,Nairobi,electricity,131.98991507623123,142.8790830700203
3823,Nairobi,electricity,20.452910563561318,22.140275685055126
3824,Nairobi,LPG,239.16177627592205,258.89262281868565
3825,Nairobi,firewood,374.3349791120345,405.21761488877735
3826,Nairobi,LPG,647.4212990579454,700.8335562302259
3827,Nairobi,charcoal,113.81575418707996,123.20555390751406
3828,Nairobi,LPG,193.93601626833942,209.93573761047742
3829,Nairobi,LPG,333.82847807665064,361.36932751797434
3830,Nairobi,electricity,350.3803493206243,379.2867281395758
3831,Nairobi,electricity,109.62433995581648,118.66834800217134
3832,Nairobi,LPG,358.20436651888406,387.756226756692
3833,Nairobi,charcoal,400.4323955007734,433.4680681295872
3834,Nairobi,LPG,415.17438499178485,449.4262717536071
3835,Nairobi,electricity,477.81010628209236,517.229440050365
3836,Nairobi,electricity,-398.95801002060284,-431.87204584730256
3837,Nairobi,charcoal,368.2199052668243,398.5980474513373
3838,Nairobi,firewood,727.8311883421318,787.8772613803577
3839,Nairobi,electricity,472.6335739170053,511.62584376515827
3840,Nairobi,firewood,421.93784993506364,456.7477225547064
3841,Nairobi,firewood,712.8664297767764,771.6779102333604
3842,Nairobi,charcoal,315.7334271074677,341.78143484383384
3843,Nairobi,LPG,332.4283130596569,359.8536488870786
3844,Nairobi,firewood,26.039123620049452,28.18735131870353
3845,Nairobi,firewood,487.5071205477087,527.7264579928947
3846,Nairobi,electricity,2.2147183998019955,2.3974326677856603
3847,Nairobi,firewood,429.7269114034764,465.1793815942632
3848,Nairobi,charcoal,140.5805047416784,152.17839638286688
3849,Nairobi,firewood,502.30146269790936,543.7413333704869
3850,Nairobi,charcoal,410.1513672049912,443.988854999403
3851,Nairobi,electricity,246.6058235210172,266.9508039615011
3852,Nairobi,charcoal,510.0182330943163,552.0947373245974
3853,Nairobi,charcoal,113.44383294034765,122.80294915792634
3854,Nairobi,LPG,352.10035967674236,381.1486393500736
3855,Nairobi,charcoal,211.32247194936087,228.75657588518314
3856,Nairobi,electricity,379.4702515627721,410.77654731670077
3857,Nairobi,charcoal,183.03563744975315,198.13607753935779
3858,Nairobi,charcoal,854.6027812646048,925.1075107189347
3859,Nairobi,charcoal,817.1590706530731,884.5746939819516
3860,Nairobi,charcoal,227.10011716288037,245.835876828818
3861,Nairobi,firewood,287.3836343167194,311.09278414784876
3862,Nairobi,charcoal,591.0397171919653,639.8004938603025
3863,Nairobi,firewood,-21.406303567106647,-23.172323611392947
3864,Nairobi,charcoal,12.678375534910458,13.724341516540571
3865,Nairobi,electricity,853.4041840455984,923.8100292293603
3866,Nairobi,firewood,136.17651939615206,147.41108224633462
3867,Nairobi,firewood,300.96277222705527,325.7922009357873
3868,Nairobi,charcoal,196.5123053866964,212.72457058109885
3869,Nairobi,firewood,452.5806160285914,489.9185168509502
3870,Nairobi,charcoal,948.4778162798561,1026.7272361229443
3871,Nairobi,LPG,802.9704113355835,869.2154702707692
3872,Nairobi,charcoal,401.0850462902007,434.17456260914224
3873,Nairobi,charcoal,695.7855372463894,753.1878440692165
3874,Nairobi,firewood,529.4240223984875,573.1015042463628
3875,Nairobi,electricity,-208.02328773798058,-225.18520897636398
3876,Nairobi,electricity,440.6600965861031,477.01455455445665
3877,Nairobi,LPG,455.4183323383558,492.9903447562702
3878,Nairobi,electricity,-54.07682352816454,-58.53816146923811
3879,Nairobi,electricity,346.2188150054128,374.7818672433594
3880,Nairobi,electricity,929.9186818139758,1006.6369730636288
3881,Nairobi,electricity,202.3861955222294,219.08305665281333
3882,Nairobi,firewood,287.1493773292278,310.8392009588891
3883,Nairobi,electricity,176.3793035059563,190.9305960451977
3884,Nairobi,electricity,558.1217999523549,604.1668484484242
3885,Nairobi,LPG,152.48514105113483,165.06516518785347
3886,Nairobi,electricity,454.38401836952926,491.8706998850154
3887,Nairobi,LPG,270.1971441502542,292.4884085426502
3888,Nairobi,LPG,93.5958941378704,101.31755540424471
3889,Nairobi,charcoal,747.300558470946,808.9528545447992
3890,Nairobi,LPG,885.4097093290362,958.4560103486817
3891,Nairobi,electricity,943.5480902452999,1021.3908076905371
3892,Nairobi,charcoal,999.3547826825334,1081.8015522538424
3893,Nairobi,charcoal,634.3426639633136,686.675933740287
3894,Nairobi,electricity,341.68529950818,369.8743367176048
3895,Nairobi,LPG,360.90455686883763,390.67918281051675
3896,Nairobi,electricity,518.3337362876567,561.0962695313884
3897,Nairobi,LPG,566.1926830361774,612.903579386662
3898,Nairobi,firewood,120.03481818861997,129.93769068918112
3899,Nairobi,charcoal,254.16202234187583,275.13038918508056
3900,Nairobi,LPG,575.3828391936729,622.851923427151
3901,Nairobi,charcoal,544.5792433836631,589.5070309628153
3902,Nairobi,electricity,750.9221325088516,812.873208440832
3903,Nairobi,electricity,53.57307831461134,57.99285727556677
3904,Nairobi,electricity,-10.983396750841564,-11.889526982785993
3905,Nairobi,LPG,520.5831397744032,563.5312488057915
3906,Nairobi,electricity,1.098901355646035,1.1895607174868328
3907,Nairobi,LPG,1227.0389983964942,1328.269715764205
3908,Nairobi,charcoal,550.8840301793578,596.3319626691548
3909,Nairobi,LPG,225.51999679501304,244.12539653060162
3910,Nairobi,firewood,348.08608958867353,376.8031919797391
3911,Nairobi,LPG,-422.928420603915,-457.820015303738
3912,Nairobi,charcoal,689.9305646776049,746.8498362635073
3913,Nairobi,electricity,159.73902476114205,172.91749430393628
3914,Nairobi,charcoal,360.83397156698305,390.60277422125915
3915,Nairobi,firewood,80.7311932834325,87.39151672931568
3916,Nairobi,electricity,79.62956304886944,86.19900200040118
3917,Nairobi,electricity,490.84035731664903,531.3346867952725
3918,Nairobi,firewood,445.3771831715017,482.1208007831506
3919,Nairobi,LPG,541.1055619013702,585.7467707582332
3920,Nairobi,electricity,178.50815461429124,193.23507736997027
3921,Nairobi,electricity,680.015714919818,736.1170114007031
3922,Nairobi,charcoal,443.6293195512441,480.22873841422177
3923,Nairobi,firewood,794.3613359294169,859.8961461435938
3924,Nairobi,firewood,572.1205078268339,619.3204497225477
3925,Nairobi,charcoal,515.4195165920659,557.9416267109114
3926,Nairobi,LPG,1116.4483819583568,1208.5553734699213
3927,Nairobi,electricity,231.8139213514534,250.9385698629483
3928,Nairobi,firewood,631.0730560341159,683.1365831569304
3929,Nairobi,firewood,514.0336339930196,556.4414087974437
3930,Nairobi,firewood,808.8614789188538,875.5925509296592
3931,Nairobi,charcoal,148.77510458864515,161.0490507172084
3932,Nairobi,charcoal,156.33760090966953,169.23545298471728
3933,Nairobi,electricity,568.644843407911,615.5580429890637
3934,Nairobi,electricity,593.5639969168876,642.5330266625308
3935,Nairobi,LPG,131.37894162202474,142.21770430584178
3936,Nairobi,electricity,331.0060058133986,358.31400129300397
3937,Nairobi,charcoal,203.40011575758132,220.18062530758178
3938,Nairobi,electricity,482.49089213544227,522.2963907366162
3939,Nairobi,charcoal,578.3544766690749,626.0687209942736
3940,Nairobi,charcoal,826.2141165577343,894.3767811737474
3941,Nairobi,LPG,68.5687491275184,74.22567093053867
3942,Nairobi,firewood,5.743108801554797,6.216915277683068
3943,Nairobi,charcoal,657.2283563573819,711.4496957568659
3944,Nairobi,LPG,360.5722020976887,390.31940877074805
3945,Nairobi,charcoal,308.66594218499563,334.13088241525776
3946,Nairobi,LPG,268.78463253615246,290.95936472038505
3947,Nairobi,charcoal,873.0987543631243,945.129401598082
3948,Nairobi,charcoal,454.4910723847146,491.98658585645353
3949,Nairobi,electricity,321.60053682000466,348.132581107655
3950,Nairobi,charcoal,196.5368708196875,212.7511626623117
3951,Nairobi,firewood,135.1705186243546,146.32208641086385
3952,Nairobi,electricity,418.71876732529853,453.26306562963566
3953,Nairobi,electricity,208.34629445632635,225.53486374897327
3954,Nairobi,firewood,810.463480683133,877.3267178394915
3955,Nairobi,firewood,-103.70639033394127,-112.26216753649143
3956,Nairobi,electricity,225.26663110599958,243.85112817224456
3957,Nairobi,firewood,197.84950078290188,214.1720845974913
3958,Nairobi,electricity,772.1902501864677,835.8959458268513
3959,Nairobi,electricity,245.69036484217781,265.9598199416575
3960,Nairobi,electricity,-72.62980244266083,-78.62176114418035
3961,Nairobi,firewood,316.5818202158941,342.69982038370534
3962,Nairobi,charcoal,513.7760407933116,556.1625641587598
3963,Nairobi,charcoal,333.0894809163849,360.56936309198665
3964,Nairobi,LPG,1106.4338156978788,1197.7146054929538
3965,Nairobi,LPG,546.1901781325175,591.2508678284503
3966,Nairobi,LPG,356.7319959836867,386.1623856523409
3967,Nairobi,electricity,378.48520910606516,409.7102388573155
3968,Nairobi,electricity,615.4802716754651,666.2573940886911
3969,Nairobi,charcoal,193.58891146462702,209.55999666045875
3970,Nairobi,electricity,513.3543642052587,555.7060992521925
3971,Nairobi,electricity,701.1865671894329,759.0344589825612
3972,Nairobi,LPG,224.9744680687225,243.5348616843921
3973,Nairobi,charcoal,-81.9790952313229,-88.74237058790705
3974,Nairobi,LPG,-9.089093104143103,-9.83894328523491
3975,Nairobi,electricity,795.4751556495166,861.1018559906017
3976,Nairobi,charcoal,615.255444725572,666.0140189154317
3977,Nairobi,LPG,441.70295206797846,478.14344561358666
3978,Nairobi,charcoal,194.05622209342854,210.06586041613642
3979,Nairobi,firewood,271.176966005286,293.54906570072205
3980,Nairobi,electricity,222.52495984969346,240.88326903729316
3981,Nairobi,electricity,300.3006480647423,325.0754515300835
3982,Nairobi,LPG,627.6108420307771,679.3887364983162
3983,Nairobi,electricity,476.59956486735996,515.9190289689171
3984,Nairobi,charcoal,634.9583784228321,687.3424446427157
3985,Nairobi,electricity,82.35961367593183,89.1542818041962
3986,Nairobi,electricity,-92.57110462084546,-100.20822075206522
3987,Nairobi,electricity,91.15575414561658,98.67610386262996
3988,Nairobi,charcoal,684.3281095826535,740.7851786232225
3989,Nairobi,LPG,250.59926954498715,271.2737092824486
3990,Nairobi,electricity,-273.9233759172472,-296.5220544304201
3991,Nairobi,firewood,806.0715842308183,872.5724899298608
3992,Nairobi,LPG,158.62665760807215,171.71335686073812
3993,Nairobi,electricity,590.9046874663217,639.6543241822932
3994,Nairobi,electricity,636.6705363353935,689.1958555830635
3995,Nairobi,electricity,831.3440664332077,899.9299519139473
3996,Nairobi,LPG,261.6009530269074,283.1830316516273
3997,Nairobi,firewood,483.7403994542407,523.6489824092156
3998,Nairobi,charcoal,316.88967086666474,343.0330687131646
3999,Nairobi,LPG,253.5096713679266,274.42421925578054
4000,Nairobi,charcoal,620.5840180660099,671.7821995564557
4001,Nairobi,firewood,201.61124206966034,218.2441695404073
4002,Nairobi,firewood,223.78660583247046,242.24900081364927
4003,Nairobi,LPG,-106.93391701725261,-115.75596517117596
4004,Nairobi,charcoal,255.86370500176943,276.9724606644154
4005,Nairobi,charcoal,749.2181587192063,811.0286568135408
4006,Nairobi,firewood,163.07870131845647,176.53269417722913
4007,Nairobi,electricity,1051.4360648573484,1138.1795402080795
4008,Nairobi,electricity,347.31216521998374,375.96541885063243
4009,Nairobi,electricity,86.29109462076428,93.41010992697734
4010,Nairobi,charcoal,907.7938113264547,982.6868007608872
4011,Nairobi,electricity,261.7968954179741,283.39513928995694
4012,Nairobi,charcoal,508.9150526685246,550.9005445136779
4013,Nairobi,firewood,277.55574490677833,300.4540938615875
4014,Nairobi,charcoal,661.1528155083822,715.6979227878238
4015,Nairobi,charcoal,314.76310085495464,340.7310566754884
4016,Nairobi,electricity,467.98282833644305,506.5914116741996
4017,Nairobi,firewood,-296.37481775342576,-320.8257402180834
4018,Nairobi,electricity,1051.5909775037835,1138.3472331478456
4019,Nairobi,firewood,473.564202555994,512.6332492668635
4020,Nairobi,charcoal,837.6708312199892,906.7786747956383
4021,Nairobi,charcoal,371.0259040316004,401.63554111420746
4022,Nairobi,firewood,461.13719535220497,499.1810139687619
4023,Nairobi,LPG,296.4200949946552,320.87475283171426
4024,Nairobi,electricity,505.94779381347587,547.6884868030876
4025,Nairobi,electricity,499.6087364313869,540.8264571869763
4026,Nairobi,firewood,483.3772513323078,523.2558745672233
4027,Nairobi,electricity,559.0408868028271,605.1617599640604
4028,Nairobi,firewood,92.4551977626544,100.08275157807338
4029,Nairobi,charcoal,-238.04464123843445,-257.6833241406053
4030,Nairobi,firewood,532.7255018886915,576.6753557945085
4031,Nairobi,charcoal,156.79489334963523,169.73047205098015
4032,Nairobi,firewood,433.561904609005,469.3307617392479
4033,Nairobi,electricity,258.55046666211024,279.88088016173435
4034,Nairobi,LPG,669.2394313257628,724.4516844101382
4035,Nairobi,LPG,437.39118950284524,473.47596263683
4036,Nairobi,LPG,-116.29318820266587,-125.88737622938581
4037,Nairobi,charcoal,303.14312959356903,328.1524377850385
4038,Nairobi,firewood,336.0432314387418,363.76679803243803
4039,Nairobi,firewood,916.5245034327194,992.1377749659188
4040,Nairobi,LPG,-119.91306051140987,-129.80588800360118
4041,Nairobi,charcoal,1038.9910374782805,1124.7077980702386
4042,Nairobi,firewood,43.83382746846155,47.450118234609626
4043,Nairobi,electricity,302.33452603904584,327.2771244372671
4044,Nairobi,electricity,784.3393763638812,849.0473749139014
4045,Nairobi,firewood,390.93622199755913,423.1884603123578
4046,Nairobi,firewood,486.0933526736571,526.1960542692337
4047,Nairobi,charcoal,483.8097562080467,523.7240610952106
4048,Nairobi,firewood,-247.81344925543306,-268.2580588190063
4049,Nairobi,charcoal,766.0856116526392,829.287674613982
4050,Nairobi,LPG,625.745534127727,677.3695406932644
4051,Nairobi,charcoal,940.4461387280769,1018.0329451731433
4052,Nairobi,LPG,709.9456819702418,768.5162007327867
4053,Nairobi,LPG,-181.29932292925537,-196.25651707091893
4054,Nairobi,charcoal,-67.41729181463705,-72.97921838934461
4055,Nairobi,LPG,665.5577331675455,720.466246153868
4056,Nairobi,charcoal,1118.2093068066044,1210.4615746181494
4057,Nairobi,electricity,418.58527475500995,453.1185599222983
4058,Nairobi,electricity,316.34519209059295,342.4436704380669
4059,Nairobi,electricity,1128.3321633203059,1221.419566794231
4060,Nairobi,LPG,872.7217920822037,944.7213399289856
4061,Nairobi,electricity,880.0971986784662,952.7052175694396
4062,Nairobi,electricity,303.887934282561,328.95868886087226
4063,Nairobi,charcoal,676.7703630927881,732.6039180479431
4064,Nairobi,electricity,200.25397893405378,216.7749321961132
4065,Nairobi,electricity,87.0590680092759,94.24144112004117
4066,Nairobi,firewood,656.9533959038667,711.1520510659358
4067,Nairobi,LPG,248.38609812615036,268.8779512215578
4068,Nairobi,charcoal,361.84713315596593,391.69952164133315
4069,Nairobi,electricity,517.3978172681561,560.0831371927791
4070,Nairobi,charcoal,332.49180419352854,359.9223780394947
4071,Nairobi,charcoal,490.76114037983837,531.248934461175
4072,Nairobi,electricity,11.45757447926519,12.402824373804568
4073,Nairobi,electricity,154.24103192619987,166.96591706011137
4074,Nairobi,electricity,320.53774218566065,346.9821059159777
4075,Nairobi,charcoal,-199.70784684151158,-216.18374420593628
4076,Nairobi,charcoal,292.4221780577468,316.5470077475109
4077,Nairobi,firewood,418.3483383587534,452.86207627335057
4078,Nairobi,electricity,824.9767652521759,893.0373483854804
4079,Nairobi,electricity,-66.22831367904581,-71.69214955756709
4080,Nairobi,charcoal,-18.27999226974606,-19.78809163200011
4081,Nairobi,electricity,194.25970265621274,210.2861281253503
4082,Nairobi,LPG,41.13804434929489,44.531933008111714
4083,Nairobi,LPG,357.02054698716705,386.47474211360833
4084,Nairobi,electricity,344.29101876911125,372.69502781756296
4085,Nairobi,charcoal,834.1628704741887,902.9813072883093
4086,Nairobi,LPG,717.3935529605693,776.5785210798163
4087,Nairobi,firewood,462.5437829747047,500.70364507011783
4088,Nairobi,electricity,-179.12301805513107,-193.90066704467938
4089,Nairobi,LPG,643.9583325774466,697.084895015086
4090,Nairobi,electricity,-107.72504927484056,-116.6123658400149
4091,Nairobi,charcoal,128.6738329969806,139.2894242192315
4092,Nairobi,electricity,-271.16731949342795,-293.53862335163575
4093,Nairobi,charcoal,651.0805639063676,704.7947104286429
4094,Nairobi,LPG,221.05807548833633,239.29536671612408
4095,Nairobi,charcoal,158.90213863235346,172.01156506952262
4096,Nairobi,LPG,357.6525329549522,387.1588669237358
4097,Nairobi,charcoal,134.3301217014336,145.41235674180186
4098,Nairobi,firewood,287.0906041259576,310.77557896634914
4099,Nairobi,electricity,115.02687817745459,124.5165956270946
4100,Nairobi,electricity,-261.5696682347831,-283.1491658641527
4101,Nairobi,electricity,404.8205013744477,438.2181927378397
4102,Nairobi,firewood,388.0221146349535,420.03393909233716
4103,Nairobi,charcoal,546.2837932078504,591.3522061474981
4104,Nairobi,charcoal,913.1163160262944,988.4484120984637
4105,Nairobi,charcoal,350.0838880933283,378.9658088610279
4106,Nairobi,firewood,444.84872733042437,481.5487473351844
4107,Nairobi,electricity,431.65955354634946,467.2714667139233
4108,Nairobi,charcoal,391.1501434094221,423.4200302406995
4109,Nairobi,LPG,442.56053354075607,479.0717775578685
4110,Nairobi,firewood,156.53239184921708,169.4463141767775
4111,Nairobi,charcoal,453.9737002830831,491.42653055643746
4112,Nairobi,charcoal,420.3010054262475,454.97583837391295
4113,Nairobi,electricity,58.26882330389924,63.07600122647093
4114,Nairobi,firewood,-145.94182372411524,-157.98202418135475
4115,Nairobi,charcoal,1134.3750384973212,1227.96097917335
4116,Nairobi,electricity,341.4420339584124,369.61100175998143
4117,Nairobi,charcoal,217.19365830415973,235.1121351142529
4118,Nairobi,charcoal,502.2522114560755,543.6880189012018
4119,Nairobi,electricity,639.7331025918043,692.5110835556281
4120,Nairobi,firewood,480.46565826695644,520.1040750739803
4121,Nairobi,charcoal,817.4939461444521,884.9371967013694
4122,Nairobi,LPG,285.1942488868335,308.7227744199973
4123,Nairobi,LPG,832.8653274085002,901.5767169197015
4124,Nairobi,charcoal,445.6033532560097,482.3656298996305
4125,Nairobi,LPG,771.2187410032898,834.8442871360612
4126,Nairobi,electricity,590.710660954484,639.4442904832289
4127,Nairobi,charcoal,45.23033040450497,48.96183266287663
4128,Nairobi,electricity,437.202296489759,473.27148595016416
4129,Nairobi,electricity,439.3690008243635,475.6169433923735
4130,Nairobi,electricity,156.6386760441682,169.56136681781206
4131,Nairobi,LPG,574.411297428724,621.8002294665937
4132,Nairobi,firewood,238.80642875231953,258.5079591243859
4133,Nairobi,LPG,127.31480056946845,137.8182716164496
4134,Nairobi,firewood,513.444271434972,555.8034238283573
4135,Nairobi,charcoal,1155.6171585130892,1250.955574090419
4136,Nairobi,firewood,485.9837133277235,526.0773696772607
4137,Nairobi,LPG,374.0839412664342,404.945866420915
4138,Nairobi,electricity,343.14747111307173,371.45713747990015
4139,Nairobi,charcoal,754.8254666826525,817.0985676839714
4140,Nairobi,electricity,238.90678722971137,258.61659717616254
4141,Nairobi,firewood,817.7188009834958,885.1806020646343
4142,Nairobi,LPG,587.3472825927417,635.803433406643
4143,Nairobi,LPG,288.90996676815956,312.7450390265327
4144,Nairobi,LPG,756.7252406330476,819.155072985274
4145,Nairobi,charcoal,470.7566486702448,509.59407218553997
4146,Nairobi,electricity,231.26953242414197,250.3492688491337
4147,Nairobi,charcoal,675.3385841986187,731.0540173950047
4148,Nairobi,LPG,596.7016938276095,645.9295835683872
4149,Nairobi,firewood,273.8194636601755,296.40956941213994
4150,Nairobi,firewood,405.4414276283615,438.8903454077013
4151,Nairobi,charcoal,401.88935247738885,435.04522405677346
4152,Nairobi,firewood,186.39793512659682,201.77576477454107
4153,Nairobi,firewood,-50.38813123585447,-54.54515206281247
4154,Nairobi,LPG,540.4178450925041,585.0023173126357
4155,Nairobi,firewood,192.08363851667625,207.93053869430204
4156,Nairobi,firewood,758.5632213637898,821.1446871263025
4157,Nairobi,LPG,615.8410542225827,666.6479411959458
4158,Nairobi,LPG,230.59372357561736,249.6177057706058
4159,Nairobi,firewood,716.2130848224663,775.3006643203197
4160,Nairobi,firewood,-81.12311811443271,-87.81577535887341
4161,Nairobi,LPG,684.2641341173742,740.7159251820575
4162,Nairobi,firewood,456.3457405152,493.99426410770405
4163,Nairobi,electricity,161.0252455608619,174.309828319633
4164,Nairobi,electricity,-117.81757899552156,-127.53752926265209
4165,Nairobi,firewood,562.8185761805629,609.2511087154594
4166,Nairobi,firewood,108.85072047235963,117.8309049113293
4167,Nairobi,charcoal,442.63556713545694,479.1530014241321
4168,Nairobi,firewood,-52.883381314383996,-57.24626027282068
4169,Nairobi,LPG,831.1371877124839,899.7060056987638
4170,Nairobi,firewood,175.35622414091722,189.8231126325429
4171,Nairobi,LPG,356.6319350579618,386.05406970024364
4172,Nairobi,charcoal,384.85924275952067,416.6101302871811
4173,Nairobi,LPG,359.0514522481819,388.6731970586569
4174,Nairobi,firewood,657.7187103948597,711.9805040024356
4175,Nairobi,LPG,321.7910808121835,348.33884497918865
4176,Nairobi,firewood,592.6594274491961,641.5538302137547
4177,Nairobi,electricity,607.2781946562227,657.3786457153611
4178,Nairobi,LPG,132.2537339223859,143.16466697098272
4179,Nairobi,firewood,141.55442812800942,153.2326684485702
4180,Nairobi,electricity,276.66456249105397,299.4893888965659
4181,Nairobi,charcoal,219.68542956774328,237.8094775070821
4182,Nairobi,LPG,474.070520201454,513.1813381180739
4183,Nairobi,firewood,191.26576805068188,207.04519391486315
4184,Nairobi,electricity,703.2732344057649,761.2932762442406
4185,Nairobi,electricity,791.4818671509129,856.7791211908632
4186,Nairobi,electricity,-23.750894296668605,-25.710343076143765
4187,Nairobi,charcoal,121.47057394006612,131.4918962901216
4188,Nairobi,charcoal,576.3241443112754,623.8708862169557
4189,Nairobi,LPG,520.1161723479005,563.0257565666022
4190,Nairobi,LPG,220.42272788041012,238.60760293054395
4191,Nairobi,electricity,217.2526363661887,235.17597886639928
4192,Nairobi,LPG,111.02717020375923,120.18691174556936
4193,Nairobi,LPG,420.5263332568334,455.2197557505222
4194,Nairobi,electricity,69.25932680384602,74.97322126516332
4195,Nairobi,electricity,463.10606910738545,501.31231980874475
4196,Nairobi,electricity,336.0517869276759,363.77605934920916
4197,Nairobi,electricity,944.391601822134,1022.3039089724601
4198,Nairobi,electricity,384.6881093248859,416.424878344189
4199,Nairobi,charcoal,-28.91988643106123,-31.305777061623782
4200,Nairobi,electricity,412.1257414963066,446.1261151697519
4201,Nairobi,electricity,343.4870722232592,371.8247556816781
4202,Nairobi,charcoal,306.38721132925696,331.6641562639207
4203,Nairobi,electricity,110.48741913911067,119.6026312180873
4204,Nairobi,firewood,500.85879575055014,542.1796463999706
4205,Nairobi,charcoal,522.8277800038272,565.961071854143
4206,Nairobi,firewood,-208.34908844216045,-225.5378882386387
4207,Nairobi,electricity,246.8274690004773,267.1907351930167
4208,Nairobi,electricity,412.2632793603924,446.27499990762476
4209,Nairobi,LPG,622.8165740626662,674.1989414228361
4210,Nairobi,electricity,117.76282813705956,127.47826145836697
4211,Nairobi,firewood,622.036935070053,673.3549822133324
4212,Nairobi,firewood,305.5808324676741,330.7912511462572
4213,Nairobi,charcoal,491.3814146538611,531.9203813628046
4214,Nairobi,firewood,370.80033366936334,401.3913611970858
4215,Nairobi,firewood,-332.0726273459085,-359.46861910194593
4216,Nairobi,LPG,191.0727650494016,206.83626816597723
4217,Nairobi,electricity,642.0174254362648,694.9838630347567
4218,Nairobi,firewood,604.4788082740141,654.3483099566203
4219,Nairobi,electricity,235.73346819242215,255.181479318297
4220,Nairobi,firewood,610.7845845839281,661.1743128121022
4221,Nairobi,LPG,-215.69830320809444,-233.49341322276223
4222,Nairobi,electricity,471.74007274312567,510.65862874443354
4223,Nairobi,LPG,419.0990080975097,453.67467626555424
4224,Nairobi,electricity,257.263352178263,278.4875787329697
4225,Nairobi,firewood,756.797804554794,819.2336234305645
4226,Nairobi,electricity,428.66574217180835,464.03066590098257
4227,Nairobi,firewood,338.15951997836777,366.0576803765831
4228,Nairobi,firewood,575.1825802356784,622.6351431051219
4229,Nairobi,firewood,293.6941169719014,317.9238816220833
4230,Nairobi,firewood,121.68734417057777,131.72655006465044
4231,Nairobi,charcoal,488.3934164629595,528.6858733211537
4232,Nairobi,charcoal,399.8625841774289,432.8512473720668
4233,Nairobi,firewood,119.98762658711627,129.88660578055337
4234,Nairobi,electricity,829.4478632714072,897.8773119912983
4235,Nairobi,LPG,475.236729785584,514.4437599928947
4236,Nairobi,LPG,669.4496221954616,724.6792160265873
4237,Nairobi,LPG,224.27653170694524,242.77934557276822
4238,Nairobi,electricity,997.4274358720966,1079.7151993315445
4239,Nairobi,electricity,207.89372027642796,225.04495219923328
4240,Nairobi,charcoal,753.1253862490141,815.2582306145578
4241,Nairobi,charcoal,269.6488915974851,291.8949251542776
4242,Nairobi,charcoal,227.4974359443775,246.26597440978864
4243,Nairobi,LPG,285.6309135677496,309.19546393708896
4244,Nairobi,firewood,537.3193377042726,581.6481830648751
4245,Nairobi,electricity,229.7274879341558,248.68000568872364
4246,Nairobi,firewood,34.29656909352451,37.126036043740285
4247,Nairobi,LPG,226.71158489789138,245.41529065196744
4248,Nairobi,firewood,710.6279196324263,769.2547230021014
4249,Nairobi,electricity,368.69183094037743,399.10890699295857
4250,Nairobi,electricity,156.6051764442846,169.5251035009381
4251,Nairobi,electricity,155.52895060528365,168.36008903021957
4252,Nairobi,LPG,-5.683782743666882,-6.152694820019399
4253,Nairobi,LPG,409.4777760097347,443.25969253053785
4254,Nairobi,electricity,117.31415970201977,126.9925778774364
4255,Nairobi,LPG,965.0001831410823,1044.6126982502217
4256,Nairobi,firewood,446.9834506315059,483.8595853086051
4257,Nairobi,firewood,1086.4772419600874,1176.1116144217947
4258,Nairobi,firewood,303.0326826084114,328.0328789236053
4259,Nairobi,firewood,244.2632399606547,264.41495725740873
4260,Nairobi,LPG,134.28310997680717,145.36146654989375
4261,Nairobi,LPG,-115.19782740517212,-124.70164816609882
4262,Nairobi,LPG,220.3436281674057,238.5219774912167
4263,Nairobi,electricity,-27.698980321755812,-29.984146198300667
4264,Nairobi,electricity,-186.47696200111432,-201.86131136620625
4265,Nairobi,electricity,864.9312523063627,936.2880806216376
4266,Nairobi,firewood,187.49479423323243,202.9631147574741
4267,Nairobi,electricity,566.0467490409949,612.745605836877
4268,Nairobi,electricity,253.98622041541705,274.940083599689
4269,Nairobi,electricity,510.8093971276149,552.9511723906431
4270,Nairobi,charcoal,247.4224478348772,267.83479978125456
4271,Nairobi,LPG,938.3588280117491,1015.7734313227185
4272,Nairobi,LPG,293.83636931892045,318.0778697877314
4273,Nairobi,electricity,-33.380234982710135,-36.134104368783724
4274,Nairobi,electricity,253.80797285117603,274.74713061139806
4275,Nairobi,electricity,10.747412080520576,11.634073577163523
4276,Nairobi,electricity,332.6372694062597,360.0798441322761
4277,Nairobi,electricity,24.15804090099516,26.151079275327263
4278,Nairobi,LPG,1209.05359956875,1308.800521533172
4279,Nairobi,charcoal,441.65517634187654,478.09172839008136
4280,Nairobi,firewood,-150.82182410214443,-163.26462459057134
4281,Nairobi,electricity,194.15243501469428,210.17001090340656
4282,Nairobi,LPG,-129.9839123300079,-140.70758509723356
4283,Nairobi,firewood,232.6840765075373,251.88051281940912
4284,Nairobi,LPG,585.6812122250032,633.999912233566
4285,Nairobi,LPG,629.1551492704886,681.0604490853038
4286,Nairobi,electricity,448.3758281779668,485.36683400264906
4287,Nairobi,charcoal,-107.09089804008522,-115.92589712839225
4288,Nairobi,charcoal,127.0740054931743,137.55761094636117
4289,Nairobi,electricity,317.98865351438974,344.2227174293269
4290,Nairobi,firewood,126.23756651322248,136.65216575056334
4291,Nairobi,LPG,57.696061108928745,62.45598615041537
4292,Nairobi,electricity,-74.97403880821128,-81.1593970098887
4293,Nairobi,charcoal,594.8457711365453,643.9205472553103
4294,Nairobi,charcoal,170.71280099768015,184.79660707998877
4295,Nairobi,LPG,354.594790589421,383.84886081304825
4296,Nairobi,firewood,575.8090369680349,623.3132825178977
4297,Nairobi,charcoal,395.07144754488695,427.6648419673401
4298,Nairobi,firewood,365.8259577559983,396.00659927086815
4299,Nairobi,charcoal,702.9149994479126,760.9054869023654
4300,Nairobi,electricity,373.08651578787544,403.86615334037515
4301,Nairobi,electricity,713.2077654659794,772.0474061169227
4302,Nairobi,charcoal,311.8704575383297,337.5997702852419
4303,Nairobi,firewood,664.2395952417738,719.0393618492202
4304,Nairobi,charcoal,927.9802691040037,1004.5386413050841
4305,Nairobi,LPG,833.9881881240979,902.7922136443359
4306,Nairobi,electricity,244.58644455984347,264.76482623603056
4307,Nairobi,charcoal,286.1461040547467,309.7531576392633
4308,Nairobi,firewood,568.7086884873081,615.6271552875111
4309,Nairobi,LPG,762.8590024005427,825.7948700985876
4310,Nairobi,LPG,970.3624599127631,1050.4173628555661
4311,Nairobi,electricity,627.9681053175198,679.7754740062152
4312,Nairobi,charcoal,439.5546731260998,475.817933659003
4313,Nairobi,electricity,101.23397678129692,109.58577986575392
4314,Nairobi,charcoal,222.0534719897958,240.37288342895397
4315,Nairobi,electricity,491.7836520903347,532.3558033877873
4316,Nairobi,firewood,398.672629312346,431.5631212306145
4317,Nairobi,electricity,31.853376576143887,34.48128014367576
4318,Nairobi,firewood,470.1119653232249,508.896202462391
4319,Nairobi,LPG,774.0155851681008,837.871870944469
4320,Nairobi,charcoal,585.5101212750885,633.8147062802833
4321,Nairobi,charcoal,668.105565484019,723.2242746364507
4322,Nairobi,electricity,210.18087696099283,227.52079931027475
4323,Nairobi,electricity,631.745739813807,683.864763348446
4324,Nairobi,LPG,364.28737195229985,394.3410801383646
4325,Nairobi,electricity,262.7998047078398,284.4807885962366
4326,Nairobi,electricity,406.80208134945445,440.3632530607845
4327,Nairobi,charcoal,-17.694031586608332,-19.15378919250352
4328,Nairobi,charcoal,46.36735118866193,50.192657661726535
4329,Nairobi,LPG,653.0482596952844,706.9247411201454
4330,Nairobi,charcoal,427.74712145624864,463.03625897638915
4331,Nairobi,charcoal,843.2050803983382,912.7694995312011
4332,Nairobi,charcoal,583.2851632758217,631.406189246077
4333,Nairobi,charcoal,277.93965517388614,300.8696767257317
4334,Nairobi,electricity,310.4415102004639,336.05293479200213
4335,Nairobi,electricity,333.0626075782794,360.54027270348746
4336,Nairobi,electricity,818.0414492276282,885.5298687889075
4337,Nairobi,charcoal,851.0657821090083,921.2787091330015
4338,Nairobi,LPG,300.42212312128356,325.20694827878947
4339,Nairobi,charcoal,662.6276404430482,717.2944207795997
4340,Nairobi,firewood,914.982315882799,990.4683569431298
4341,Nairobi,LPG,330.60832735501583,357.88351436180466
4342,Nairobi,LPG,360.5206118438496,390.2635623209672
4343,Nairobi,firewood,438.54994560829846,474.7303161209831
4344,Nairobi,firewood,692.1547803501314,749.2575497290173
4345,Nairobi,LPG,396.2039328053064,428.89075726174417
4346,Nairobi,electricity,358.2805731298964,387.83872041311287
4347,Nairobi,LPG,305.8230714556845,331.05347485077846
4348,Nairobi,charcoal,216.34205179506327,234.190271068156
4349,Nairobi,electricity,881.1803328542303,953.8777103147044
4350,Nairobi,firewood,503.318926930677,544.8427384024578
4351,Nairobi,LPG,651.9815557371672,705.7700340854835
4352,Nairobi,LPG,584.494574365731,632.7153767509037
4353,Nairobi,electricity,243.10649238855387,263.1627780106096
4354,Nairobi,firewood,403.60691236819,436.9044826385657
4355,Nairobi,LPG,66.65254883992179,72.15138411921534
4356,Nairobi,firewood,349.624892210299,378.46894581764866
4357,Nairobi,firewood,407.4935213386093,441.1117368490446
4358,Nairobi,LPG,983.4118105363266,1064.5432849055735
4359,Nairobi,firewood,735.4317050019963,796.104820664661
4360,Nairobi,electricity,548.9754755793043,594.2659523145969
4361,Nairobi,firewood,-15.65547533451911,-16.947052049616936
4362,Nairobi,electricity,287.10426508724936,310.7903669569474
4363,Nairobi,electricity,223.17556920206343,241.58755366123367
4364,Nairobi,firewood,414.699741522931,448.9124701985728
4365,Nairobi,LPG,-212.14396316360978,-229.6458401246076
4366,Nairobi,firewood,204.27664305279865,221.12946610465454
4367,Nairobi,electricity,137.4629059930145,148.80359573743817
4368,Nairobi,electricity,352.46856324753645,381.5472197154582
4369,Nairobi,electricity,35.79382910441376,38.746820005527894
4370,Nairobi,electricity,333.151175162361,360.63614711325584
4371,Nairobi,electricity,653.1689260827139,707.0553624845378
4372,Nairobi,electricity,-54.23837117244295,-58.7130367941695
4373,Nairobi,charcoal,367.6063826597226,397.9339092291497
4374,Nairobi,charcoal,770.6114703962489,834.1869167039395
4375,Nairobi,firewood,546.5040449025439,591.5906286070037
4376,Nairobi,LPG,182.554952966887,197.61573658665517
4377,Nairobi,firewood,328.71627973514927,355.8353728132991
4378,Nairobi,firewood,655.4835568407418,709.560950280103
4379,Nairobi,firewood,414.10114671442125,448.264491318361
4380,Nairobi,charcoal,658.3283469797295,712.6404356055572
4381,Nairobi,LPG,448.63478225467776,485.64715179068867
4382,Nairobi,electricity,356.12329359882096,385.5034653207237
4383,Nairobi,LPG,248.8442168455442,269.3738647353016
4384,Nairobi,firewood,219.89457083383584,238.0358729276273
4385,Nairobi,firewood,94.65829335207627,102.46760255362257
4386,Nairobi,charcoal,35.297995009062845,38.21007959731053
4387,Nairobi,firewood,293.87557706895234,318.12031217714093
4388,Nairobi,charcoal,569.0706739602024,616.0190045619191
4389,Nairobi,charcoal,498.5658414027529,539.69752331848
4390,Nairobi,LPG,176.53435526716558,191.09843957670674
4391,Nairobi,LPG,423.4241042963,458.3565929007448
4392,Nairobi,LPG,278.9840264257862,302.0002086059136
4393,Nairobi,electricity,294.593990152977,318.8979943405976
4394,Nairobi,firewood,546.0796304652089,591.1311999785886
4395,Nairobi,charcoal,170.72502703503196,184.8098417654221
4396,Nairobi,LPG,-258.50703772027464,-279.8338683321973
4397,Nairobi,firewood,1070.9846410139737,1159.3408738976266
4398,Nairobi,LPG,124.50921163950244,134.78122159976138
4399,Nairobi,charcoal,268.7248969316486,290.89470092850956
4400,Nairobi,LPG,553.2165561740529,598.8569220584124
4401,Nairobi,electricity,187.3683532387241,202.82624238091884
4402,Nairobi,LPG,424.9156629057864,459.97120509551377
4403,Nairobi,LPG,-228.74215822879103,-247.61338628266628
4404,Nairobi,charcoal,184.59940320287131,199.8288539671082
4405,Nairobi,electricity,147.6594354929288,159.84133892109543
4406,Nairobi,firewood,268.45907520531836,290.60694890975714
4407,Nairobi,electricity,480.44463568246533,520.0813181262687
4408,Nairobi,firewood,27.087271866595927,29.32197179559009
4409,Nairobi,firewood,247.794888584105,268.2379668922937
4410,Nairobi,firewood,-217.82628059263845,-235.79694874153114
4411,Nairobi,charcoal,163.81863858689604,177.33367627031498
4412,Nairobi,charcoal,377.80318795080115,408.97195095674226
4413,Nairobi,electricity,608.933895662429,659.1709420545794
4414,Nairobi,electricity,130.6073760587231,141.38248458356776
4415,Nairobi,LPG,551.2613821274103,596.7404461529217
4416,Nairobi,LPG,249.90548852601896,270.5226913294155
4417,Nairobi,firewood,-8.465148069875681,-9.163522785640426
4418,Nairobi,LPG,699.6583898025314,757.3802069612402
4419,Nairobi,charcoal,402.86623236234243,436.1026965322357
4420,Nairobi,firewood,495.2145399281183,536.0697394721881
4421,Coast,charcoal,435.6818395437567,471.62559130611663
4422,Coast,electricity,545.0610628957054,590.0286005846011
4423,Coast,firewood,659.6031331142399,714.0203915961647
4424,Coast,firewood,634.5876700679548,686.9411528485612
4425,Coast,charcoal,677.7608148697826,733.6760820965397
4426,Coast,electricity,325.7017888640445,352.57218644532816
4427,Coast,charcoal,-194.80876826499878,-210.88049164686117
4428,Coast,firewood,803.243509307385,869.5110988252443
4429,Coast,firewood,326.7032948534211,353.6563166788283
4430,Coast,charcoal,597.2017748613614,646.4709212874237
4431,Coast,electricity,336.8443309450899,364.63398824805984
4432,Coast,firewood,366.91522170400464,397.185727494585
4433,Coast,charcoal,753.1632061747671,815.2991706841854
4434,Coast,charcoal,276.22599592756126,299.0146405915851
4435,Coast,firewood,239.32753184614896,259.07205322345624
4436,Coast,charcoal,570.2192675937563,617.2623571702412
4437,Coast,LPG,183.0107893160552,198.10917943462977
4438,Coast,firewood,250.21174469544667,270.85421363282103
4439,Coast,charcoal,-153.4456053492097,-166.1048677905195
4440,Coast,electricity,495.8582099573789,536.7665122788627
4441,Coast,firewood,252.79224827856228,273.64760876154367
4442,Coast,firewood,96.30460615541637,104.24973616323821
4443,Coast,charcoal,678.7432304650856,734.7395469784552
4444,Coast,charcoal,16.66435461640259,18.039163872255806
4445,Coast,LPG,100.52070940189788,108.81366792755445
4446,Coast,LPG,499.4993261467697,540.7080205538782
4447,Coast,electricity,492.04666428368927,532.6405140870936
4448,Coast,electricity,536.0246480697775,580.2466815355342
4449,Coast,charcoal,733.144728209883,793.6291682871985
4450,Coast,electricity,338.76507103137004,366.71318939145806
4451,Coast,firewood,875.847394265004,948.1048042918669
4452,Coast,firewood,582.4961461230041,630.552078178152
4453,Coast,charcoal,453.04231739948034,490.41830858493745
4454,Coast,charcoal,743.3875841110582,804.7170598002206
4455,Coast,LPG,303.1381632163064,328.1470616816517
4456,Coast,firewood,-27.19720621654301,-29.440975729407807
4457,Coast,firewood,149.91104116605956,162.27870206225947
4458,Coast,LPG,463.5928218941596,501.8392297004278
4459,Coast,charcoal,160.0155490216498,173.2168318159359
4460,Coast,electricity,91.61059670171545,99.16847092960698
4461,Coast,LPG,-11.595472422869875,-12.55209889775664
4462,Coast,firewood,529.5920168473189,573.2833582372227
4463,Coast,LPG,450.3783328596113,487.5345453205292
4464,Coast,firewood,419.7504482952728,454.3798602796328
4465,Coast,LPG,875.4672430304406,947.693290580452
4466,Coast,firewood,313.59269833875067,339.4640959516976
4467,Coast,charcoal,141.2614364741865,152.91550498330687
4468,Coast,electricity,1011.9183925319913,1095.4016599158806
4469,Coast,firewood,93.45876280233881,101.16911073353177
4470,Coast,LPG,902.3046400512951,976.744772855527
4471,Coast,LPG,785.8911835787195,850.7272062239639
4472,Coast,electricity,778.2953383521279,842.5047037661785
4473,Coast,LPG,245.81767974071965,266.097638319329
4474,Coast,firewood,647.1870306950166,700.5799607273555
4475,Coast,firewood,20.59011141503663,22.288795606777153
4476,Coast,firewood,119.97735976846604,129.8754919493645
4477,Coast,firewood,316.7998207195388,342.9358059289007
4478,Coast,charcoal,869.6108087374294,941.3537004582673
4479,Coast,electricity,411.1673128939362,445.0886162076859
4480,Coast,firewood,514.1404717375339,556.5570606558804
4481,Coast,firewood,-67.72239508454277,-73.30949267901755
4482,Coast,LPG,580.5199722344478,628.4128699437897
4483,Coast,electricity,361.01169282955993,390.7951574879986
4484,Coast,charcoal,-33.79072161407373,-36.57845614723482
4485,Coast,LPG,56.225531848238916,60.86413822571863
4486,Coast,charcoal,961.1037627687782,1040.3948231972024
4487,Coast,LPG,519.9185247081591,562.8118029965823
4488,Coast,LPG,624.797511358633,676.3433060457202
4489,Coast,firewood,251.83009302994267,272.60607570491294
4490,Coast,firewood,496.58717612370265,537.5556181539081
4491,Coast,LPG,704.5745730580184,762.7019753353048
4492,Coast,firewood,260.95030170430243,282.47870159490736
4493,Coast,LPG,51.045952456412635,55.25724353406668
4494,Coast,LPG,440.2033008487103,476.5200731687289
4495,Coast,firewood,879.5045276064075,952.0636511339361
4496,Coast,electricity,290.04935138118816,313.97842287013617
4497,Coast,charcoal,257.0758431265358,278.284600184475
4498,Coast,charcoal,420.7476609109508,455.45934293610424
4499,Coast,electricity,728.318002820768,788.4042380534814
4500,Coast,LPG,185.65313056556678,200.96951383722606
4501,Coast,electricity,703.7639151050279,761.8244381011926
4502,Coast,LPG,378.4930857024552,409.7187652729077
4503,Coast,LPG,618.6696501762426,669.7098963157827
4504,Coast,firewood,51.1493557392908,55.36917758778229
4505,Coast,electricity,289.73081672043844,313.6336090998746
4506,Coast,electricity,272.5138359426478,294.99622740791625
4507,Coast,LPG,598.5412757523584,647.920931001928
4508,Coast,electricity,945.8436223916167,1023.875721238925
4509,Coast,firewood,499.1073362149175,540.2836914526482
4510,Coast,LPG,1019.9306099336166,1104.0748852531399
4511,Coast,electricity,18.315540816416558,19.826572933770922
4512,Coast,LPG,560.1903527850288,606.4060568897937
4513,Coast,LPG,578.9952147698469,626.7623199883593
4514,Coast,charcoal,116.23190715941325,125.82103950006486
4515,Coast,electricity,536.043678816953,580.2672823193517
4516,Coast,electricity,568.4213757512839,615.3161392507649
4517,Coast,charcoal,621.8453497784101,673.1475911351289
4518,Coast,LPG,389.11100349354797,421.2126612817657
4519,Coast,electricity,90.64726787268194,98.1256674721782
4520,Coast,charcoal,347.4958220522124,376.1642273715199
4521,Coast,electricity,364.8949272118415,394.9987587068184
4522,Coast,firewood,555.4290968524307,601.2519973427562
4523,Coast,electricity,347.07154968380763,375.7049525327218
4524,Coast,charcoal,989.938122750459,1071.6080178773718
4525,Coast,firewood,798.8131241421551,864.7152068838828
4526,Coast,firewood,-118.06320644924585,-127.80342098130863
4527,Coast,charcoal,961.1582905859617,1040.4538495593035
4528,Coast,firewood,701.2782028841854,759.1336546221306
4529,Coast,electricity,606.0518004066937,656.0510739402459
4530,Coast,electricity,769.6159772581971,833.1092953819983
4531,Coast,electricity,680.6055644746223,736.7555235437786
4532,Coast,firewood,407.02495995060275,440.6045191465275
4533,Coast,firewood,225.24071047099676,243.82306908485398
4534,Coast,LPG,876.8361020507543,949.1750804699416
4535,Coast,LPG,600.1285675901522,649.6391744163398
4536,Coast,firewood,716.226305410401,775.314975606759
4537,Coast,LPG,569.7168757177643,616.7185179644799
4538,Coast,firewood,277.32473882297853,300.2040297758743
4539,Coast,charcoal,87.70765156071337,94.94353281447222
4540,Coast,electricity,991.0070848232111,1072.765169321126
4541,Coast,LPG,407.5958949417817,441.2225562744787
4542,Coast,charcoal,693.1387683697299,750.3227167602325
4543,Coast,LPG,258.77824836216416,280.1274538520427
4544,Coast,electricity,429.2836983724332,464.69960348815897
4545,Coast,LPG,-285.47374390134314,-309.02532777320397
4546,Coast,electricity,492.7821720331153,533.4367012258473
4547,Coast,charcoal,95.58728292063984,103.47323376159262
4548,Coast,LPG,539.4422806996788,583.9462688574023
4549,Coast,electricity,241.69665042515655,261.636624085232
4550,Coast,firewood,162.78993195813075,176.22010134467655
4551,Coast,charcoal,308.924056742765,334.4102914240431
4552,Coast,LPG,686.1152350914376,742.7197419864813
4553,Coast,charcoal,159.76470626537267,172.9452945322659
4554,Coast,LPG,445.3352728140672,482.07543282122776
4555,Coast,LPG,575.7534531139839,623.2531129958876
4556,Coast,LPG,46.55675620244398,50.39768858914561
4557,Coast,LPG,572.4570852725822,619.6847948075703
4558,Coast,charcoal,791.1116855974471,856.3783996592366
4559,Coast,electricity,112.83793465400788,122.14706426296354
4560,Coast,electricity,457.035299574898,494.74071178982706
4561,Coast,charcoal,193.94265893334864,209.9429282953499
4562,Coast,firewood,470.5972010612736,509.4214701488287
4563,Coast,firewood,506.28523481389806,548.0537666860447
4564,Coast,firewood,-120.95877535183479,-130.93787431836117
4565,Coast,firewood,1071.0810816459843,1159.445270881778
4566,Coast,firewood,626.9822170997815,678.7082500105134
4567,Coast,firewood,-28.702741817658875,-31.070718017615732
4568,Coast,LPG,476.2715529962818,515.5639561184751
4569,Coast,electricity,541.3437572082995,586.0046171779842
4570,Coast,electricity,267.4909587906533,289.5589628908822
4571,Coast,firewood,368.21659715057365,398.59446641549596
4572,Coast,electricity,805.0978228348471,871.5183932187219
4573,Coast,firewood,811.0506789572141,877.9623599711844
4574,Coast,LPG,669.3599679559092,724.5821653122716
4575,Coast,electricity,242.35778036632541,262.35229724654727
4576,Coast,LPG,564.1698776498715,610.7138925559859
4577,Coast,LPG,693.4614086187762,750.6719748298252
4578,Coast,LPG,369.45688169052113,399.93707442998914
4579,Coast,charcoal,913.4132714612975,988.7698663568545
4580,Coast,firewood,273.6706617587443,296.24849135384073
4581,Coast,firewood,1415.175010067078,1531.9269483976118
4582,Coast,firewood,394.19288049766635,426.7137931387238
4583,Coast,firewood,694.8460377810163,752.1708358979502
4584,Coast,firewood,46.76167234453993,50.61951031296448
4585,Coast,charcoal,274.846120510038,297.52092545211616
4586,Coast,charcoal,345.9899337837976,374.5341033209609
4587,Coast,charcoal,1082.5928619244896,1171.9067730332602
4588,Coast,electricity,722.0291177308354,781.5965199436293
4589,Coast,electricity,233.0527234048594,252.2795730857603
4590,Coast,electricity,913.5666315443166,988.9358786467227
4591,Coast,LPG,90.92482318825188,98.42612110128266
4592,Coast,electricity,520.2230816107021,563.1414858435851
4593,Coast,charcoal,838.5231039923704,907.7012600717409
4594,Coast,firewood,429.1416222113653,464.54580604380294
4595,Coast,electricity,744.6856521376465,806.1222184390023
4596,Coast,LPG,619.4123974874964,670.5139202802148
4597,Coast,LPG,164.75969168246363,178.35236624626688
4598,Coast,electricity,681.6517792002121,737.8880509842296
4599,Coast,electricity,-225.0423261720913,-243.60831808128884
4600,Coast,charcoal,283.7516500071557,307.1611611327461
4601,Coast,charcoal,545.3020272485029,590.2894444965044
4602,Coast,charcoal,223.1117467395747,241.51846584558962
4603,Coast,LPG,876.8487178972664,949.1887371237909
4604,Coast,charcoal,383.18058547634143,414.7929837781396
4605,Coast,LPG,-11.308944539583024,-12.241932464098623
4606,Coast,firewood,409.68974395124474,443.48914782722244
4607,Coast,charcoal,59.27209366430361,64.16204139160865
4608,Coast,electricity,650.0398430270699,703.6681300768032
4609,Coast,charcoal,755.4970936755831,817.8256039038187
4610,Coast,firewood,310.97312568039524,336.6284085490279
4611,Coast,electricity,646.190673942175,699.5014045424044
4612,Coast,charcoal,546.450341926522,591.5324951354601
4613,Coast,charcoal,1015.4693186501008,1099.2455374387341
4614,Coast,electricity,375.31663918279463,406.2802619153752
4615,Coast,LPG,172.3452234560978,186.56370439122588
4616,Coast,firewood,256.9526997426086,278.1512974713738
4617,Coast,electricity,456.3388775906732,493.9868349919037
4618,Coast,electricity,407.5482669771136,441.17099900272547
4619,Coast,LPG,1110.1340587392672,1201.7201185852568
4620,Coast,electricity,284.6978660798982,308.1854400314898
4621,Coast,LPG,619.5604197807655,670.6741544126787
4622,Coast,charcoal,251.49653205953834,272.24499595445025
4623,Coast,LPG,359.7156779343015,389.39222136388133
4624,Coast,firewood,495.3765227381705,536.2450858640696
4625,Coast,electricity,303.9654059835209,329.0425519771614
4626,Coast,LPG,-149.54768248159257,-161.88536628632397
4627,Coast,electricity,65.04214523438401,70.40812221622069
4628,Coast,firewood,531.2933536994223,575.1250553796247
4629,Coast,electricity,789.6977410777861,854.8478047167034
4630,Coast,LPG,758.8235603674228,821.4265040977352
4631,Coast,LPG,557.8053337680988,603.8242738039669
4632,Coast,charcoal,584.4578020404408,632.6755707087772
4633,Coast,firewood,989.4645774178697,1071.095405054844
4634,Coast,electricity,-217.590801742415,-235.54204288616424
4635,Coast,LPG,122.91848532895494,133.05926036859373
4636,Coast,electricity,166.73861984248265,180.49455597948747
4637,Coast,charcoal,476.0855864001273,515.3626472781378
4638,Coast,charcoal,439.97337666108876,476.2711802356286
4639,Coast,charcoal,-96.48890350258682,-104.44923804155023
4640,Coast,electricity,61.145243926185174,66.18972655009546
4641,Coast,LPG,-227.51663194697085,-246.28675408259593
4642,Coast,firewood,811.7626742488314,878.7330948743601
4643,Coast,LPG,-33.23516174288318,-35.97706258667104
4644,Coast,charcoal,241.76396847741495,261.70949587680167
4645,Coast,electricity,599.1086522283256,648.5351160371624
4646,Coast,LPG,364.88697006671487,394.99014509721883
4647,Coast,firewood,999.2000575662059,1081.6340623154179
4648,Coast,LPG,702.452257525351,760.4045687711924
4649,Coast,electricity,369.16153101729014,399.61735732621656
4650,Coast,LPG,-59.899777590477356,-64.84150924169174
4651,Coast,firewood,-140.06835926115946,-151.62399890020512
4652,Coast,firewood,316.4439191266573,342.55054245460656
4653,Coast,charcoal,880.7217055674765,953.3812462767934
4654,Coast,electricity,668.5797421245777,723.7375708498554
4655,Coast,charcoal,672.4621758548963,727.9403053629252
4656,Coast,LPG,705.5561529223778,763.764535538474
4657,Coast,LPG,117.24152490727539,126.91395071212561
4658,Coast,charcoal,-78.74461688421195,-85.24104777715944
4659,Coast,LPG,182.63157724493382,197.69868236764086
4660,Coast,LPG,736.5120428127557,797.274286344808
4661,Coast,LPG,559.0373396722167,605.1579201951746
4662,Coast,electricity,46.88890752383867,50.75724239455536
4663,Coast,charcoal,187.9183255690525,203.42158742849935
4664,Coast,LPG,-95.80369823491526,-103.70750333929577
4665,Coast,LPG,717.1427785344163,776.3070577635057
4666,Coast,charcoal,224.761780475061,243.30462736425352
4667,Coast,charcoal,384.02535214905265,415.7074437013495
4668,Coast,firewood,40.63582416387385,43.98827965739344
4669,Coast,electricity,709.526187862233,768.0620983608673
4670,Coast,firewood,365.89035457476746,396.07630882718576
4671,Coast,charcoal,189.74109256330158,205.39473269977395
4672,Coast,LPG,356.2183644979922,385.6063795690765
4673,Coast,LPG,35.273018359892546,38.183042374583685
4674,Coast,firewood,318.69836747632144,344.99098279311795
4675,Coast,electricity,68.87664841088935,74.55897190478771
4676,Coast,LPG,113.30566788291827,122.65338548325903
4677,Coast,charcoal,511.21592182170144,553.3912353719918
4678,Coast,electricity,140.77020639959233,152.3837484275587
4679,Coast,firewood,455.80505308929037,493.40896996915683
4680,Coast,charcoal,719.3167787993052,778.6604130502479
4681,Coast,charcoal,40.34848921225273,43.67723957226358
4682,Coast,electricity,154.65527536036709,167.41433557759737
4683,Coast,LPG,356.08363623923987,385.46053622897716
4684,Coast,LPG,380.86624108485404,412.2877059743545
4685,Coast,firewood,69.84975375032496,75.61235843472677
4686,Coast,electricity,257.36089910225144,278.5931732781872
4687,Coast,charcoal,596.7159767313096,645.9450448116427
4688,Coast,charcoal,174.24144027675095,188.6163590995829
4689,Coast,firewood,313.59219069426433,339.46354642654114
4690,Coast,electricity,947.1330812872319,1025.2715604934285
4691,Coast,firewood,152.1884015030301,164.7439446270301
4692,Coast,firewood,641.3706455637056,694.2837238227113
4693,Coast,charcoal,482.27077118100266,522.0581098034354
4694,Coast,electricity,976.7101163018191,1057.288700896719
4695,Coast,LPG,-22.777428626722838,-24.656566488427472
4696,Coast,electricity,30.559919806488608,33.08111319052392
4697,Coast,LPG,351.79384373646513,380.8168358447235
4698,Coast,LPG,212.26395727207392,229.77573374702
4699,Coast,LPG,412.83201902065724,446.89066058986145
4700,Coast,charcoal,591.1362676780166,639.9050097614529
4701,Coast,firewood,123.67135553064969,133.87424236192828
4702,Coast,LPG,344.43994423527676,372.8562396346871
4703,Coast,firewood,309.3542651258642,334.87599199874796
4704,Coast,charcoal,254.6979221278752,275.7105007034249
4705,Coast,charcoal,179.740575088662,194.56917253347663
4706,Coast,LPG,1095.1107126986253,1185.4573464962618
4707,Coast,charcoal,113.11394654798329,122.44584713819191
4708,Coast,LPG,312.46224396434434,338.24037909140276
4709,Coast,LPG,709.7915580125648,768.3493615486015
4710,Coast,firewood,794.6376274026798,860.1952316634008
4711,Coast,charcoal,747.8820916241177,809.5823641831074
4712,Coast,LPG,658.9093818899046,713.2694058958217
4713,Coast,electricity,613.2538755067637,663.8473202360717
4714,Coast,electricity,396.5191639302505,429.23199495449614
4715,Coast,firewood,356.11513163755166,385.49462999764967
4716,Coast,firewood,635.6343807796522,688.0742171939736
4717,Coast,charcoal,621.321509821087,672.5805343813267
4718,Coast,LPG,488.24850589467076,528.5290076309811
4719,Coast,electricity,-78.49635054939228,-84.97229946971714
4720,Coast,electricity,282.8010404886096,306.1321263289199
4721,Coast,firewood,624.1355068574806,675.6266861732227
4722,Coast,firewood,264.73720774239723,286.57802738114503
4723,Coast,charcoal,-196.0662725605755,-212.24174004682297
4724,Coast,electricity,176.94729665294778,191.54544862681598
4725,Coast,firewood,539.1635970203882,583.6445937745702
4726,Coast,LPG,523.8295290325023,567.0454651776837
4727,Coast,electricity,-143.64823474183538,-155.4992141080368
4728,Coast,charcoal,625.1995602313448,676.7785239504308
4729,Coast,firewood,412.09243556259895,446.0900614965134
4730,Coast,charcoal,514.3834029758182,556.8200337213232
4731,Coast,charcoal,975.8982103959894,1056.4098127536586
4732,Coast,LPG,376.2059269000241,407.2429158692761
4733,Coast,LPG,410.60752264463173,444.48264326281384
4734,Coast,firewood,785.0703341774813,849.8386367471235
4735,Coast,electricity,238.88026368947988,258.587885443862
4736,Coast,electricity,377.8263732474447,408.9970490403589
4737,Coast,firewood,550.171941513347,595.5611266881981
4738,Coast,LPG,424.9017777807388,459.9561744476498
4739,Coast,firewood,795.3946971674084,861.0147596837196
4740,Coast,electricity,515.6984023463644,558.2435205399395
4741,Coast,electricity,-350.1276327311367,-379.0131624314555
4742,Coast,electricity,476.94872625778777,516.2969961740553
4743,Coast,firewood,340.4615960680348,368.5496777436477
4744,Coast,firewood,133.5197733915466,144.5351546963492
4745,Coast,LPG,430.59435769872937,466.1183922088745
4746,Coast,LPG,318.5352078815112,344.81436253173587
4747,Coast,charcoal,510.9649999719937,553.1196124696831
4748,Coast,electricity,387.1054159878327,419.04161280682894
4749,Coast,charcoal,681.3429390101302,737.5537314784659
4750,Coast,charcoal,544.0378500939086,588.920972726656
4751,Coast,firewood,461.51796767154497,499.59320000444745
4752,Coast,LPG,505.63134829025745,547.3459345242037
4753,Coast,electricity,39.76462662159497,43.04520831787656
4754,Coast,electricity,397.97798297836545,430.81116657408063
4755,Coast,firewood,564.6637536424118,611.2485133179108
4756,Coast,charcoal,170.7884034238303,184.8784467062963
4757,Coast,LPG,529.2982198214672,572.9653229567383
4758,Coast,firewood,673.4414372637423,729.000355838001
4759,Coast,electricity,226.91812388019903,245.63886910031545
4760,Coast,firewood,664.894869990806,719.7486967650475
4761,Coast,charcoal,186.70530994276032,202.10849801303806
4762,Coast,electricity,767.7975629062325,831.1408618459967
4763,Coast,charcoal,528.0565067653324,571.6211685734723
4764,Coast,LPG,838.2371637588644,907.3917297689708
4765,Coast,electricity,933.887281348772,1010.9329820600458
4766,Coast,charcoal,114.00524646708391,123.41067930061833
4767,Coast,electricity,411.4522499534311,445.39706057458915
4768,Coast,electricity,470.70662342874897,509.5399198616208
4769,Coast,LPG,298.0730371310341,322.6640626943444
4770,Coast,electricity,64.3152317514203,69.62123837091248
4771,Coast,firewood,312.081753840783,337.8284985326476
4772,Coast,LPG,1106.7165267880835,1198.0206402481003
4773,Coast,firewood,227.71043010248255,246.49654058593737
4774,Coast,charcoal,622.9768622981728,674.372453437772
4775,Coast,firewood,150.090126571679,162.47256201384252
4776,Coast,firewood,573.1382068261709,620.4221088893299
4777,Coast,charcoal,866.7598226383545,938.2675080060188
4778,Coast,firewood,105.10372721129733,113.77478470622935
4779,Coast,LPG,490.8263897456695,531.3195668996872
4780,Coast,electricity,398.8567036019467,431.76238164910734
4781,Coast,LPG,307.6501253433776,333.0312606842063
4782,Coast,charcoal,761.7428130351758,824.5865951105778
4783,Coast,electricity,231.60871255901054,250.7164313451289
4784,Coast,LPG,529.5924824083459,573.2838622070344
4785,Coast,LPG,144.39553454966676,156.30816615001427
4786,Coast,charcoal,707.7985214635773,766.1918994843224
4787,Coast,firewood,187.81842989079564,203.3134503567863
4788,Coast,firewood,28.58386161893651,30.942030202498774
4789,Coast,charcoal,91.89036621028458,99.47132142263307
4790,Coast,charcoal,608.429575336774,658.6250153020578
4791,Coast,charcoal,590.7610782521457,639.4988672079477
4792,Coast,LPG,562.2347983502506,608.6191692141463
4793,Coast,charcoal,471.157644092298,510.0281497299126
4794,Coast,firewood,202.07432928090998,218.74546144658507
4795,Coast,electricity,448.6426873832394,485.65570909235663
4796,Coast,firewood,227.0413923032771,245.77230716829746
4797,Coast,charcoal,309.99451632833984,335.5690639254279
4798,Coast,charcoal,598.9119017479795,648.3221336421879
4799,Coast,LPG,660.1160927121934,714.5756703609494
4800,Coast,firewood,675.5948374162854,731.331411503129
4801,Coast,firewood,-436.36083282631546,-472.3606015344865
4802,Coast,firewood,132.956137941103,143.925019321244
4803,Coast,electricity,77.07520625533493,83.43391077140006
4804,Coast,charcoal,9.873943854424397,10.688544222414409
4805,Coast,firewood,475.9140066269643,515.1769121736888
4806,Coast,firewood,553.9201146079552,599.6185240631115
4807,Coast,charcoal,401.44949407718934,434.56907733855746
4808,Coast,LPG,620.8840136169235,672.1069447403197
4809,Coast,charcoal,609.471285257598,659.7526662913498
4810,Coast,LPG,494.4497422397834,535.2418459745655
4811,Coast,electricity,261.98960943290746,283.60375221112236
4812,Coast,charcoal,834.2480478247237,903.0735117702634
4813,Coast,charcoal,322.17661392518943,348.75618457401754
4814,Coast,electricity,297.92266828742464,322.5012884211372
4815,Coast,electricity,93.1784487336734,100.86567075420146
4816,Coast,electricity,176.13107645316316,190.66189026054911
4817,Coast,firewood,484.357399296023,524.3168847379449
4818,Coast,charcoal,-88.16256686304172,-95.43597862924265
4819,Coast,electricity,472.36550757378456,511.3356619486218
4820,Coast,firewood,414.46104207417517,448.6540780452946
4821,Coast,electricity,401.5671879517815,434.69648095780343
4822,Coast,firewood,574.2401385768553,621.6149500094459
4823,Coast,LPG,836.583023499936,905.6011229386806
4824,Coast,charcoal,371.45106753063135,402.0957806019084
4825,Coast,electricity,569.223842852791,616.1848098881462
4826,Coast,LPG,112.84201613956094,122.15148247107471
4827,Coast,electricity,408.775611214289,442.4995991394678
4828,Coast,electricity,800.4949494003599,866.5357827258896
4829,Coast,LPG,128.07301567114064,138.63903946400976
4830,Coast,electricity,206.3027350144179,223.32271065310738
4831,Coast,charcoal,681.5325992298249,737.7590386662854
4832,Coast,charcoal,809.719965890811,876.5218630768029
4833,Coast,LPG,477.7851473856227,517.2024220449366
4834,Coast,LPG,473.01428715958656,512.0379658502525
4835,Coast,firewood,721.6016470468879,781.1337829282562
4836,Coast,firewood,689.415992568493,746.2928119553937
4837,Coast,firewood,1336.600513312963,1446.8700556612823
4838,Coast,firewood,182.8751591574341,197.96235978792242
4839,Coast,firewood,451.0306844458263,488.24071591260696
4840,Coast,LPG,711.6320902930365,770.3417377422121
4841,Coast,LPG,-108.7301000171696,-117.70033326858609
4842,Coast,LPG,364.5231424434914,394.59630169507943
4843,Coast,firewood,374.85454270004294,405.7800424727965
4844,Coast,charcoal,546.8622161588123,591.9783489919143
4845,Coast,electricity,431.4934927678039,467.0917059211477
4846,Coast,firewood,518.0133438659738,560.7494447349166
4847,Coast,charcoal,829.7923900862858,898.2502622684043
4848,Coast,charcoal,41.94398232696341,45.40436086893789
4849,Coast,LPG,603.2319841342594,652.9986228253358
4850,Coast,charcoal,1005.4661653564503,1088.4171239983575
4851,Coast,LPG,943.5050269113533,1021.34419163154
4852,Coast,LPG,473.13744565213364,512.1712849184347
4853,Coast,firewood,467.2291470335664,505.77555166383564
4854,Coast,LPG,-166.1023432030471,-179.8057865172985
4855,Coast,firewood,929.0684686252677,1005.7166172868523
4856,Coast,charcoal,429.86309364787695,465.3267988738268
4857,Coast,charcoal,509.7517758710954,551.8062973804608
4858,Coast,charcoal,395.2978408837699,427.9099127566809
4859,Coast,electricity,371.118526826439,401.7358052896202
4860,Coast,charcoal,416.9488007992973,451.34707686523933
4861,Coast,firewood,-249.57621611710147,-270.16625394676237
4862,Coast,LPG,43.53975934352826,47.13178948936934
4863,Coast,LPG,285.7640513941917,309.33958563421254
4864,Coast,firewood,707.4966951384132,765.8651724873323
4865,Coast,LPG,271.06259872869407,293.42526312381136
4866,Coast,LPG,104.13332087115248,112.72431984302256
4867,Coast,charcoal,-93.16642315752341,-100.8526530680191
4868,Coast,firewood,-171.23347024579425,-185.36023154107227
4869,Coast,firewood,-74.37501180520957,-80.51095027913935
4870,Coast,electricity,358.5548594100286,388.13563531135594
4871,Coast,electricity,-511.1341140986011,-553.3026785117357
4872,Coast,electricity,564.4260985193882,610.9912516472377
4873,Coast,charcoal,519.8521031697513,562.7399016812558
4874,Coast,firewood,411.9202298293768,445.9036487903004
4875,Coast,charcoal,-262.5619763009013,-284.22333934572566
4876,Coast,electricity,229.73230013316464,248.68521489415073
4877,Coast,firewood,515.1995666953617,557.7035309477291
4878,Coast,electricity,902.4601137260086,976.9130731084043
4879,Coast,electricity,326.41644606693154,353.3458028674534
4880,Coast,electricity,473.3847531890526,512.4389953271494
4881,Coast,electricity,93.88133871334571,101.62654915719673
4882,Coast,firewood,471.12136941703125,509.9888823939363
4883,Coast,electricity,322.3762537590264,348.97229469414606
4884,Coast,electricity,103.65062762216212,112.2018044009905
4885,Coast,firewood,478.0494499882102,517.4885296122376
4886,Coast,LPG,-10.835119740527091,-11.729017119120575
4887,Coast,firewood,586.8024081154609,635.2136067849865
4888,Coast,charcoal,-114.58874816793559,-124.04231989179029
4889,Coast,charcoal,199.21939516670648,215.65499526795978
4890,Coast,electricity,354.20684936863603,383.4289144415485
4891,Coast,firewood,268.62026636008386,290.7814383347908
4892,Coast,charcoal,297.69983421996704,322.26007054311435
4893,Coast,LPG,865.0516894750444,936.4184538567356
4894,Coast,firewood,358.45948920047385,388.03239705951296
4895,Coast,firewood,203.91767661050804,220.74088493087496
4896,Coast,charcoal,653.0890954712603,706.9689458476392
4897,Coast,LPG,612.3750839021824,662.8960283241124
4898,Coast,firewood,14.96492463386818,16.199530916162303
4899,Coast,firewood,675.7020452174575,731.4474639478977
4900,Coast,LPG,613.2062896721748,663.7958085701292
4901,Coast,electricity,402.9944564532739,436.24149911066905
4902,Coast,electricity,796.8911402451695,862.634659315396
4903,Coast,LPG,426.24851266612785,461.4140149610834
4904,Coast,LPG,766.2967259097493,829.5162057973037
4905,Coast,electricity,99.4118817689722,107.6133620149124
4906,Coast,LPG,322.3324528620943,348.92488022321714
4907,Coast,firewood,717.7656632315495,776.9813304481523
4908,Coast,electricity,59.22709819447351,64.11333379551758
4909,Coast,charcoal,448.7462272586717,485.76779100751213
4910,Coast,LPG,1204.8792597577544,1304.2817986877692
4911,Coast,firewood,157.7165965138224,170.72821572621274
4912,Coast,LPG,192.86186054454285,208.77296403946764
4913,Coast,LPG,629.583474245852,681.5241108711348
4914,Coast,LPG,-106.76017478774077,-115.56788920772938
4915,Coast,firewood,173.2251234048062,187.51619608570272
4916,Coast,electricity,653.2900318360057,707.1864594624761
4917,Coast,LPG,1150.3889455861722,1245.2960335970315
4918,Coast,firewood,265.20148288282,287.08060522065267
4919,Coast,electricity,587.2970779259751,635.7490868548681
4920,Coast,firewood,784.8085843103038,849.5552925159038
4921,Coast,firewood,513.5047308476115,555.8688711425395
4922,Coast,LPG,1039.7142403036112,1125.4906651286592
4923,Coast,firewood,423.5755416211478,458.5205238048925
4924,Coast,charcoal,352.0645657749596,381.10989245139376
4925,Coast,firewood,60.98683300574481,66.01824672871876
4926,Coast,firewood,568.8667058639286,615.7982090977027
4927,Coast,charcoal,282.8618540824277,306.197957044228
4928,Coast,electricity,13.382562782810737,14.486624212392623
4929,Coast,electricity,590.028616286233,638.7059771298473
4930,Coast,LPG,384.64375250660817,416.37686208840336
4931,Coast,firewood,408.0394356557489,441.7026890973482
4932,Coast,charcoal,614.3999552898031,665.0879516012118
4933,Coast,firewood,182.34709109653454,197.39072611199865
4934,Coast,firewood,542.2575210243831,586.9937665088947
4935,Coast,electricity,407.61982899866024,441.2484648910497
4936,Coast,charcoal,281.30105886585636,304.5083962222895
4937,Coast,firewood,-124.9296556885688,-135.23635228287574
4938,Coast,firewood,24.35201901200338,26.36106058049366
4939,Coast,LPG,939.9209063419515,1017.4643811151626
4940,Coast,LPG,499.97618431338464,541.2242195192389
4941,Coast,firewood,217.71742397569255,235.6791114536872
4942,Coast,charcoal,202.18056507333847,218.8604616918889
4943,Coast,LPG,513.7191168932607,556.1009440369547
4944,Coast,LPG,57.77897493853226,62.54574037096117
4945,Coast,electricity,890.7629472316655,964.250890378278
4946,Coast,electricity,63.90585853510015,69.17809186424591
4947,Coast,charcoal,723.1019906458994,782.7579048741861
4948,Coast,electricity,486.1659130803079,526.2746009094333
4949,Coast,firewood,64.90082550090068,70.25514360472499
4950,Coast,LPG,360.299814927987,390.0245496595459
4951,Coast,electricity,370.1981783744908,400.7395280903863
4952,Coast,charcoal,424.2467050571771,459.2470582243942
4953,Coast,firewood,-46.438664298053766,-50.2698541026432
4954,Coast,electricity,609.4313083278098,659.7093912648542
4955,Coast,charcoal,285.0324354780002,308.5476114049352
4956,Coast,firewood,412.25258210374375,446.2634201273026
4957,Coast,firewood,598.3681079163337,647.7334768194312
4958,Coast,charcoal,830.3099706852963,898.8105432668333
4959,Coast,electricity,493.04533156025246,533.7215714139733
4960,Coast,firewood,908.6128890293855,983.5734523743099
4961,Coast,firewood,62.33028852334826,67.47253732652449
4962,Coast,firewood,660.6923395448415,715.1994575572909
4963,Coast,charcoal,576.4195111032784,623.9741207692989
4964,Coast,firewood,424.2377137791638,459.2373251659448
4965,Coast,charcoal,907.428017568165,982.2908290175387
4966,Coast,firewood,437.80479613019855,473.92369181093994
4967,Coast,electricity,131.3810939937199,142.22003424820178
4968,Coast,electricity,456.49977618846657,494.16100772401506
4969,Coast,LPG,513.1230420547623,555.4556930242802
4970,Coast,firewood,451.289666957313,488.5210644812913
4971,Coast,LPG,805.3486609634247,871.7899254929072
4972,Coast,firewood,607.9520799980396,658.1081265978779
4973,Coast,charcoal,794.4245145766225,859.9645370291939
4974,Coast,firewood,571.0045453623222,618.1124203547138
4975,Coast,firewood,764.262664345882,827.3143341544172
4976,Coast,firewood,429.697025463745,465.14703006450395
4977,Coast,LPG,1322.699813154086,1431.8225477392982
4978,Coast,charcoal,218.01858622848414,236.0051195923341
4979,Coast,firewood,441.5395945565627,477.96661110747914
4980,Coast,charcoal,143.91991370019855,155.79330658046493
4981,Coast,LPG,1264.045018139004,1368.328732135472
4982,Coast,electricity,197.2070650402892,213.47664790611304
4983,Coast,firewood,-144.72463790040547,-156.66442052718892
4984,Coast,firewood,-115.40562730724662,-124.92659156009447
4985,Coast,firewood,20.74350527838078,22.454844463847195
4986,Coast,electricity,-126.81302082962645,-137.27509504807063
4987,Coast,firewood,423.5350404943295,458.4766813351117
4988,Coast,electricity,219.7474607468875,237.87662625850572
4989,Coast,LPG,320.1172666827008,346.5269411840236
4990,Coast,LPG,359.7103067715346,389.3864070801862
4991,Coast,electricity,-97.81102590361866,-105.8804355406672
4992,Coast,LPG,663.0401403791711,717.7409519604528
4993,Coast,charcoal,724.7239741632081,784.5137020316728
4994,Coast,electricity,279.06490935529405,302.0877643771058
4995,Coast,charcoal,730.8281539010393,791.121476597875
4996,Coast,electricity,268.61964778162746,290.78076872361174
4997,Coast,electricity,857.1333396193098,927.8468401379029
4998,Coast,electricity,175.87235528336964,190.38182459424763
4999,Coast,firewood,255.9137615471692,277.02664687481064
5000,Coast,LPG,110.36931025676762,119.47477835295095
5001,Coast,charcoal,569.0282276729184,615.9730564559342
5002,Coast,firewood,668.3585421349326,723.4981218610645
5003,Coast,LPG,344.5083891084897,372.9303312099401
5004,Coast,firewood,358.3783877678634,387.9446047587121
5005,Coast,charcoal,123.53014575056488,133.7213827749865
5006,Coast,LPG,833.2312471330204,901.9728250214946
5007,Coast,LPG,567.2209026967009,614.0166271691787
5008,Coast,electricity,601.8343735581201,651.485709376665
5009,Coast,electricity,939.8437937774809,1017.3809067641231
5010,Coast,electricity,605.5503361276883,655.5082388582226
5011,Coast,charcoal,69.98317444570426,75.75678633747486
5012,Coast,LPG,386.062291184132,417.9124302068229
5013,Coast,LPG,418.98291084871903,453.54900099373833
5014,Coast,electricity,487.21313279912397,527.4082162550517
5015,Coast,firewood,22.154951553084743,23.982735056214235
5016,Coast,charcoal,123.47695754704608,133.66380654467739
5017,Coast,firewood,592.6981970122647,641.5957982657766
5018,Coast,charcoal,847.1229373723978,917.0105797056207
5019,Coast,electricity,145.64635373881882,157.66217792227138
5020,Coast,charcoal,332.65415293769,360.09812055504943
5021,Coast,firewood,450.5305003629044,487.699266642844
5022,Coast,firewood,251.68385865937256,272.4477769987708
5023,Coast,firewood,103.30968766459148,111.83273689692028
5024,Coast,firewood,670.3577930573656,725.6623109845983
5025,Coast,LPG,698.2880142305596,755.8967754045808
5026,Coast,electricity,625.8206721448163,677.4508775967637
5027,Coast,LPG,121.07480666796164,131.06347821806847
5028,Coast,electricity,-36.059741277320654,-39.03466993269961
5029,Coast,charcoal,35.01251747881605,37.90105017081837
5030,Coast,electricity,110.66227537243543,119.79191309066135
5031,Coast,electricity,904.730029620629,979.3702570643309
5032,Coast,charcoal,1.8932253104064216,2.0494163985149516
5033,Coast,electricity,343.71687586696646,372.0735181259912
5034,Coast,electricity,1251.0556400781556,1354.2677303846035
5035,Coast,firewood,415.6412345976643,449.93163645197166
5036,Coast,electricity,248.57336134862032,269.0806636598815
5037,Coast,firewood,460.66651062487136,498.67149775142326
5038,Coast,charcoal,189.02772089055557,204.6225078640264
5039,Coast,LPG,445.04942969751323,481.76600764755807
5040,Coast,firewood,943.2400174605273,1021.0573189010208
5041,Coast,charcoal,222.7044733103682,241.0775923584736
5042,Coast,charcoal,212.18609541167513,229.69144828313833
5043,Coast,charcoal,118.22885660440284,127.98273727426607
5044,Coast,firewood,322.8832902050683,349.52116164698646
5045,Coast,LPG,160.8707793577736,174.14261865478994
5046,Coast,electricity,-24.748629894070802,-26.790391860331646
5047,Coast,electricity,323.12076837982056,349.7782317711558
5048,Coast,LPG,555.8997659418555,601.7614966320587
5049,Coast,LPG,312.20724846140126,337.96434645946687
5050,Coast,LPG,617.7397198787028,668.7032467686957
5051,Coast,firewood,290.41077223784043,314.36966094746225
5052,Coast,firewood,592.3953698563962,641.2679878695488
5053,Coast,electricity,321.7831880529349,348.33030106730206
5054,Coast,firewood,567.1289544392259,613.9170931804621
5055,Coast,charcoal,227.20416838943936,245.9485122815681
5056,Coast,firewood,371.49799692852196,402.14658167512505
5057,Coast,LPG,952.4821919985337,1031.0619728384127
5058,Coast,electricity,943.2850413361446,1021.1060572463765
5059,Coast,electricity,625.9007213886682,677.5375309032333
5060,Coast,LPG,490.37518324634016,530.8311358641632
5061,Coast,LPG,-227.51908216362392,-246.2894064421229
5062,Coast,charcoal,540.0776421887638,584.6340476693368
5063,Coast,electricity,298.4946961847726,323.1205086200163
5064,Coast,charcoal,344.88825128099694,373.3415320116792
5065,Coast,electricity,95.87153886106842,103.78094081710657
5066,Coast,firewood,810.9559999936089,877.8598699930816
5067,Coast,firewood,275.3570930476032,298.0740532240305
5068,Coast,LPG,-127.33161966189596,-137.83647828400237
5069,Coast,LPG,113.72929861718899,123.11196575310709
5070,Coast,electricity,-112.9990208855254,-122.32144010858124
5071,Coast,electricity,207.9096039516769,225.06214627769026
5072,Coast,electricity,952.7814935377219,1031.385966754584
5073,Coast,electricity,617.1809969655662,668.0984292152255
5074,Coast,electricity,41.66976074914817,45.10751601095289
5075,Coast,firewood,345.75455684464725,374.2793077843307
5076,Coast,firewood,427.03094161934587,462.2609943029419
5077,Coast,firewood,25.59006444325098,27.701244759819186
5078,Coast,electricity,448.7026554324572,485.72062450563493
5079,Coast,firewood,492.62579254422917,533.267420429128
5080,Coast,electricity,482.55507422548993,522.3658678490929
5081,Coast,charcoal,14.162959451244603,15.331403605972284
5082,Coast,charcoal,357.19422441602046,386.66274793034216
5083,Coast,LPG,514.7501814693735,557.2170714405968
5084,Coast,firewood,674.9625828390131,730.6469959232317
5085,Coast,charcoal,561.650847726893,607.9870426643616
5086,Coast,charcoal,524.8041905484514,568.1005362686986
5087,Coast,LPG,254.73636676372954,275.7521170217372
5088,Coast,firewood,401.5406416966673,434.66774463664234
5089,Coast,electricity,141.23656673986528,152.88858349590416
5090,Coast,LPG,390.31566465246095,422.51670698628897
5091,Coast,charcoal,675.6641016379019,731.4063900230288
5092,Coast,charcoal,-54.74169280394756,-59.25788246027323
5093,Coast,firewood,476.38453996388955,515.6862645109104
5094,Coast,firewood,-96.3502085489659,-104.29910075425558
5095,Coast,firewood,296.0338322724319,320.4566234349075
5096,Coast,firewood,15.356262403148719,16.623154051408488
5097,Coast,charcoal,698.2771496886833,755.8850145379996
5098,Coast,LPG,429.09840317086,464.499021432456
5099,Coast,charcoal,212.49076541439194,230.02125356107928
5100,Coast,firewood,298.3481702971509,322.9618943466658
5101,Coast,firewood,262.36891652830974,284.0143521418953
5102,Coast,firewood,938.6019800782356,1016.03664343469
5103,Coast,charcoal,609.2274668979434,659.4887329170238
5104,Coast,charcoal,347.6539270669288,376.33537604995047
5105,Coast,firewood,-4.869360761328437,-5.271083024138033
5106,Coast,firewood,613.6597134336098,664.2866397918826
5107,Coast,charcoal,1079.1325833399367,1168.1610214654816
5108,Coast,electricity,347.2726153325913,375.92260609753004
5109,Coast,LPG,193.22140118174076,209.16216677923438
5110,Coast,LPG,385.72479488877235,417.5470904670961
5111,Coast,firewood,277.32109675322585,300.200087235367
5112,Coast,LPG,354.12957622380196,383.3452662622656
5113,Coast,electricity,907.6630023128589,982.5452000036698
5114,Coast,electricity,1122.0864763440632,1214.6586106424484
5115,Coast,electricity,910.8736258252338,986.0206999558156
5116,Coast,charcoal,-88.76134249001063,-96.08415324543651
5117,Coast,firewood,202.36255528180627,219.05746609255527
5118,Coast,charcoal,885.1195790165243,958.1419442853876
5119,Coast,LPG,55.74056241180551,60.339158810779466
5120,Coast,charcoal,-6.487735540811457,-7.022973722928402
5121,Coast,LPG,972.2971032456898,1052.5116142634593
5122,Coast,charcoal,498.45445487421307,539.5769474013357
5123,Coast,firewood,658.356698482278,712.671126107066
5124,Coast,LPG,213.81320684823788,231.4527964132175
5125,Coast,electricity,88.60209464160624,95.91176744953876
5126,Coast,electricity,292.1278177872408,316.2283627546882
5127,Coast,firewood,237.70207778613258,257.3124992034885
5128,Coast,electricity,518.0340220406318,560.771828858984
5129,Coast,LPG,709.8623681693145,768.426013543283
5130,Coast,charcoal,423.6559472252295,458.60756287131096
5131,Coast,LPG,331.1230623263839,358.44071496831054
5132,Coast,LPG,-112.53294954922853,-121.81691788703989
5133,Coast,firewood,255.37555301750564,276.4440361414499
5134,Coast,LPG,118.6747006837914,128.4653634902042
5135,Coast,firewood,167.88255285536673,181.73286346593449
5136,Coast,firewood,633.7722387587811,686.0584484563806
5137,Coast,electricity,516.4365073107731,559.0425191639118
5138,Coast,firewood,798.4568673969627,864.3295589572122
5139,Coast,electricity,163.29811350524022,176.77020786942253
5140,Coast,electricity,-153.57943539945666,-166.24973881991184
5141,Coast,firewood,-361.7457963558793,-391.5898245552393
5142,Coast,charcoal,565.5371717459645,612.1939884150066
5143,Coast,LPG,515.3777244901469,557.896386760584
5144,Coast,charcoal,391.6156837530226,423.92397766264696
5145,Coast,LPG,113.22413243390247,122.56512335969943
5146,Coast,firewood,257.94595841672066,279.2264999861001
5147,Coast,charcoal,509.9036585610436,551.9707103923297
5148,Coast,electricity,161.66630413117278,175.00377422199455
5149,Coast,charcoal,140.93059969645452,152.55737417141202
5150,Coast,LPG,345.62221980010827,374.1360529336172
5151,Coast,charcoal,471.88226991145785,510.81255717915315
5152,Coast,electricity,-209.22340769224843,-226.48433882685893
5153,Coast,charcoal,361.0133418574027,390.7969425606384
5154,Coast,firewood,-79.63785306556304,-86.207975943472
5155,Coast,LPG,355.4563840818807,384.7815357686358
5156,Coast,electricity,404.08221584888713,437.41899865642034
5157,Coast,firewood,1321.946598662088,1431.0071930517104
5158,Coast,LPG,472.20488029515707,511.1617829195075
5159,Coast,electricity,350.94324187337924,379.896059327933
5160,Coast,charcoal,488.7817445138652,529.1062384362591
5161,Coast,firewood,-295.73308720364525,-320.13106689794597
5162,Coast,electricity,480.71144119075643,520.3701350889938
5163,Coast,LPG,652.8679667368343,706.7295739926232
5164,Coast,firewood,642.3733335330625,695.3691335495402
5165,Coast,electricity,658.3746186257987,712.690524662427
5166,Coast,LPG,-285.34667628126067,-308.8877770744647
5167,Coast,charcoal,476.1929072326707,515.4788220793661
5168,Coast,LPG,69.18381113303815,74.89147555151379
5169,Coast,electricity,16.496242404092186,17.857182402429792
5170,Coast,electricity,373.2058670759829,403.9953511097515
5171,Coast,electricity,167.57424014199185,181.39911495370617
5172,Coast,LPG,548.1715239500043,593.3956746758796
5173,Coast,charcoal,-159.4066837957207,-172.55773520886768
5174,Coast,LPG,6.447293226487602,6.97919491767283
5175,Coast,charcoal,341.6603816137922,369.84736309693005
5176,Coast,LPG,412.6413762106765,446.6842897480573
5177,Coast,LPG,520.1270084958636,563.0374866967724
5178,Coast,electricity,369.766366877441,400.27209214482986
5179,Coast,charcoal,163.4305483439165,176.91356858228963
5180,Coast,firewood,883.7250629729367,956.632380668204
5181,Coast,LPG,120.76125227904373,130.72405559206484
5182,Coast,firewood,257.79961692939185,279.0680853260667
5183,Coast,firewood,504.2504119994508,545.8510709894056
5184,Coast,electricity,760.271113806019,822.9934806950156
5185,Coast,charcoal,56.478072974745714,61.13751399516224
5186,Coast,LPG,627.9017254993129,679.7036178530062
5187,Coast,LPG,650.2003166277577,703.8418427495477
5188,Coast,electricity,589.1408903130359,637.7450137638614
5189,Coast,charcoal,478.99407995967283,518.5110915563458
5190,Coast,charcoal,139.31626255754475,150.8098542185422
5191,Coast,electricity,-38.08530592130319,-41.2273436598107
5192,Coast,firewood,189.57468392030617,205.21459534373145
5193,Coast,electricity,42.269248801921435,45.756461828079956
5194,Coast,electricity,428.4936882825899,463.8444175659036
5195,Coast,charcoal,473.4146147290413,512.4713204441872
5196,Coast,firewood,588.9390013974033,637.5264690126891
5197,Coast,LPG,394.441878972404,426.98333398762736
5198,Coast,charcoal,892.4936353315458,966.1243602463983
5199,Coast,electricity,-24.775206053002535,-26.819160552375244
5200,Coast,charcoal,153.83610337167073,166.52758189983356
5201,Coast,electricity,186.2115993074018,201.57405625026246
5202,Coast,firewood,532.2922270343157,576.2063357646467
5203,Coast,charcoal,285.5254862722676,309.0813388897297
5204,Coast,firewood,-330.39914602138685,-357.6570755681513
5205,Coast,charcoal,707.8965697984826,766.2980368068575
5206,Coast,electricity,400.74636053557873,433.80793527976397
5207,Coast,LPG,932.0540324391135,1008.9484901153404
5208,Coast,LPG,581.783424275116,629.7805567778131
5209,Coast,electricity,-60.58339261221761,-65.58152250272556
5210,Coast,firewood,641.9116781532101,694.86939160085
5211,Coast,firewood,860.1118950367407,931.0711263772719
5212,Coast,electricity,243.30280731639152,263.3752889199938
5213,Coast,charcoal,513.2301541972412,555.5716419185136
5214,Coast,charcoal,-111.70721106707384,-120.92305598010743
5215,Coast,LPG,105.42576884157086,114.12339477100045
5216,Coast,LPG,450.0839083387238,487.2158307766685
5217,Coast,LPG,332.78525112947796,360.2400343476599
5218,Coast,firewood,-346.8828011641991,-375.50063226024554
5219,Coast,charcoal,185.05702047416918,200.32422466328813
5220,Coast,firewood,735.6786193840265,796.3721054832088
5221,Coast,firewood,532.1575566094025,576.0605550296782
5222,Coast,charcoal,139.15357887502438,150.6337491322139
5223,Coast,LPG,448.39390749967487,485.3864048683981
5224,Coast,electricity,547.865806200678,593.0647352122339
5225,Coast,firewood,1031.0935872220532,1116.1588081678726
5226,Coast,electricity,483.4015747947386,523.2822047153046
5227,Coast,electricity,-195.3485322187688,-211.46478612681724
5228,Coast,firewood,189.9153178054876,205.58333152444033
5229,Coast,charcoal,-139.64233710813926,-151.16282991956075
5230,Coast,firewood,418.34205316802957,452.855272554392
5231,Coast,LPG,83.23171313986836,90.0983294739075
5232,Coast,LPG,242.94675817108373,262.98986572019817
5233,Coast,firewood,-141.80511741812506,-153.5040396051204
5234,Coast,electricity,353.34738706509717,382.4985464979677
5235,Coast,charcoal,524.202315581542,567.4490066170193
5236,Coast,charcoal,530.4839721178647,574.2488998175886
5237,Coast,firewood,440.78107504239443,477.14551373339197
5238,Coast,electricity,713.5950700297758,772.4666633072324
5239,Coast,charcoal,-281.3697821349982,-304.58278916113557
5240,Coast,electricity,651.759844227758,705.530031376548
5241,Coast,electricity,170.20987207808756,184.25218652452978
5242,Coast,charcoal,437.91343170778134,474.0412898236733
5243,Coast,firewood,168.9741492517472,182.91451656501636
5244,Coast,firewood,373.25629399539986,404.0499382500204
5245,Coast,LPG,242.0147547411805,261.98097200732786
5246,Coast,firewood,224.9114694124244,243.46666563894942
5247,Coast,firewood,473.1644848677928,512.2005548693857
5248,Coast,firewood,407.55618102493986,441.1795659594974
5249,Coast,electricity,661.252251780741,715.8055625526521
5250,Coast,LPG,653.7977607689213,707.7360760323573
5251,Coast,LPG,362.0501201102505,391.91925501934617
5252,Coast,firewood,590.951644958857,639.7051556679627
5253,Coast,LPG,-56.37895633323666,-61.03022023072868
5254,Coast,electricity,307.772623155917,333.16386456628015
5255,Coast,charcoal,-245.65461378713587,-265.9211194245746
5256,Coast,electricity,83.66775916511136,90.57034929623305
5257,Coast,firewood,457.432696375794,495.17089382679706
5258,Coast,firewood,357.164249183872,386.6302997415415
5259,Coast,charcoal,314.23681673563516,340.16135411632507
5260,Coast,charcoal,482.70605685861744,522.5293065494534
5261,Coast,firewood,767.0678591549357,830.350957535218
5262,Coast,firewood,1074.8228829053774,1163.495770745071
5263,Coast,LPG,660.9595152774386,715.4886752878274
5264,Coast,charcoal,712.3170995651415,771.0832602792657
5265,Coast,firewood,915.5600689820652,991.0937746730856
5266,Coast,charcoal,543.2313855532187,588.0479748613593
5267,Coast,charcoal,842.7724147464862,912.3011389630714
5268,Coast,firewood,146.5203106459708,158.6082362742634
5269,Coast,firewood,660.0219247547083,714.4737335469717
5270,Coast,firewood,107.56810558138972,116.44247429185437
5271,Coast,charcoal,503.4416059463922,544.9755384369696
5272,Coast,electricity,437.8530673922355,473.97594545209495
5273,Coast,electricity,43.01766473426602,46.56662207484297
5274,Coast,electricity,-125.53918084929512,-135.89616326936198
5275,Coast,firewood,93.58812218116793,101.30914226111429
5276,Coast,firewood,362.7117201612739,392.635437074579
5277,Coast,charcoal,115.17493612227048,124.6768683523578
5278,Coast,firewood,649.0752543722728,702.6239628579852
5279,Coast,electricity,253.21085127048207,274.10074650029685
5280,Coast,LPG,-274.37248628575276,-297.00821640432736
5281,Coast,electricity,36.30158229085316,39.29646282984855
5282,Coast,electricity,-203.29533386774244,-220.06719891183118
5283,Coast,firewood,566.4951788312895,613.2310310848709
5284,Coast,charcoal,1038.3454998201594,1124.0090035553226
5285,Coast,firewood,624.0309153462058,675.5134658622678
5286,Coast,firewood,766.8041675047994,830.0655113239453
5287,Coast,firewood,278.6797889815348,301.67087157251143
5288,Coast,charcoal,-144.55447578393444,-156.48022003610902
5289,Coast,electricity,760.7541471409409,823.5163642800685
5290,Coast,charcoal,153.1882329495989,165.8262621679408
5291,Coast,electricity,670.9992845110107,726.3567254831692
5292,Coast,LPG,51.35103523081523,55.587495637357485
5293,Coast,LPG,61.18536426310499,66.23315681481115
5294,Coast,electricity,-25.47704414050844,-27.578900282100385
5295,Coast,charcoal,611.7907580640253,662.2634956043074
5296,Coast,LPG,223.62006291795979,242.06871810869148
5297,Coast,electricity,781.5831955355852,846.063809167271
5298,Coast,charcoal,468.32446153807723,506.9612296149686
5299,Coast,electricity,483.2716906773909,523.1416051582756
5300,Coast,LPG,608.3264551601577,658.5133877108707
5301,Coast,firewood,-67.36106868109505,-72.9183568472854
5302,Coast,electricity,-149.944804046258,-162.3152503800743
5303,Coast,firewood,357.0136900029457,386.4673194281887
5304,Coast,electricity,639.5636204760792,692.3276191653557
5305,Coast,firewood,511.06244157984287,553.2250930101799
5306,Coast,LPG,644.9238210799465,698.1300363190421
5307,Coast,electricity,962.6279850930658,1042.0447938632437
5308,Coast,LPG,152.5663927237422,165.15312012345095
5309,Coast,LPG,716.0422079780907,775.1156901362832
5310,Coast,electricity,413.60224825068434,447.7244337313658
5311,Coast,electricity,186.02325518392422,201.37017373659796
5312,Coast,firewood,425.4336980147291,460.53197810094423
5313,Coast,electricity,820.1195770986726,887.7794422093131
5314,Coast,charcoal,682.9706506951679,739.3157293775193
5315,Coast,electricity,768.2790180622683,831.6620370524055
5316,Coast,charcoal,52.46755527519372,56.7961285853972
5317,Coast,electricity,524.3122193759459,567.5679774744615
5318,Coast,firewood,-305.16153833344754,-330.33736524595696
5319,Coast,firewood,393.5843362427032,426.05504398272626
5320,Coast,electricity,201.82790817415267,218.47871059852028
5321,Coast,LPG,466.38821475071353,504.8652424676474
5322,Coast,firewood,449.5184104840273,486.6036793489596
5323,Coast,LPG,62.563591555038386,67.72508785832905
5324,Coast,firewood,633.0062588125081,685.22927516454
5325,Coast,charcoal,556.2317407654605,602.1208593786109
5326,Coast,firewood,531.364518157284,575.20209090526
5327,Coast,charcoal,510.83037245402835,552.9738781814857
5328,Coast,electricity,-72.34348958128521,-78.31182747174124
5329,Coast,LPG,625.9672854923028,677.6095865454179
5330,Coast,electricity,772.0748809893648,835.7710586709875
5331,Coast,LPG,527.3984311570786,570.9088017275376
5332,Coast,LPG,507.6371252549346,549.5171880884667
5333,Coast,charcoal,228.11318070375486,246.93251811181463
5334,Coast,LPG,203.9710586708326,220.7986710111763
5335,Coast,electricity,963.1964539647034,1042.6601614167914
5336,Coast,firewood,0.13992264335126947,0.15146626142774922
5337,Coast,charcoal,634.2170149906913,686.5399187274234
5338,Coast,charcoal,161.49574845176687,174.81914769903764
5339,Coast,LPG,733.0230705466378,793.4974738667354
5340,Coast,charcoal,176.17548855355147,190.70996635921946
5341,Coast,charcoal,363.56173194152296,393.5555748266986
5342,Coast,firewood,830.2736657029102,898.7712431234003
5343,Coast,electricity,435.0026785680681,470.89039954993376
5344,Coast,charcoal,160.78754173785413,174.05251393122708
5345,Coast,electricity,-0.7134754971721122,-0.7723372256888115
5346,Coast,charcoal,311.7221217808767,337.43919682779904
5347,Coast,LPG,781.0808388357048,845.5200080396504
5348,Coast,charcoal,-112.05627810673673,-121.30092105054251
5349,Coast,LPG,961.7266517937493,1041.0691005667336
5350,Coast,electricity,686.3529225091777,742.9770386161848
5351,Coast,firewood,285.1888583167566,308.716939127889
5352,Coast,charcoal,880.8051337530692,953.4715572876975
5353,Coast,firewood,702.7834472103923,760.7630816052497
5354,Coast,electricity,716.1324941067394,775.2134248705454
5355,Coast,electricity,158.9829913332516,172.09908811824485
5356,Coast,LPG,466.6591615441359,505.1585423715271
5357,Coast,LPG,147.31160307783733,159.4648103317589
5358,Coast,charcoal,428.2803976804347,463.61353048907057
5359,Coast,electricity,78.50734822654175,84.98420445523145
5360,Coast,electricity,224.36583863099116,242.87602031804795
5361,Coast,LPG,488.4169436421333,528.7113414926093
5362,Coast,electricity,694.8302186475742,752.153711685999
5363,Coast,electricity,204.1494272868547,220.99175503802022
5364,Coast,electricity,485.99889232660695,526.0938009435521
5365,Coast,electricity,733.645372472392,794.1711157013643
5366,Coast,charcoal,344.61239978961686,373.0429227722603
5367,Coast,LPG,365.15588251435815,395.2812428217927
5368,Coast,LPG,273.29101895797317,295.837528022006
5369,Coast,electricity,-396.0095370132111,-428.68032381680104
5370,Coast,firewood,787.2548083303388,852.2033300175918
5371,Coast,firewood,742.0651285808989,803.285501688823
5372,Coast,charcoal,271.63083832319876,294.0403824848627
5373,Coast,charcoal,720.4581258338314,779.8959212151226
5374,Coast,electricity,351.8176595081736,380.8426164175979
5375,Coast,electricity,992.1220854233018,1073.9721574707241
5376,Coast,charcoal,260.8860646293866,282.40916496131103
5377,Coast,charcoal,390.1242832233282,422.3095365892528
5378,Coast,firewood,589.1613081523057,637.7671160748708
5379,Coast,charcoal,353.88098624067004,383.0761676055253
5380,Coast,electricity,217.04529806428235,234.95153515458566
5381,Coast,electricity,396.98880922666814,429.74038598786825
5382,Coast,electricity,418.1304093853714,452.6261681596646
5383,Coast,electricity,227.65097995868493,246.43218580527645
5384,Coast,LPG,398.09261468720086,430.9352553988949
5385,Coast,electricity,386.0203839979028,417.8670656777298
5386,Coast,charcoal,333.70821285027137,361.23914041041877
5387,Coast,charcoal,945.512444577053,1023.5172212546598
5388,Coast,LPG,557.8452813843653,603.8675170985755
5389,Coast,electricity,591.885897832447,640.7164844036239
5390,Coast,charcoal,371.3928531583313,402.0327635438937
5391,Coast,firewood,893.1426635710416,966.8269333156525
5392,Coast,charcoal,262.2017579343757,283.8334029639617
5393,Coast,electricity,361.45041165610405,391.27007061773264
5394,Coast,firewood,291.0272918486779,315.03704342619386
5395,Coast,electricity,658.838798753985,713.1929996511888
5396,Coast,firewood,67.38261759159423,72.94168354290075
5397,Coast,electricity,35.52566783177787,38.45653542789954
5398,Coast,LPG,369.7271124646896,400.2295992430265
5399,Coast,LPG,141.6735803428054,153.36165072108685
5400,Coast,electricity,29.91295511753293,32.380773914729396
5401,Coast,charcoal,713.2928283488943,772.1394866876781
5402,Coast,charcoal,408.4151884839351,442.10944153385975
5403,Coast,firewood,268.2808180901772,290.4139855826168
5404,Coast,electricity,689.0280726823369,745.8728886786297
5405,Coast,electricity,184.23670235838122,199.43623030294768
5406,Coast,LPG,470.726762549913,509.56172046028087
5407,Coast,electricity,636.0424094413036,688.5159082202111
5408,Coast,firewood,244.6689568395519,264.85414577881494
5409,Coast,electricity,518.4024209859507,561.1706207172916
5410,Coast,firewood,748.2451200352991,809.9753424382113
5411,Coast,LPG,729.522183724988,789.7077638822996
5412,Coast,electricity,479.0407630287691,518.5616259786426
5413,Coast,firewood,301.79822112464547,326.6965743674287
5414,Coast,electricity,920.7812596610204,996.7457135830546
5415,Coast,electricity,-90.48511215933718,-97.9501339124825
5416,Coast,firewood,979.2195052712528,1060.0051144561312
5417,Coast,LPG,359.00317904426896,388.62094131542113
5418,Coast,charcoal,216.04532993592017,233.86906965563358
5419,Coast,charcoal,-51.885711097981016,-56.16628226356445
5420,Coast,electricity,211.06917142949484,228.48237807242816
5421,Coast,firewood,546.4771970295203,591.5615657844558
5422,Coast,LPG,204.95498438029307,221.86377059166725
5423,Coast,electricity,785.5239227182708,850.3296463425281
5424,Coast,LPG,-87.04734802199926,-94.2287542338142
5425,Coast,charcoal,191.446742388753,207.24109863582513
5426,Coast,firewood,456.1769955015581,493.81159763043667
5427,Coast,charcoal,119.69980265059365,129.57503636926762
5428,Coast,charcoal,1189.1968612470582,1287.3056022999406
5429,Coast,LPG,611.3606901580783,661.7979470961199
5430,Coast,LPG,140.9750268817836,152.60546659953076
5431,Coast,firewood,603.1566794669307,652.9171055229524
5432,Coast,LPG,513.2538684500596,555.5973125971896
5433,Coast,firewood,637.6790944856072,690.2876197806697
5434,Coast,firewood,534.4166093378066,578.5059796081756
5435,Coast,LPG,202.1792682878354,218.85905792158184
5436,Coast,LPG,722.4224484364636,782.0223004324719
5437,Coast,firewood,-184.89760581530732,-200.15165829507018
5438,Coast,charcoal,598.7463858548668,648.1429626878934
5439,Coast,firewood,87.00455903828725,94.18243515894595
5440,Coast,firewood,722.8074203229221,782.4390324995632
5441,Coast,LPG,852.7055868841737,923.0537978021181
5442,Coast,electricity,622.564869747015,673.9264715011437
5443,Coast,electricity,466.32468883599245,504.7964756649618
5444,Coast,firewood,517.8229912005013,560.5433879745426
5445,Coast,firewood,184.89573387068774,200.14963191501948
5446,Coast,charcoal,809.7392610848599,876.5427501243609
5447,Coast,LPG,218.6476457295782,236.68607650226838
5448,Coast,LPG,511.9796432126466,554.2179637776899
5449,Coast,electricity,535.7379840229148,579.9363677048053
5450,Coast,firewood,-265.4412194661778,-287.3401200721375
5451,Coast,LPG,141.11018025893543,152.75177013029761
5452,Coast,charcoal,-252.08365756984267,-272.8805593193547
5453,Coast,charcoal,585.7636536587618,634.0891550856096
5454,Coast,LPG,833.8627406887588,902.6564167955814
5455,Coast,LPG,401.8295970113657,434.9805387648034
5456,Coast,electricity,123.94071936878709,134.165828716712
5457,Coast,LPG,801.9441785402732,868.1045732698458
5458,Coast,electricity,766.2241986899213,829.4376950818398
5459,Coast,LPG,612.6799915830677,663.2260908886708
5460,Coast,firewood,532.5173273311451,576.4500068359646
5461,Coast,firewood,582.8121935910352,630.8941995622956
5462,Coast,charcoal,422.2336629868738,457.0679401832909
5463,Coast,firewood,184.19871767425735,199.3951118823836
5464,Coast,LPG,732.9535868132477,793.4222577253407
5465,Coast,firewood,238.6148650864184,258.3005914560479
5466,Coast,electricity,743.411153645837,804.7425738216185
5467,Coast,LPG,432.89163324418314,468.60519298682823
5468,Coast,LPG,183.7167740374659,198.87340789555685
5469,Coast,LPG,-34.53984615981136,-37.3893834679958
5470,Coast,LPG,358.822617989198,388.4254839733069
5471,Coast,LPG,718.2818966289069,777.5401531007917
5472,Coast,electricity,371.74370944290524,402.41256547194496
5473,Coast,firewood,388.6021171571377,420.6617918226016
5474,Coast,electricity,628.7112773953121,680.5799577804254
5475,Coast,charcoal,178.9046368549949,193.66426939553196
5476,Coast,firewood,-430.93614194915233,-466.4883736599574
5477,Coast,electricity,172.2850475101543,186.49856392974203
5478,Coast,LPG,750.3616213847155,812.2664551489545
5479,Coast,firewood,348.1766858493491,376.90126243192043
5480,Coast,firewood,764.312872890757,827.3686849042446
5481,Coast,charcoal,131.41113232171904,142.25255073826085
5482,Coast,firewood,275.7844739890793,298.5366930931783
5483,Coast,charcoal,704.4382470926621,762.5544024778068
5484,Coast,electricity,220.32160138987118,238.49813350453556
5485,Coast,charcoal,639.8872265089971,692.6779226959893
5486,Coast,electricity,316.72835424814446,342.8584434736164
5487,Coast,firewood,559.2542071919113,605.392679285244
5488,Coast,LPG,929.8119121625623,1006.5213949159737
5489,Coast,charcoal,559.1488815928636,605.2786643242749
5490,Coast,electricity,743.4758722239417,804.8126316824168
5491,Coast,charcoal,565.4521248343881,612.1019251332251
5492,Coast,electricity,474.2943899709155,513.4236771435161
5493,Coast,firewood,538.4192256244403,582.8388117384566
5494,Coast,firewood,585.8241833135226,634.1546784368882
5495,Coast,LPG,159.78840432112415,172.9709476776169
5496,Coast,charcoal,-36.62763351005253,-39.64941327463187
5497,Coast,firewood,-79.91311037223767,-86.50594197794727
5498,Coast,firewood,161.9979727151613,175.3628054641621
5499,Coast,LPG,384.4775351391506,416.1969317881305
5500,Coast,firewood,845.4215938116133,915.1688753010715
5501,Coast,charcoal,395.11403857676,427.7109467593427
5502,Coast,electricity,387.5745567183179,419.5494576475792
5503,Coast,electricity,276.9962495314441,299.84844011778824
5504,Coast,LPG,547.8727123638262,593.0722111338418
5505,Coast,LPG,372.5991006412274,403.33852644412866
5506,Coast,LPG,230.30579142240944,249.30601921475824
5507,Coast,firewood,503.6926437028335,545.2472868083173
5508,Coast,charcoal,295.3177799691463,319.6814968166008
5509,Coast,LPG,-67.60944974864498,-73.18722935290819
5510,Coast,electricity,839.1645776676996,908.3956553252849
5511,Coast,firewood,-61.710644806748576,-66.80177300330533
5512,Coast,charcoal,194.83118398707003,210.90475666600332
5513,Coast,electricity,364.69691227469394,394.7844075373562
5514,Coast,charcoal,94.51043507276631,102.30754596626953
5515,Coast,firewood,688.0819719539402,744.8487346401403
5516,Coast,electricity,434.7965821077235,470.6673001316107
5517,Coast,electricity,-216.1952445799451,-234.03135225779056
5518,Coast,electricity,491.62299773956636,532.1818950530806
5519,Coast,firewood,59.51307356731979,64.42290213662368
5520,Coast,firewood,-9.93134414561439,-10.750680037627577
5521,Coast,charcoal,446.47225217229305,483.30621297650725
5522,Coast,charcoal,-407.03855229451983,-440.6192328588177
5523,Coast,charcoal,114.46697474382802,123.91050016019383
5524,Coast,LPG,407.0347120599816,440.6150758049301
5525,Coast,LPG,488.6951347156401,529.0124833296804
5526,Coast,electricity,794.8231010078239,860.3960068409693
5527,Coast,electricity,810.2777060714957,877.1256168223941
5528,Coast,LPG,312.10435669415745,337.8529661214254
5529,Coast,electricity,579.583572203422,627.3992169102044
5530,Coast,LPG,488.39417457992346,528.6866939827671
5531,Coast,LPG,439.4487248991477,475.70324470332736
5532,Coast,electricity,405.07828313114516,438.4972414894646
5533,Coast,LPG,456.3213696272245,493.96788262147055
5534,Coast,LPG,1059.0498013842857,1146.4214099984893
5535,Coast,electricity,148.95810814678848,161.24715206889852
5536,Coast,LPG,514.7141699766021,557.1780889996718
5537,Coast,firewood,655.0855753940332,709.1301353640409
5538,Coast,firewood,-28.36308258931598,-30.70303690293455
5539,Coast,firewood,58.157011257587214,62.95496468633816
5540,Coast,electricity,814.8551130309928,882.0806598560497
5541,Coast,electricity,566.8985010179426,613.6676273519229
5542,Coast,LPG,98.24846100006062,106.35395903256561
5543,Coast,charcoal,778.7574768197646,843.0049686573952
5544,Coast,electricity,333.12880814358516,360.61193481543097
5545,Coast,charcoal,-31.709860510991064,-34.325924003147826
5546,Coast,LPG,184.5973096856646,199.82658773473196
5547,Coast,firewood,498.6315839972516,539.7686896770249
5548,Coast,LPG,425.3585150034816,460.4505924912689
5549,Coast,charcoal,28.35562608439568,30.694965236358325
5550,Coast,electricity,727.5701837100689,787.5947238661496
5551,Coast,LPG,177.95436769355894,192.63560302827756
5552,Coast,LPG,612.2283927232094,662.7372351228742
5553,Coast,electricity,1115.1484023811881,1207.1481455776361
5554,Coast,firewood,487.7746223981249,528.0160287459702
5555,Coast,firewood,324.49477934893235,351.26559864521926
5556,Coast,charcoal,234.5482571549469,253.89848837023
5557,Coast,firewood,289.39780941723296,313.2731286941547
5558,Coast,firewood,494.9493252829954,535.7826446188425
5559,Coast,firewood,209.46362109994294,226.74436984068825
5560,Coast,charcoal,243.50548917114725,263.5946920277669
5561,Coast,charcoal,703.811603782001,761.8760610940161
5562,Coast,charcoal,-68.62583046030784,-74.28746147328323
5563,Coast,firewood,-290.3051489953592,-314.25532378747636
5564,Coast,charcoal,-185.36851055974205,-200.66141268092076
5565,Coast,LPG,907.0424758125437,981.8734800670785
5566,Coast,LPG,227.03551134017184,245.76594102573603
5567,Coast,charcoal,563.6915039214116,610.1960529949281
5568,Coast,LPG,275.26755619675873,297.9771295829913
5569,Coast,firewood,912.4831365205597,987.7629952835059
5570,Coast,electricity,1004.1717732927852,1087.01594458944
5571,Coast,electricity,581.9717690914301,629.9844400414731
5572,Coast,firewood,562.2423780671761,608.6273742577181
5573,Coast,electricity,252.51061763940587,273.34274359465684
5574,Coast,charcoal,484.18160149359915,524.1265836168211
5575,Coast,LPG,-642.7073905063071,-695.7307502230774
5576,Coast,firewood,175.6118760223278,190.09985579416986
5577,Coast,LPG,800.2976148892908,866.3221681176573
5578,Coast,firewood,623.1907753618736,674.6040143292282
5579,Coast,firewood,367.3432766137124,397.6490969343437
5580,Coast,firewood,238.3168909197212,257.9780344205982
5581,Coast,charcoal,1046.2087921431748,1132.5210174949868
5582,Coast,LPG,601.5987360774409,651.2306318038297
5583,Coast,firewood,389.8659853395003,422.02992913000907
5584,Coast,electricity,52.54485999095186,56.879810940205395
5585,Coast,electricity,368.0582402887761,398.42304511260016
5586,Coast,firewood,176.3367773541492,190.88456148586653
5587,Coast,charcoal,387.0537589983606,418.9856941157253
5588,Coast,firewood,456.6738664053581,494.3494603838002
5589,Coast,LPG,301.4197156719746,326.2868422149125
5590,Coast,LPG,100.43860421829504,108.72478906630438
5591,Coast,electricity,493.11543809871404,533.797461741858
5592,Coast,firewood,341.0061400686728,369.1391466243383
5593,Coast,electricity,376.33804679560563,407.38593565624313
5594,Coast,LPG,305.10052853634454,330.271322140593
5595,Coast,LPG,228.13977830470145,246.9613100148393
5596,Coast,electricity,208.64260221631454,225.8556168991605
5597,Coast,firewood,443.6846426193712,480.2886256354693
5598,Coast,firewood,462.48149215822497,500.63621526127855
5599,Coast,electricity,605.6004599655288,655.5624979126849
5600,Coast,firewood,421.7978569885721,456.5961801901293
5601,Coast,electricity,809.7422549212902,876.5459909522966
5602,Coast,firewood,382.9906080598404,414.58733322477724
5603,Coast,electricity,455.06207140755197,492.604692298675
5604,Coast,electricity,430.599961492611,466.1244583157514
5605,Coast,charcoal,291.5993726400269,315.6563208828291
5606,Coast,charcoal,68.6306659700108,74.29269591253669
5607,Coast,electricity,108.14385146096993,117.06571920649995
5608,Coast,electricity,778.8567400130719,843.1124210641503
5609,Coast,electricity,179.85824279702666,194.69654782778136
5610,Coast,electricity,166.88242520327083,180.65022528254067
5611,Coast,firewood,830.704385943593,899.2374977839395
5612,Coast,firewood,205.9464598288783,222.93704276476075
5613,Coast,electricity,434.15655773639156,469.9744737496439
5614,Coast,firewood,445.58986361189324,482.3510273598744
5615,Coast,LPG,-152.740417604708,-165.34150205709642
5616,Coast,firewood,319.8445499206744,346.23172528913005
5617,Coast,electricity,359.19008533848626,388.8232673789114
5618,Coast,electricity,496.19780946922845,537.1341287504398
5619,Coast,electricity,713.7488390968973,772.6331183223914
5620,Coast,electricity,929.147875866565,1005.8025756255565
5621,Coast,electricity,397.9396825859157,430.7697063992538
5622,Coast,firewood,334.0896398936718,361.6520351848997
5623,Coast,LPG,712.7573549624409,771.5598367468423
5624,Coast,charcoal,180.21684138013998,195.08473079400153
5625,Coast,electricity,162.43433028787473,175.8351625366244
5626,Coast,charcoal,51.20205523463284,55.42622479149005
5627,Coast,firewood,304.47756272684506,329.5969616518098
5628,Coast,charcoal,224.0589059496762,242.54376569052448
5629,Coast,electricity,394.77344808217276,427.34225754895203
5630,Coast,charcoal,295.84722217274447,320.2546180019959
5631,Coast,charcoal,845.7120687119079,915.4833143806403
5632,Coast,charcoal,535.1325275822221,579.2809611077554
5633,Coast,LPG,790.777170287312,856.0162868360152
5634,Coast,LPG,410.08374656047187,443.9156556517108
5635,Coast,LPG,594.1600986254498,643.1783067620494
5636,Coast,electricity,962.4236395499938,1041.8235898128682
5637,Coast,LPG,611.5454106107223,661.997906986107
5638,Coast,firewood,-76.05885902508919,-82.33371489465905
5639,Coast,electricity,539.0761383615152,583.5499197763402
5640,Coast,LPG,1138.13661190312,1232.0328823851273
5641,Coast,LPG,420.3150227159419,454.99101209000713
5642,Coast,firewood,458.6623517405065,496.5019957590983
5643,Coast,firewood,-100.96795205433085,-109.29780809881315
5644,Coast,firewood,130.63790277001306,141.41552974853914
5645,Coast,LPG,356.05188579156413,385.42616636936816
5646,Coast,charcoal,702.1744745364837,760.1038686857436
5647,Coast,firewood,697.2640530092758,754.788337382541
5648,Coast,charcoal,598.8923606595553,648.3009804139685
5649,Coast,LPG,122.17874238220094,132.25848862873252
5650,Coast,charcoal,865.3215852953872,936.7106160822567
5651,Coast,electricity,193.89132210316527,209.8873561766764
5652,Coast,LPG,386.90224670125906,418.82168205411296
5653,Coast,firewood,333.2964980152741,360.7934591015342
5654,Coast,LPG,292.8708074277231,317.03264904051025
5655,Coast,LPG,532.0141060333412,575.9052697810919
5656,Coast,electricity,214.07341987720102,231.7344770170701
5657,Coast,LPG,508.9269578360827,550.9134318575595
5658,Coast,firewood,1045.7560784743969,1132.0309549485346
5659,Coast,charcoal,540.7711941037662,585.3848176173269
5660,Coast,electricity,227.71004258426743,246.49612109746948
5661,Coast,electricity,384.619103091096,416.35017909611145
5662,Coast,firewood,1129.4208429132345,1222.5980624535764
5663,Coast,charcoal,297.2941386259396,321.8209050625796
5664,Coast,charcoal,550.9670585750048,596.4218409074427
5665,Coast,charcoal,667.5814011367763,722.6568667305604
5666,Coast,LPG,-583.0236377149926,-631.1230878264795
5667,Coast,LPG,357.31589231909845,386.7944534354241
5668,Coast,LPG,412.1171100044999,446.11677157987117
5669,Coast,firewood,800.4615051972444,866.4995793760171
5670,Coast,charcoal,175.96402850261566,190.48106085408145
5671,Coast,charcoal,575.5930375956625,623.0794631973047
5672,Coast,electricity,292.0791677719782,316.1756991131664
5673,Coast,electricity,277.3477391192982,300.2289275966403
5674,Coast,electricity,404.9142530409157,438.31967891679125
5675,Coast,charcoal,247.54818264349947,267.9709077115882
5676,Coast,charcoal,599.5468808926701,649.0094985663153
5677,Coast,firewood,779.2742913798713,843.5644204187107
5678,Coast,LPG,423.9454391567864,458.92093788722127
5679,Coast,LPG,37.321001666564314,40.39998430405587
5680,Coast,charcoal,428.91522864782826,464.30073501127407
5681,Coast,charcoal,338.9389703742364,366.90143543011095
5682,Coast,electricity,505.2553860647163,546.9389554150554
5683,Coast,charcoal,584.081169965548,632.2678664877058
5684,Coast,charcoal,600.1629250215788,649.676366335859
5685,Coast,LPG,425.8528411967436,460.98570059547495
5686,Coast,charcoal,-0.020396880735006562,-0.022079623395644603
5687,Coast,charcoal,698.7922193648022,756.4425774623984
5688,Coast,firewood,-137.6060209941711,-148.95851772619022
5689,Coast,charcoal,347.82595148113757,376.5215924783314
5690,Coast,charcoal,727.8693593300484,787.9185814747774
5691,Coast,charcoal,613.1152997223072,663.6973119493975
5692,Coast,LPG,235.79166218922353,255.24447431983447
5693,Coast,charcoal,258.58149651285225,279.91446997516255
5694,Coast,LPG,394.1188543810465,426.63365986748283
5695,Coast,LPG,500.2738130542674,541.5464026312445
5696,Coast,LPG,589.5483830191139,638.1861246181908
5697,Coast,LPG,468.18257552893397,506.807638010071
5698,Coast,electricity,434.4498258373689,470.29193646895186
5699,Coast,LPG,483.58864115401536,523.4847040492216
5700,Coast,LPG,378.2846394232736,409.49312217569366
5701,Coast,electricity,467.7827783771092,506.3748575932207
5702,Coast,firewood,586.3555742940192,634.7299091732758
5703,Coast,firewood,506.5259009349785,548.3142877621142
5704,Coast,firewood,482.9953955675095,522.842515701829
5705,Coast,electricity,-147.91240110567776,-160.11517419689616
5706,Coast,charcoal,296.3320002994499,320.7793903241545
5707,Coast,firewood,343.386362067553,371.71573693812616
5708,Coast,charcoal,59.99996519713983,64.94996232590387
5709,Coast,firewood,715.5467988438388,774.5794097484555
5710,Coast,firewood,714.412139992457,773.3511415418347
5711,Coast,LPG,388.1568364535507,420.17977546096864
5712,Coast,electricity,368.51973449359247,398.92261258931387
5713,Coast,electricity,144.95618074918042,156.9150656609878
5714,Coast,electricity,291.33438795459796,315.3694749608523
5715,Coast,firewood,-139.15838345281168,-150.63895008766863
5716,Coast,electricity,764.077925054281,827.1143538712591
5717,Coast,firewood,287.64798800369084,311.37894701399534
5718,Coast,firewood,346.2368081866261,374.80134486202275
5719,Coast,firewood,-16.714845913847,-18.09382070173938
5720,Coast,LPG,234.1869856853376,253.50741200437795
5721,Coast,charcoal,896.5684130197058,970.5353070938315
5722,Coast,firewood,-68.8272493628271,-74.50549743526034
5723,Coast,electricity,604.5480142506544,654.4232254263335
5724,Coast,electricity,177.3291863661707,191.95884424137978
5725,Coast,firewood,553.9152863304548,599.6132974527173
5726,Coast,firewood,197.11220589586722,213.37396288227626
5727,Coast,charcoal,-90.16656120219574,-97.60530250137688
5728,Coast,LPG,358.62799869878666,388.21480859143657
5729,Coast,firewood,181.48570768547825,196.4582785695302
5730,Coast,charcoal,397.4845077837856,430.2769796759479
5731,Coast,firewood,-269.7830765679058,-292.04018038475806
5732,Coast,electricity,774.9238474693889,838.8550648856135
5733,Coast,electricity,957.6994243577261,1036.7096268672385
5734,Coast,LPG,15.145943309498989,16.395483632532656
5735,Coast,charcoal,350.7316516018863,379.66701285904196
5736,Coast,LPG,308.8644398622258,334.3457561508595
5737,Coast,LPG,196.97370338798393,213.22403391749262
5738,Coast,LPG,150.11187120459846,162.49610057897783
5739,Coast,firewood,194.80177647417906,210.87292303329883
5740,Coast,firewood,828.4856442631159,896.8357099148229
5741,Coast,charcoal,387.24002863409345,419.18733099640616
5742,Coast,charcoal,546.1006283704246,591.1539302109846
5743,Coast,firewood,375.5786694921728,406.5639097252771
5744,Coast,LPG,102.89862069238524,111.38775689950702
5745,Coast,electricity,675.1335231490395,730.8320388088354
5746,Coast,firewood,145.77019780071686,157.796239119276
5747,Coast,LPG,-8.85068359463645,-9.580864991193957
5748,Coast,firewood,146.66942944358019,158.76965737267554
5749,Coast,LPG,519.4562134413126,562.3113510502209
5750,Coast,electricity,-50.87037359502301,-55.06717941661241
5751,Coast,charcoal,444.58855494295767,481.2671107257517
5752,Coast,charcoal,322.9529352111483,349.59655236606807
5753,Coast,LPG,-124.86278539021112,-135.16396518490353
5754,Coast,LPG,-258.2369120891831,-279.5414573365407
5755,Coast,firewood,951.4153388034825,1029.9071042547698
5756,Coast,firewood,372.3876557701782,403.1096373712179
5757,Coast,LPG,536.1746754356091,580.4090861590469
5758,Coast,firewood,6.918840304337095,7.489644629444906
5759,Coast,LPG,191.08686158815559,206.85152766917844
5760,Coast,charcoal,363.93206674830606,393.9564622550413
5761,Coast,charcoal,423.9621441732906,458.9390210675871
5762,Coast,electricity,530.6675654527874,574.4476396026423
5763,Coast,electricity,505.70825602569596,547.4291871478159
5764,Coast,firewood,275.9105309940164,298.67314980102276
5765,Coast,electricity,483.03170866660537,522.8818246316004
5766,Coast,firewood,-483.8534802513692,-523.7713923721071
5767,Coast,electricity,141.873427751414,153.57798554090564
5768,Coast,firewood,258.1810084476831,279.48094164461696
5769,Coast,LPG,415.8040677383432,450.1079033267565
5770,Coast,electricity,438.70772234791605,474.90110944161916
5771,Coast,LPG,-142.63461592751503,-154.40197174153502
5772,Coast,LPG,513.9558684523605,556.3572275996803
5773,Coast,electricity,471.40009159486374,510.29059915144
5774,Coast,firewood,300.2893391508377,325.0632096307818
5775,Coast,charcoal,439.2566742366701,475.4953498611954
5776,Coast,electricity,683.6059008722639,740.0033876942257
5777,Coast,firewood,581.2200473438063,629.1707012496703
5778,Coast,LPG,384.64825261644563,416.3817334573024
5779,Coast,firewood,1363.4466390133375,1475.930986731938
5780,Coast,LPG,573.138496920573,620.4224229165202
5781,Coast,electricity,656.532569914708,710.6965069326715
5782,Coast,electricity,271.4290454696231,293.82194172086696
5783,Coast,electricity,823.7634585720293,891.7239439042218
5784,Coast,LPG,57.430130258183226,62.168116004483345
5785,Coast,LPG,816.9344126349183,884.3315016772991
5786,Coast,LPG,605.8001736161268,655.7786879394573
5787,Coast,firewood,-86.92240686299499,-94.09350542919208
5788,Coast,firewood,464.2101942867855,502.5075353154453
5789,Coast,firewood,-320.4405445485402,-346.87688947379473
5790,Coast,charcoal,780.8842142811905,845.3071619593886
5791,Coast,firewood,490.6223156010111,531.0986566380946
5792,Coast,LPG,594.1140777761748,643.1284891927093
5793,Coast,electricity,-49.45764977705164,-53.537905883658404
5794,Coast,electricity,485.8422713829548,525.9242587720486
5795,Coast,LPG,557.9794765874863,604.0127834059539
5796,Coast,electricity,358.1328585910625,387.6788194248251
5797,Coast,firewood,194.4392453159377,210.48048305450257
5798,Coast,firewood,839.2925991698958,908.5342386014122
5799,Coast,electricity,483.4407172134653,523.3245763835762
5800,Coast,firewood,509.18597809434067,551.1938212871238
5801,Coast,firewood,217.21509030626822,235.13533525653534
5802,Coast,charcoal,503.4172681956127,544.9491928217508
5803,Coast,electricity,580.1166634101173,627.976288141452
5804,Coast,firewood,172.04990933477845,186.24402685489767
5805,Coast,LPG,138.88996593844524,150.348388128367
5806,Coast,firewood,561.5423179007631,607.869559127576
5807,Coast,charcoal,177.87689618221566,192.55174011724844
5808,Coast,electricity,468.1751303115297,506.7995785622309
5809,Coast,firewood,439.58421449585006,475.8499121917577
5810,Coast,charcoal,680.9010823405176,737.0754216336104
5811,Coast,electricity,784.4564176905636,849.1740721500352
5812,Coast,electricity,288.27755590580693,312.06045426803604
5813,Coast,firewood,299.3337765170895,324.0288130797494
5814,Coast,LPG,115.98064063495542,125.54904348733925
5815,Coast,electricity,198.2104424929739,214.56280399864426
5816,Coast,firewood,353.111989160597,382.24372826634624
5817,Coast,electricity,630.3628374298266,682.3677715177873
5818,Coast,firewood,983.3726294680562,1064.5008713991708
5819,Coast,electricity,223.12903784861905,241.53718347113013
5820,Coast,LPG,357.3075317400338,386.7854031085866
5821,Coast,charcoal,519.3953976633793,562.2455179706081
5822,Coast,LPG,-147.57959036519605,-159.75490657032472
5823,Coast,firewood,1060.016448926592,1147.4678059630357
5824,Coast,electricity,948.9840765773909,1027.2752628950257
5825,Coast,charcoal,579.4258538933085,627.2284868395064
5826,Coast,LPG,677.6314063475072,733.5359973711766
5827,Coast,charcoal,432.75697399128296,468.45942434556383
5828,Coast,charcoal,682.7961697514135,739.1268537559051
5829,Coast,firewood,221.01148487555835,239.2449323777919
5830,Coast,firewood,410.1565267093424,443.99444016286316
5831,Coast,LPG,703.9761892298352,762.0542248412966
5832,Coast,firewood,465.6831241616058,504.10198190493827
5833,Coast,electricity,434.6126463276293,470.4681896496587
5834,Coast,LPG,298.17362339491217,322.7729473249924
5835,Coast,LPG,273.93473133124667,296.5343466660745
5836,Coast,LPG,391.61128233430105,423.9192131268809
5837,Coast,LPG,587.7127542715934,636.1990564989999
5838,Coast,charcoal,573.399287986394,620.7047292452716
5839,Coast,electricity,476.2814961613649,515.5747195946775
5840,Coast,firewood,28.119333889593747,30.43917893548523
5841,Coast,electricity,452.3764703349291,489.69752913756076
5842,Coast,firewood,187.53683698871825,203.0086260402875
5843,Coast,LPG,365.29866802398135,395.4358081359598
5844,Coast,firewood,490.8726542710846,531.3696482484492
5845,Coast,electricity,718.585410713443,777.868707097302
5846,Coast,LPG,-8.113784170015379,-8.783171364041648
5847,Coast,firewood,232.05158617750962,251.19584203715416
5848,Coast,LPG,609.6190096816838,659.9125779804227
5849,Coast,charcoal,934.6065558158338,1011.71159667064
5850,Coast,charcoal,654.9592569874904,708.9933956889585
5851,Coast,electricity,227.78618312841016,246.578543236504
5852,Coast,electricity,587.6672481156307,636.1497960851702
5853,Coast,LPG,144.8225102463081,156.7703673416285
5854,Coast,LPG,1211.8516506371036,1311.8294118146646
5855,Coast,LPG,372.62398027030633,403.3654586426066
5856,Coast,charcoal,60.719616667649404,65.72898504273049
5857,Coast,charcoal,595.3605925939762,644.4778414829792
5858,Coast,LPG,-14.217213351674957,-15.390133453188142
5859,Coast,LPG,846.4358469335568,916.2668043055753
5860,Coast,charcoal,307.184086169342,332.5267732783127
5861,Coast,charcoal,1258.970437677321,1362.8354987856999
5862,Coast,firewood,381.5656915869096,413.0448611428297
5863,Coast,electricity,670.7964264115169,726.1371315904671
5864,Coast,LPG,607.5169107927984,657.6370559332042
5865,Coast,firewood,475.9723297120816,515.2400469133283
5866,Coast,LPG,913.9342949814461,989.3338743174154
5867,Coast,electricity,-243.77694886655115,-263.88854714804165
5868,Coast,firewood,331.8105103877404,359.184877494729
5869,Coast,firewood,1019.5552627104674,1103.668571884081
5870,Coast,charcoal,148.00731747607256,160.21792116784854
5871,Coast,LPG,819.7763912214663,887.4079434972373
5872,Coast,charcoal,215.82385647044924,233.6293246292613
5873,Coast,electricity,520.1704471627503,563.0845090536772
5874,Coast,charcoal,476.79341963902107,516.1288767592404
5875,Coast,electricity,-17.103617868203912,-18.514666342330734
5876,Coast,firewood,120.23740227817797,130.15698796612764
5877,Coast,firewood,497.64494756026613,538.7006557339881
5878,Coast,firewood,450.68947495508996,487.8713566388849
5879,Coast,charcoal,673.1589596230745,728.6945737919781
5880,Coast,firewood,544.224258779717,589.1227601290437
5881,Coast,electricity,238.83842423531445,258.5425942347279
5882,Coast,LPG,194.16547549888892,210.18412722754726
5883,Coast,LPG,943.239597476745,1021.0568642685764
5884,Coast,LPG,657.0814588890796,711.2906792474287
5885,Coast,LPG,148.7882832290719,161.06331659547035
5886,Coast,electricity,693.5642936301751,750.7833478546646
5887,Coast,electricity,303.47426436233945,328.51089117223245
5888,Coast,firewood,409.3819995675626,443.1560145318865
5889,Coast,electricity,-50.76948018221054,-54.957962297242915
5890,Coast,charcoal,583.5080286554332,631.6474410195065
5891,Coast,electricity,386.37416284354583,418.25003127813835
5892,Coast,charcoal,843.0159011356283,912.5647129793176
5893,Coast,firewood,-80.50647550742667,-87.14825973678937
5894,Coast,firewood,217.87169525709166,235.84611011580174
5895,Coast,charcoal,508.0645262856506,549.9798497042168
5896,Coast,firewood,1072.2795135214042,1160.74257338692
5897,Coast,LPG,471.1729859622985,510.0447573041882
5898,Coast,LPG,57.96544940270098,62.74759897842382
5899,Coast,charcoal,99.42346849395767,107.62590464470918
5900,Coast,electricity,-102.43457045909628,-110.88542252197172
5901,Coast,firewood,283.67456046769394,307.0777117062787
5902,Coast,firewood,694.8501639163703,752.1753024394709
5903,Coast,LPG,823.5704720448855,891.5150359885886
5904,Coast,charcoal,451.1176730173795,488.33488104131334
5905,Coast,charcoal,186.27346948374088,201.64103071614952
5906,Coast,firewood,358.5795532885619,388.16236643486826
5907,Coast,charcoal,650.0932623265966,703.7259564685409
5908,Coast,electricity,845.7989467164002,915.5773598205033
5909,Coast,electricity,782.5376537748216,847.0970102112444
5910,Coast,charcoal,441.59967333667936,478.0316463869554
5911,Coast,LPG,428.626058046431,463.9877078352616
5912,Coast,charcoal,821.5841310164925,889.3648218253531
5913,Coast,charcoal,126.74560406606327,137.20211640151348
5914,Coast,LPG,341.43999758174994,369.6087973822443
5915,Coast,electricity,856.5164053804024,927.1790088242856
5916,Coast,firewood,96.04105482486949,103.96444184792122
5917,Coast,firewood,263.9284130763517,285.7025071551507
5918,Coast,electricity,1028.4896977829112,1113.3400978500015
5919,Coast,charcoal,789.7617154647468,854.9170569905884
5920,Coast,charcoal,697.5667819796282,755.1160414929476
5921,Coast,charcoal,560.6772132828747,606.9330833787119
5922,Coast,LPG,269.4691466558613,291.70035125496986
5923,Coast,firewood,244.26074412896244,264.41225551960184
5924,Coast,firewood,588.3613825210596,636.901196579047
5925,Coast,electricity,717.8845468909603,777.1100220094646
5926,Coast,LPG,159.05148354864107,172.17323094140397
5927,Coast,firewood,517.7580565463186,560.4730962113899
5928,Coast,electricity,248.7114831256105,269.23018048347336
5929,Coast,electricity,329.1253168636928,356.27815550494745
5930,Coast,charcoal,355.01799727333537,384.3069820483855
5931,Coast,charcoal,337.5370168471161,365.3838207370032
5932,Coast,LPG,420.83834271477764,455.5575059887468
5933,Coast,electricity,480.3562047193647,519.9855916087123
5934,Coast,charcoal,571.1038590394867,618.2199274102444
5935,Coast,LPG,327.3721250762354,354.38032539502484
5936,Coast,electricity,559.5600575761202,605.7237623261502
5937,Coast,electricity,308.65889478213103,334.12325360165687
5938,Coast,firewood,768.7623698988209,832.1852654154736
5939,Coast,LPG,-100.21724155201645,-108.4851639800578
5940,Coast,electricity,-237.43622839780892,-257.02471724062815
5941,Coast,firewood,-90.90904568685636,-98.40904195602201
5942,Coast,LPG,324.03739197972686,350.77047681805436
5943,Coast,firewood,152.18751297451675,164.74298279491438
5944,Coast,electricity,343.9472383320942,372.32288549449197
5945,Coast,electricity,463.13143906185695,501.33978278446017
5946,Coast,charcoal,466.83443507883095,505.34827597283453
5947,Coast,firewood,362.5989112350646,392.5133214119574
5948,Coast,LPG,557.352085007896,603.3336320210474
5949,Coast,electricity,199.84890901109543,216.3364440045108
5950,Coast,charcoal,841.016328893861,910.4001760276045
5951,Coast,charcoal,434.75474393815864,470.62201031305676
5952,Coast,charcoal,518.6082787895658,561.393461789705
5953,Coast,LPG,212.41493247505463,229.93916440424664
5954,Coast,firewood,427.2145878513122,462.4597913490455
5955,Coast,LPG,8.22966409337289,8.908611381076152
5956,Coast,LPG,397.01201415531546,429.765505323129
5957,Coast,electricity,292.8624815594872,317.0236362881449
5958,Coast,electricity,801.3212133369814,867.4302134372823
5959,Coast,charcoal,486.3699522186367,526.4954732766743
5960,Coast,firewood,780.5211924252051,844.9141908002845
5961,Coast,LPG,-88.92255122051,-96.25866169620208
5962,Coast,charcoal,320.9961950137611,347.4783811023964
5963,Coast,electricity,493.60931951677026,534.3320883769038
5964,Coast,LPG,488.16326743572927,528.4367369991769
5965,Coast,charcoal,855.1557407160578,925.7060893251327
5966,Coast,electricity,697.8349481541112,755.4063313768254
5967,Coast,firewood,468.5109815198616,507.1631374952502
5968,Coast,LPG,180.31465191864854,195.19061070193703
5969,Coast,electricity,242.9369312374335,262.97922806452175
5970,Coast,firewood,512.3459325119952,554.6144719442349
5971,Coast,firewood,323.32373585099145,349.99794405869824
5972,Coast,firewood,820.5896827044203,888.288331527535
5973,Coast,LPG,764.8879122849995,827.991165048512
5974,Coast,electricity,97.46247709137049,105.50313145140855
5975,Coast,electricity,475.6816511572134,514.9253873776836
5976,Coast,LPG,692.1294999309059,749.2301836752057
5977,Coast,electricity,1197.003652496659,1295.7564538276333
5978,Coast,electricity,187.56917189660976,203.04362857808007
5979,Coast,charcoal,68.62725411450259,74.28900257894905
5980,Coast,electricity,221.03528168184553,239.27069242059778
5981,Coast,electricity,338.6987157068533,366.64135975266873
5982,Coast,LPG,-73.65244214019464,-79.72876861676069
5983,Coast,LPG,66.41861285827787,71.8981484190858
5984,Coast,electricity,539.9393144120481,584.4843078510421
5985,Coast,LPG,722.4586858234666,782.0615274039026
5986,Coast,firewood,590.3798712179193,639.0862105933977
5987,Coast,firewood,678.8679714043542,734.8745790452134
5988,Coast,charcoal,0.037540144574848,0.04063720650227296
5989,Coast,firewood,458.645468325713,496.48371946258436
5990,Coast,charcoal,421.26220850362284,456.01634070517173
5991,Coast,electricity,651.5195359966403,705.2698977163632
5992,Coast,electricity,258.02695303074995,279.3141766557868
5993,Coast,charcoal,715.2533002364078,774.2616975059115
5994,Coast,electricity,725.75769646189,785.6327064199959
5995,Coast,firewood,261.426451818207,282.9941340932091
5996,Coast,firewood,270.6618748466957,292.9914795215481
5997,Coast,firewood,22.027176597587413,23.844418666888377
5998,Coast,LPG,298.56362764099725,323.19512692137954
5999,Coast,LPG,395.4317765424615,428.05489810721457
6000,Coast,charcoal,578.956274043588,626.720166652184
6001,Coast,electricity,456.5886948728055,494.257262199812
6002,Coast,firewood,931.4240641181166,1008.2665494078612
6003,Coast,charcoal,279.02609965574595,302.045752877345
6004,Coast,electricity,-204.97740831785336,-221.88804450407628
6005,Coast,firewood,547.5031122418263,592.672119001777
6006,Coast,electricity,790.4335838086193,855.6443544728304
6007,Coast,electricity,131.39954445965122,142.24000687757245
6008,Coast,LPG,582.6625390374096,630.7321985079959
6009,Coast,firewood,680.5241916522268,736.6674374635355
6010,Coast,charcoal,324.4017034731544,351.1648440096896
6011,Coast,LPG,1075.9305053907017,1164.6947720854346
6012,Coast,electricity,536.8570356735828,581.1477411166534
6013,Coast,electricity,474.0761728171242,513.187457074537
6014,Coast,electricity,590.0841736233428,638.7661179472686
6015,Coast,firewood,-185.63733027437456,-200.95241002201047
6016,Coast,electricity,509.56934121345444,551.6088118635645
6017,Coast,electricity,814.6545477389607,881.863547927425
6018,Coast,LPG,122.8452557078408,132.97998930373768
6019,Coast,charcoal,-20.373852446556043,-22.054695273396916
6020,Coast,firewood,671.8986555775132,727.330294662658
6021,Coast,electricity,578.8379634248221,626.5920954073699
6022,Coast,electricity,273.8184819496334,296.40850671047815
6023,Coast,electricity,-159.63621149653648,-172.80619894500074
6024,Coast,firewood,1.5777289028866335,1.7078915373747807
6025,Coast,charcoal,772.6603227229987,836.4047993476461
6026,Coast,firewood,668.3586015495423,723.4981861773796
6027,Coast,charcoal,855.5240899764613,926.1048273995193
6028,Coast,firewood,627.3445485550399,679.1004738108306
6029,Coast,charcoal,621.5082891588014,672.7827230144026
6030,Coast,charcoal,373.2704445630285,404.06525623947834
6031,Coast,LPG,493.6689922290681,534.3966840879663
6032,Coast,charcoal,-84.97064358789925,-91.98072168390094
6033,Coast,firewood,355.13304032009955,384.43151614650776
6034,Coast,electricity,501.9222485556964,543.3308340615414
6035,Coast,charcoal,247.9501533733639,268.4060410266664
6036,Coast,firewood,502.56834647394345,544.0302350580438
6037,Coast,LPG,485.96177452277664,526.0536209209057
6038,Coast,LPG,-88.55626265122544,-95.86215431995154
6039,Coast,charcoal,43.1493977203134,46.70922303223926
6040,Coast,LPG,353.3090710819581,382.45706944621963
6041,Coast,LPG,910.1880997390115,985.2786179674799
6042,Coast,firewood,132.08563371634904,142.98269849794784
6043,Coast,electricity,671.7721112067765,727.1933103813356
6044,Coast,charcoal,532.5187576848384,576.4515551938376
6045,Coast,firewood,581.8271993104718,629.8279432535857
6046,Coast,electricity,441.5617566482688,477.990601571751
6047,Coast,LPG,541.5008209177512,586.1746386434656
6048,Coast,electricity,296.21051373182235,320.64788111469767
6049,Coast,firewood,585.1296729701573,633.4028709901953
6050,Coast,charcoal,491.74906938800746,532.318367612518
6051,Coast,electricity,89.50611888497161,96.89037369298177
6052,Coast,LPG,290.75984886932935,314.74753640104905
6053,Coast,charcoal,690.3150255558592,747.2660151642176
6054,Coast,firewood,205.96754940693904,222.9598722330115
6055,Coast,firewood,262.2062575674681,283.83827381678424
6056,Coast,charcoal,71.82802139799776,77.75383316333257
6057,Coast,charcoal,384.224458849466,415.9229767045469
6058,Coast,electricity,316.7713334309099,342.90496843896
6059,Coast,LPG,287.40910675696983,311.12035806441986
6060,Coast,electricity,526.0468582678867,569.4457240749873
6061,Coast,firewood,541.5534155512479,586.2315723342258
6062,Coast,LPG,467.93688509013344,506.5416781100695
6063,Coast,LPG,793.7814041236243,859.2683699638233
6064,Coast,firewood,705.7020198151841,763.9224364499369
6065,Coast,charcoal,491.9319666926179,532.5163539447589
6066,Coast,LPG,615.7033781188017,666.4989068136028
6067,Coast,electricity,502.0865644888166,543.508706059144
6068,Coast,electricity,760.5828129288941,823.3308949955278
6069,Coast,firewood,321.78924825070965,348.3368612313932
6070,Coast,firewood,532.1370191503522,576.0383232302563
6071,North Eastern,charcoal,88.16691384554832,100.2722311165421
6072,North Eastern,firewood,116.83487450357467,132.87630277291547
6073,North Eastern,charcoal,92.79817905646541,105.53936904091812
6074,North Eastern,firewood,274.6427313852124,312.35117840440205
6075,North Eastern,electricity,390.47150556419643,444.0832432781606
6076,North Eastern,charcoal,558.6547541179722,635.3580518583698
6077,North Eastern,charcoal,272.96101988281686,310.4385679127276
6078,North Eastern,firewood,-382.8522583792858,-435.4178734547617
6079,North Eastern,charcoal,637.1161645675975,724.5922139627286
6080,North Eastern,charcoal,513.7541979814296,584.2926493642798
6081,North Eastern,charcoal,218.23276041944405,248.19611842503372
6082,North Eastern,LPG,615.6630747971581,700.1936149668079
6083,North Eastern,firewood,513.0414403493569,583.4820301093235
6084,North Eastern,LPG,521.5436236106946,593.1515631324429
6085,North Eastern,electricity,648.2100879503988,737.2093330259886
6086,North Eastern,charcoal,95.69439725754711,108.83323800100833
6087,North Eastern,charcoal,1054.4538385930941,1199.2303506319258
6088,North Eastern,firewood,-68.88528409169277,-78.34323359748218
6089,North Eastern,LPG,622.3732346804774,707.8250798021069
6090,North Eastern,charcoal,-316.7455507803978,-360.23471490254644
6091,North Eastern,electricity,1110.11391980923,1262.5325609990373
6092,North Eastern,electricity,429.6304264864934,488.61868404308893
6093,North Eastern,LPG,65.73494544896704,74.7603534591102
6094,North Eastern,firewood,371.58430109739476,422.60282563806703
6095,North Eastern,LPG,657.2602211258998,747.5020494864858
6096,North Eastern,electricity,169.29811146629942,192.54274217062232
6097,North Eastern,electricity,120.2353341757788,136.74364555811323
6098,North Eastern,electricity,187.43928938446342,213.17470381695026
6099,North Eastern,electricity,-268.7670486390483,-305.66876441718966
6100,North Eastern,firewood,-109.90948115716122,-125.00005292003945
6101,North Eastern,charcoal,603.6945885210166,686.5818555249522
6102,North Eastern,firewood,793.1655701603274,902.0672029433404
6103,North Eastern,charcoal,496.49229571881904,564.6606879210128
6104,North Eastern,electricity,248.80362395526043,282.96436152431767
6105,North Eastern,LPG,-61.49063644900781,-69.93330083345658
6106,North Eastern,electricity,729.6010138397332,829.7752330399286
6107,North Eastern,LPG,691.6259362943936,786.5861773476138
6108,North Eastern,firewood,389.7552310319737,443.2686242526637
6109,North Eastern,LPG,408.31799280273566,464.38005321455125
6110,North Eastern,charcoal,251.25018274081415,285.7468328311279
6111,North Eastern,firewood,285.9520742697793,325.21329406702
6112,North Eastern,charcoal,218.46201841801224,248.45685354680532
6113,North Eastern,firewood,525.0803222284759,597.1738504704456
6114,North Eastern,charcoal,944.3261995308974,1073.9821867264895
6115,North Eastern,charcoal,-112.1678832384398,-127.56853360707758
6116,North Eastern,charcoal,516.1771644149779,587.0482890891544
6117,North Eastern,firewood,603.6334542379069,686.5123275047715
6118,North Eastern,LPG,1010.2007548406427,1148.901318480263
6119,North Eastern,electricity,319.4305960823372,363.2884169244421
6120,North Eastern,firewood,745.4318229470944,847.7796122377304
6121,North Eastern,electricity,713.265342326805,811.1966738282754
6122,North Eastern,charcoal,404.42646080419837,459.9542138726148
6123,North Eastern,LPG,944.1028400390564,1073.728159976419
6124,North Eastern,electricity,394.59141743127896,448.76881904459356
6125,North Eastern,charcoal,416.2963743371959,473.4538665336929
6126,North Eastern,electricity,397.8216711120749,452.4425865557628
6127,North Eastern,firewood,302.65662744176217,344.21138238951613
6128,North Eastern,electricity,157.79690331748324,179.4624181429737
6129,North Eastern,charcoal,-0.43250921639008766,-0.4918927318004467
6130,North Eastern,firewood,551.683657395565,627.429823555976
6131,North Eastern,charcoal,398.99231561932595,453.7739605538594
6132,North Eastern,electricity,1153.6627598216417,1312.060656745153
6133,North Eastern,LPG,630.9382824157276,717.566108591407
6134,North Eastern,LPG,889.3730368822576,1011.4839548461915
6135,North Eastern,electricity,389.856328997762,443.3836029691547
6136,North Eastern,firewood,439.1576796197997,499.45402903159817
6137,North Eastern,charcoal,765.2850563011641,870.358694531314
6138,North Eastern,charcoal,707.0878534499411,804.171015728618
6139,North Eastern,firewood,571.0156597622176,649.41610984757
6140,North Eastern,firewood,415.08288875583884,472.0737693820155
6141,North Eastern,charcoal,416.2908108705207,473.4475392030432
6142,North Eastern,charcoal,151.81086322506638,172.654494745868
6143,North Eastern,LPG,928.299650044232,1055.755191995305
6144,North Eastern,charcoal,871.0666187028935,990.6640654508008
6145,North Eastern,charcoal,361.4487385833304,411.07565039082164
6146,North Eastern,electricity,558.923202683058,635.6633584114418
6147,North Eastern,charcoal,319.7408928556642,363.64131744474685
6148,North Eastern,firewood,-242.06079990268734,-275.2957477293263
6149,North Eastern,electricity,-233.82212965766428,-265.9259080596616
6150,North Eastern,electricity,95.18653529354287,108.25564658934631
6151,North Eastern,electricity,660.793732358171,751.5207118109479
6152,North Eastern,charcoal,650.1154808790584,739.376336403753
6153,North Eastern,charcoal,235.85872268659782,268.2421253114677
6154,North Eastern,firewood,-225.15912878722702,-256.07347716971327
6155,North Eastern,charcoal,516.7131559754245,587.6578722908503
6156,North Eastern,charcoal,1082.4238494815804,1231.0406440154013
6157,North Eastern,charcoal,173.80161975318322,197.66458214529527
6158,North Eastern,charcoal,56.043065379545965,63.737778256157625
6159,North Eastern,charcoal,441.1230224156388,501.689213393306
6160,North Eastern,firewood,626.4050056585538,712.4104129354732
6161,North Eastern,LPG,841.0969591620076,956.5795716549512
6162,North Eastern,firewood,403.6725269009388,459.0967648444377
6163,North Eastern,firewood,350.77792694642187,398.9397363161656
6164,North Eastern,firewood,969.8830727478647,1103.0480186361465
6165,North Eastern,LPG,531.0932279577602,604.0123281563606
6166,North Eastern,electricity,229.67308218262596,261.2071963663005
6167,North Eastern,charcoal,413.60974504393266,470.3983630384646
6168,North Eastern,charcoal,510.2802557583624,580.3417348739855
6169,North Eastern,electricity,689.318776370845,783.9622443665619
6170,North Eastern,LPG,153.6904746179243,174.7921767829653
6171,North Eastern,charcoal,627.4583323700498,713.6083614044576
6172,North Eastern,charcoal,259.8668217749465,295.54653640464664
6173,North Eastern,LPG,426.1524330697188,484.6631621301912
6174,North Eastern,firewood,657.0845069947591,747.3022098051395
6175,North Eastern,LPG,408.21624372061797,464.2643339834588
6176,North Eastern,electricity,90.52190953607936,102.95056771538306
6177,North Eastern,electricity,869.6112498632295,989.0088744694509
6178,North Eastern,LPG,837.0612109980298,951.9897152680593
6179,North Eastern,LPG,117.4801216844997,133.6101423917815
6180,North Eastern,LPG,553.3125573932018,629.2823715232884
6181,North Eastern,firewood,141.38689183862238,160.79931208806522
6182,North Eastern,firewood,511.6953685550061,581.9511426576084
6183,North Eastern,firewood,557.7087060928836,634.2821114394366
6184,North Eastern,firewood,29.129256340446545,33.12870323598985
6185,North Eastern,LPG,613.5965821304595,697.8433928569716
6186,North Eastern,electricity,752.8819892413806,856.2526863642221
6187,North Eastern,electricity,484.66523433757135,551.2097710121199
6188,North Eastern,charcoal,342.3810147884185,389.38992811886834
6189,North Eastern,firewood,505.33102095055176,574.7129701270625
6190,North Eastern,LPG,451.6957401450635,513.7135652669807
6191,North Eastern,firewood,395.7826703127502,450.1236309466908
6192,North Eastern,firewood,592.5349500697091,673.8899987142802
6193,North Eastern,firewood,650.3560696803293,739.6499580474384
6194,North Eastern,firewood,322.613302141314,366.90810852531644
6195,North Eastern,firewood,522.841734923641,594.6279051286568
6196,North Eastern,LPG,285.7504813482368,324.9840224373497
6197,North Eastern,electricity,259.8220034264267,295.4955644968751
6198,North Eastern,LPG,606.2547582155437,689.4935365185378
6199,North Eastern,LPG,524.7090266933437,596.7515760583398
6200,North Eastern,firewood,326.7513411451851,371.614300284419
6201,North Eastern,electricity,1022.5448453610793,1162.9402526291556
6202,North Eastern,LPG,239.0798195075262,271.9054787259095
6203,North Eastern,electricity,402.11732949473304,457.32803883435986
6204,North Eastern,charcoal,662.08593690172,752.9903360383261
6205,North Eastern,electricity,-6.379363863039373,-7.255250521434679
6206,North Eastern,firewood,382.90273674305547,435.475282497877
6207,North Eastern,electricity,839.3288914638135,954.5687482617951
6208,North Eastern,charcoal,37.74963928544065,42.93266475933165
6209,North Eastern,LPG,-0.185967406906002,-0.21150073187419607
6210,North Eastern,electricity,587.2548709511465,667.8849647327389
6211,North Eastern,LPG,379.3490899980399,431.4337200547708
6212,North Eastern,charcoal,603.5454146147913,686.4122000414021
6213,North Eastern,charcoal,599.7646322676981,682.112316278053
6214,North Eastern,electricity,560.9616997138022,637.9817410845072
6215,North Eastern,firewood,37.297055574498586,42.41794130487724
6216,North Eastern,firewood,723.454907513239,822.7852663148068
6217,North Eastern,electricity,-281.0971887100826,-319.69183271997696
6218,North Eastern,electricity,235.41932536634832,267.7423987391479
6219,North Eastern,LPG,818.6010785047862,930.9950065834934
6220,North Eastern,firewood,778.3097051867705,885.1716277089141
6221,North Eastern,LPG,-46.71929830486016,-53.13385796211746
6222,North Eastern,LPG,231.2660575240415,263.0188872220924
6223,North Eastern,LPG,563.0142365478627,640.3160912258842
6224,North Eastern,electricity,789.2326281812287,897.5942680305114
6225,North Eastern,electricity,-101.3036381992489,-115.21262772400577
6226,North Eastern,firewood,-63.34927045898752,-72.0471252930065
6227,North Eastern,firewood,-96.82046631185875,-110.11391633647696
6228,North Eastern,LPG,556.2001501753375,632.5664307944113
6229,North Eastern,firewood,663.6685979413228,754.7902964386664
6230,North Eastern,electricity,450.2718689217625,512.0941965247205
6231,North Eastern,charcoal,296.7447411788927,337.48779414275464
6232,North Eastern,LPG,56.61313172019743,64.38611470538054
6233,North Eastern,LPG,307.51966892572506,349.7421194692271
6234,North Eastern,LPG,-50.079375770722436,-56.95527406404263
6235,North Eastern,firewood,795.5070101890183,904.7301226879705
6236,North Eastern,firewood,451.13077633661663,513.0710319276341
6237,North Eastern,electricity,-234.63646680019122,-266.85205369185746
6238,North Eastern,LPG,498.2126262761373,566.617219863851
6239,North Eastern,firewood,153.8000685840397,174.91681800062835
6240,North Eastern,electricity,471.7346034451072,536.5037644981204
6241,North Eastern,charcoal,12.456601013785246,14.16689233297796
6242,North Eastern,firewood,587.9190620855015,668.6403493098409
6243,North Eastern,firewood,513.0907020606771,583.5380554536081
6244,North Eastern,electricity,723.4024057474094,822.7255560565287
6245,North Eastern,firewood,-86.49088108105553,-98.36607905348446
6246,North Eastern,firewood,190.5573971531808,216.72092778231251
6247,North Eastern,electricity,98.01195906855565,111.46900104866835
6248,North Eastern,LPG,-192.47487953033942,-218.901680489855
6249,North Eastern,electricity,1387.5722878623496,1578.0859629858503
6250,North Eastern,electricity,557.3463992783378,633.8700598992535
6251,North Eastern,charcoal,396.81493249257335,451.29762272380367
6252,North Eastern,LPG,541.5961624491457,615.9573155534134
6253,North Eastern,electricity,-85.46456006244415,-97.19884415901772
6254,North Eastern,LPG,671.2526874905019,763.4156814829478
6255,North Eastern,LPG,232.33230816507913,264.2315340761445
6256,North Eastern,firewood,484.9960633842938,551.5860228869573
6257,North Eastern,firewood,328.2810039626045,373.35398580667004
6258,North Eastern,LPG,173.90069220691112,197.77725724692002
6259,North Eastern,firewood,485.3148072432847,551.9485302777877
6260,North Eastern,firewood,723.0747595309031,822.352924014496
6261,North Eastern,electricity,285.5877224345456,324.7989167248087
6262,North Eastern,charcoal,216.25034336204908,245.9415155056584
6263,North Eastern,electricity,599.6806906942049,682.0168495265193
6264,North Eastern,charcoal,352.0439721637544,400.37960954183785
6265,North Eastern,charcoal,1020.6572545172181,1160.793495562432
6266,North Eastern,LPG,435.70828952382925,495.531037675451
6267,North Eastern,firewood,415.37270997518095,472.4033830547733
6268,North Eastern,electricity,-41.52032974339113,-47.22107101715873
6269,North Eastern,charcoal,572.097265310003,650.6462198370664
6270,North Eastern,electricity,-237.65848538834052,-270.28899543215965
6271,North Eastern,electricity,520.3299637114671,591.7712677290516
6272,North Eastern,charcoal,361.92698146131244,411.61955601595065
6273,North Eastern,electricity,67.38629578214949,76.6384341930386
6274,North Eastern,electricity,-123.53056378538997,-140.491310193124
6275,North Eastern,LPG,955.5618868010031,1086.7605338587807
6276,North Eastern,electricity,438.7273578382885,498.9646240694855
6277,North Eastern,firewood,500.9530518389877,569.7339058564806
6278,North Eastern,electricity,428.85727047227533,487.7393737081187
6279,North Eastern,firewood,318.03593014987314,361.70226335945074
6280,North Eastern,LPG,312.4883002612886,355.39294388716354
6281,North Eastern,firewood,-16.965363788144657,-19.29470823625692
6282,North Eastern,electricity,723.5391657104569,822.8810931625027
6283,North Eastern,firewood,163.8340747672997,186.32849323284995
6284,North Eastern,LPG,160.2534409838383,182.25623843091927
6285,North Eastern,electricity,82.93969449708845,94.32731455153869
6286,North Eastern,firewood,61.76306541701217,70.24313429876794
6287,North Eastern,firewood,576.0367848581872,655.1266354192162
6288,North Eastern,electricity,68.35342180928023,77.73834662369441
6289,North Eastern,electricity,-98.00262704186116,-111.4583877347087
6290,North Eastern,LPG,381.37828167446514,433.74151974836917
6291,North Eastern,firewood,220.61781546063827,250.9086415233839
6292,North Eastern,charcoal,116.98566516090108,133.0477969874928
6293,North Eastern,firewood,112.85187230837028,128.3464343763095
6294,North Eastern,LPG,823.2348227042644,936.2649638615599
6295,North Eastern,electricity,659.2300995660456,749.7423922364637
6296,North Eastern,charcoal,594.7579349046276,676.418199367033
6297,North Eastern,charcoal,312.1334165816948,354.9893346783615
6298,North Eastern,electricity,232.15437102485933,264.0291661665725
6299,North Eastern,electricity,314.0078058870283,357.1210776353173
6300,North Eastern,LPG,468.50326530543873,532.8287636318754
6301,North Eastern,charcoal,1302.271125796175,1481.0729513679898
6302,North Eastern,LPG,77.56125473945679,88.2104150151842
6303,North Eastern,firewood,300.97483608442883,342.2986810788209
6304,North Eastern,LPG,352.40641186173946,400.7918122103563
6305,North Eastern,firewood,454.73556002383657,517.1707524151093
6306,North Eastern,electricity,583.2191360430224,663.2951234217294
6307,North Eastern,firewood,418.159695389678,475.5730215666808
6308,North Eastern,electricity,311.38965623622937,354.14345603746364
6309,North Eastern,firewood,500.79581270079643,569.5550777846157
6310,North Eastern,electricity,-212.93851731323787,-242.17497574034542
6311,North Eastern,LPG,266.9249715799502,303.57377017787735
6312,North Eastern,LPG,144.83109707895855,164.71640670789955
6313,North Eastern,LPG,432.61416674950203,492.01209184420867
6314,North Eastern,LPG,142.5782158236338,162.1542048562187
6315,North Eastern,charcoal,330.2965283173203,375.64624165528835
6316,North Eastern,electricity,697.149963690985,792.8686537057573
6317,North Eastern,firewood,631.5271873841155,718.2358702119545
6318,North Eastern,firewood,756.9842798579756,860.9182214824756
6319,North Eastern,LPG,704.6334709478107,801.379646508945
6320,North Eastern,electricity,771.0920942492272,876.9630387896461
6321,North Eastern,charcoal,626.6767103339622,712.7194226628152
6322,North Eastern,firewood,1161.8851056285544,1321.4119306313548
6323,North Eastern,charcoal,200.9647361629129,228.55719443808084
6324,North Eastern,LPG,498.13254158443243,566.526139543975
6325,North Eastern,firewood,345.86393772568954,393.3510563754267
6326,North Eastern,firewood,438.403912750878,498.59676997157356
6327,North Eastern,electricity,208.0301105439431,236.59264472162647
6328,North Eastern,electricity,447.77740289030316,509.2572403071418
6329,North Eastern,LPG,1119.4508241300716,1273.1514222831304
6330,North Eastern,electricity,520.6262834247793,592.1082721390015
6331,North Eastern,charcoal,987.4078916457127,1122.978995168669
6332,North Eastern,LPG,1094.065314943687,1244.2804826854554
6333,North Eastern,electricity,327.1809966273928,372.10294746433385
6334,North Eastern,charcoal,604.2692698135045,687.2354405588986
6335,North Eastern,LPG,560.0191499026405,636.909779184273
6336,North Eastern,LPG,694.4761564518029,789.8277327326355
6337,North Eastern,LPG,633.8124908094538,720.8349457975918
6338,North Eastern,electricity,19.270863324506593,21.91675285896135
6339,North Eastern,firewood,772.1069330079341,878.1172149099234
6340,North Eastern,electricity,592.5290291381912,673.8832648388648
6341,North Eastern,LPG,-120.57751069035817,-137.13280290814433
6342,North Eastern,electricity,173.6934436332735,197.54155344412194
6343,North Eastern,firewood,36.2686916068202,41.24838296443661
6344,North Eastern,firewood,351.56085663978683,399.83016225642956
6345,North Eastern,charcoal,78.30043732804359,89.05108737318398
6346,North Eastern,LPG,115.17603369086402,130.98970311661964
6347,North Eastern,LPG,588.1150160782457,668.8632077857889
6348,North Eastern,LPG,414.5320396971694,471.44728874759073
6349,North Eastern,LPG,-255.73362861256794,-290.8458558210735
6350,North Eastern,charcoal,515.5209990108781,586.3020321750716
6351,North Eastern,firewood,-145.93494466840104,-165.9718125713725
6352,North Eastern,LPG,494.88901668927167,562.8372786807087
6353,North Eastern,LPG,619.5012444625825,704.5587653272951
6354,North Eastern,firewood,341.18573148972536,388.0305324232646
6355,North Eastern,electricity,533.3791866088753,606.6121489302739
6356,North Eastern,LPG,586.039398966315,666.50260844439
6357,North Eastern,firewood,374.5666710822452,425.99467502183745
6358,North Eastern,charcoal,234.15437864468112,266.3037748325958
6359,North Eastern,charcoal,163.0654693739288,185.45435831896924
6360,North Eastern,charcoal,427.8563780189795,486.6010587209854
6361,North Eastern,electricity,285.3250147185163,324.5001392393686
6362,North Eastern,electricity,705.2294362949917,802.0574378982941
6363,North Eastern,firewood,468.07613464992494,532.3429879373596
6364,North Eastern,LPG,739.1818934947428,840.6715674715709
6365,North Eastern,electricity,501.440639142055,570.2884388962591
6366,North Eastern,LPG,397.34978177631046,451.90590681419786
6367,North Eastern,charcoal,457.3465587784991,520.140241298787
6368,North Eastern,electricity,315.8743747384839,359.2439263900777
6369,North Eastern,firewood,84.27081430676941,95.84119711108885
6370,North Eastern,firewood,53.90659899497666,61.30797503698695
6371,North Eastern,firewood,123.29298869107248,140.22111603835674
6372,North Eastern,firewood,577.4381888782965,656.7204522112866
6373,North Eastern,firewood,8.02135191684988,9.122683535033369
6374,North Eastern,charcoal,662.2029600094668,753.1234264187666
6375,North Eastern,electricity,488.43123141349514,555.492839486568
6376,North Eastern,firewood,479.117304820477,544.9001107723285
6377,North Eastern,electricity,100.60704239064808,114.42038931088405
6378,North Eastern,LPG,242.26914545225756,275.53269912285253
6379,North Eastern,electricity,333.2035311710769,378.9523760008658
6380,North Eastern,LPG,1145.1654311902032,1302.396644892618
6381,North Eastern,electricity,158.3553625329885,180.0975538087678
6382,North Eastern,electricity,608.3710656733613,691.9004129903137
6383,North Eastern,charcoal,803.6125993599098,913.9486092520254
6384,North Eastern,LPG,751.6867810855294,854.8933761285726
6385,North Eastern,electricity,363.9077939873237,413.8723341017832
6386,North Eastern,electricity,210.1007526455088,238.94758598373716
6387,North Eastern,firewood,-20.62124575196208,-23.45254279370647
6388,North Eastern,electricity,100.02516468270045,113.75861979363522
6389,North Eastern,charcoal,166.74084519486667,189.63436324012184
6390,North Eastern,charcoal,512.9822141133095,583.4146721110669
6391,North Eastern,electricity,56.5389937617004,64.30179760518186
6392,North Eastern,LPG,1176.7330705694883,1338.298521158679
6393,North Eastern,electricity,468.678204246145,533.0277216891407
6394,North Eastern,firewood,100.78478783586178,114.6225392057256
6395,North Eastern,electricity,318.3753457757156,362.0882807507213
6396,North Eastern,LPG,378.6895705362857,430.68364857091774
6397,North Eastern,charcoal,233.23470669205918,265.2578319208789
6398,North Eastern,charcoal,327.2349699629022,372.16433133880867
6399,North Eastern,electricity,-155.7646943719094,-177.15118690917257
6400,North Eastern,charcoal,445.8953274219357,507.11675587696743
6401,North Eastern,LPG,634.7512638580517,721.9026123857623
6402,North Eastern,firewood,290.3467518023482,330.2113608248106
6403,North Eastern,charcoal,103.61882912969554,117.84569436920273
6404,North Eastern,LPG,662.984391684385,754.0121486626509
6405,North Eastern,LPG,332.61438558002425,378.2823407201616
6406,North Eastern,firewood,64.88023984284075,73.78829677326279
6407,North Eastern,charcoal,418.6105228393547,476.0857476251981
6408,North Eastern,charcoal,514.537717032679,585.1837455812658
6409,North Eastern,electricity,256.92895287920766,292.20529810952286
6410,North Eastern,LPG,498.8277743598984,567.3168277795124
6411,North Eastern,electricity,127.2261099385534,144.6942548331168
6412,North Eastern,charcoal,239.72134435341755,272.6350849331418
6413,North Eastern,electricity,-11.821861807520236,-13.445003433692763
6414,North Eastern,charcoal,135.89360714681544,154.5517994080732
6415,North Eastern,firewood,567.5749501217426,645.5029907734579
6416,North Eastern,electricity,44.821129638097204,50.97507073740795
6417,North Eastern,charcoal,478.0064384124491,543.6367224064784
6418,North Eastern,firewood,882.5002794229015,1003.6675677876658
6419,North Eastern,electricity,466.97124951839777,531.0864020772738
6420,North Eastern,firewood,255.35107898331566,290.4107821277249
6421,North Eastern,LPG,503.6093358953282,572.7548977137567
6422,North Eastern,electricity,166.13657430239027,188.94712595410846
6423,North Eastern,electricity,496.84188769525014,565.058278875808
6424,North Eastern,firewood,-3.2568939243487876,-3.704065460161876
6425,North Eastern,LPG,540.194157896408,614.3628157755849
6426,North Eastern,LPG,617.9982058609468,702.8493595256548
6427,North Eastern,LPG,479.29864133498234,545.1063447902754
6428,North Eastern,LPG,-14.8928538841634,-16.937642722459035
6429,North Eastern,firewood,879.3054634825081,1000.0341036186564
6430,North Eastern,firewood,835.2274133228523,949.9041371720799
6431,North Eastern,firewood,-52.46901965351668,-59.67301605194452
6432,North Eastern,electricity,225.2488934921076,256.17556656857397
6433,North Eastern,charcoal,506.39990370449146,575.9286104831182
6434,North Eastern,LPG,937.678193447921,1066.4214094083204
6435,North Eastern,electricity,123.09428030386209,139.99512498958237
6436,North Eastern,LPG,392.63881564163864,446.5481250292356
6437,North Eastern,LPG,704.8613454156518,801.6388081412208
6438,North Eastern,electricity,549.5237091789802,624.9733144492542
6439,North Eastern,LPG,367.2778587519416,417.7051087585832
6440,North Eastern,LPG,257.7399854528843,293.1276854555653
6441,North Eastern,electricity,326.1254335448458,370.9024555705531
6442,North Eastern,electricity,529.1863464933103,601.8436318668419
6443,North Eastern,LPG,268.87315927384117,305.78944404213956
6444,North Eastern,LPG,479.37875082829987,545.1974533170254
6445,North Eastern,LPG,714.6529265343906,812.7747733475625
6446,North Eastern,charcoal,95.65691987724239,108.79061497638777
6447,North Eastern,electricity,-181.72992731402724,-206.68144633424316
6448,North Eastern,charcoal,456.075110268349,518.6942229081933
6449,North Eastern,electricity,586.5485110002849,667.081621560624
6450,North Eastern,firewood,290.68575006209943,330.59690354562565
6451,North Eastern,LPG,616.4811958682851,701.1240640610007
6452,North Eastern,electricity,409.90598854609806,466.18608077347733
6453,North Eastern,charcoal,967.4692693664143,1100.302800050423
6454,North Eastern,firewood,702.011574085971,798.3977632079748
6455,North Eastern,LPG,-29.196775220707025,-33.2054924585101
6456,North Eastern,firewood,530.5421224010806,603.385555806749
6457,North Eastern,LPG,87.02589169164582,98.9745466209088
6458,North Eastern,charcoal,558.4962377631435,635.1777712080232
6459,North Eastern,charcoal,174.8076216275988,198.8087080770681
6460,North Eastern,firewood,784.1780060479146,891.8456462782932
6461,North Eastern,firewood,530.8858627636689,603.7764917211207
6462,North Eastern,LPG,700.4378690625776,796.6079884848696
6463,North Eastern,firewood,1176.3758961849774,1337.8923067311748
6464,North Eastern,charcoal,481.45238986907333,547.5558029980971
6465,North Eastern,electricity,211.5365056403725,240.58046786479562
6466,North Eastern,firewood,856.4768639763245,974.0711374002738
6467,North Eastern,electricity,273.4793713386071,311.02808902339785
6468,North Eastern,firewood,296.68258015534127,337.4170984106696
6469,North Eastern,charcoal,478.50080895578907,544.1989700254189
6470,North Eastern,charcoal,636.4024638085872,723.7805220895062
6471,North Eastern,electricity,882.837256346947,1004.0508116433829
6472,North Eastern,LPG,163.71410388453467,186.19205034788126
6473,North Eastern,LPG,888.7892313185711,1010.8199927786109
6474,North Eastern,electricity,528.387470114074,600.9350697607363
6475,North Eastern,electricity,465.2276317922935,529.1033856373754
6476,North Eastern,firewood,198.4374310536571,225.6828903373242
6477,North Eastern,LPG,167.39795553790032,190.38169483325402
6478,North Eastern,charcoal,929.2815460126684,1056.8719022802077
6479,North Eastern,electricity,450.9492935336311,512.8646315357986
6480,North Eastern,LPG,731.7960963704999,832.2717004021695
6481,North Eastern,electricity,614.1734054371337,698.4994140036522
6482,North Eastern,electricity,62.98111751289349,71.62842494741376
6483,North Eastern,charcoal,307.5952734559506,349.8281045014526
6484,North Eastern,LPG,431.48686354495044,490.7300099096721
6485,North Eastern,LPG,477.1591285906161,542.6730769461077
6486,North Eastern,firewood,810.1499142199057,921.3834974422987
6487,North Eastern,LPG,568.45813820169,646.507440576782
6488,North Eastern,charcoal,248.93500266681207,283.11377853296534
6489,North Eastern,charcoal,216.03195808279622,245.69314592756413
6490,North Eastern,LPG,743.3701750599389,845.4349000956685
6491,North Eastern,electricity,265.6504194611065,302.1242220531164
6492,North Eastern,electricity,300.1694436951731,341.3827083145203
6493,North Eastern,firewood,652.0059179451664,741.5263304790377
6494,North Eastern,electricity,114.14734721905756,129.81977799223418
6495,North Eastern,electricity,361.88646369785704,411.5734751635728
6496,North Eastern,LPG,-378.4930919023245,-430.4601934205137
6497,North Eastern,charcoal,519.7014263740494,591.0564322152064
6498,North Eastern,firewood,401.6783372437981,456.8287729473716
6499,North Eastern,firewood,173.9602669558688,197.84501160890957
6500,North Eastern,LPG,465.41348617387155,529.3147578255441
6501,North Eastern,firewood,394.20831185187865,448.3331130691416
6502,North Eastern,electricity,802.4636964808633,912.6419620076858
6503,North Eastern,firewood,864.564589004417,983.2693070747234
6504,North Eastern,charcoal,382.1842858448003,434.65818829129137
6505,North Eastern,LPG,437.9742533194829,498.1081183002479
6506,North Eastern,charcoal,445.87795354393154,507.09699656551334
6507,North Eastern,firewood,195.84386646378945,222.73322932926774
6508,North Eastern,LPG,-145.58313393482626,-165.57169822407792
6509,North Eastern,firewood,-81.04758862786827,-92.17542254647458
6510,North Eastern,LPG,483.08385187827264,549.4112647411595
6511,North Eastern,LPG,639.5639511383846,727.3760816296848
6512,North Eastern,firewood,-66.00090077495167,-75.06282445135254
6513,North Eastern,charcoal,175.84037162361528,199.98325464753765
6514,North Eastern,firewood,509.29500754108847,579.2212120764799
6515,North Eastern,LPG,548.5362104500853,623.8502321448819
6516,North Eastern,electricity,274.9848961561146,312.7403223983491
6517,North Eastern,firewood,448.1137952668137,509.6398193569472
6518,North Eastern,LPG,843.3137931425413,959.1007769410122
6519,North Eastern,charcoal,230.64402034193003,262.311444334877
6520,North Eastern,charcoal,498.6179145957105,567.0781542697015
6521,North Eastern,electricity,310.5733119275393,353.21502765519045
6522,North Eastern,electricity,375.04691023295555,426.5408510079403
6523,North Eastern,firewood,799.0434185260737,908.7520798897035
6524,North Eastern,charcoal,106.33219154097173,120.93160143954715
6525,North Eastern,LPG,529.7098451589934,602.4390068993232
6526,North Eastern,charcoal,361.93083917970563,411.6239433990792
6527,North Eastern,firewood,609.3601000019972,693.0252417322714
6528,North Eastern,firewood,251.32597488570593,285.83303123751335
6529,North Eastern,charcoal,444.7359834829682,505.79823401517973
6530,North Eastern,firewood,308.67345050502536,351.05431525936535
6531,North Eastern,charcoal,466.3259947061549,530.35255377931
6532,North Eastern,firewood,279.08718160940293,317.40585164437397
6533,North Eastern,charcoal,143.95055064344325,163.714961246788
6534,North Eastern,firewood,627.9904659145072,714.213556884569
6535,North Eastern,charcoal,195.10411583828804,221.89191094288498
6536,North Eastern,firewood,413.17461540857494,469.90349010417225
6537,North Eastern,LPG,302.2382324074506,343.73554171699357
6538,North Eastern,firewood,375.735616653139,427.32411681961497
6539,North Eastern,firewood,168.48521816243525,191.6182386161376
6540,North Eastern,charcoal,149.59474323575049,170.13410148201902
6541,North Eastern,firewood,324.21380951261153,368.7283655586931
6542,North Eastern,LPG,545.7187624280658,620.6459485094392
6543,North Eastern,electricity,56.53273790194726,64.29468281588461
6544,North Eastern,charcoal,119.95846705458871,136.42876458118374
6545,North Eastern,charcoal,117.5447404133314,133.6836332720818
6546,North Eastern,firewood,924.3177223599185,1051.2265456399352
6547,North Eastern,firewood,-14.269443185861519,-16.228637735280305
6548,North Eastern,LPG,-28.79797351181776,-32.75193527499034
6549,North Eastern,firewood,823.5576419333747,936.632106170827
6550,North Eastern,LPG,825.3615814920354,938.6837266308918
6551,North Eastern,charcoal,285.0359678743611,324.1714062635109
6552,North Eastern,LPG,515.9679276421543,586.8103241074222
6553,North Eastern,charcoal,817.8115505217272,930.0970764083603
6554,North Eastern,firewood,753.9878709834195,857.510405669443
6555,North Eastern,charcoal,700.3546160009323,796.5133047778603
6556,North Eastern,LPG,818.483992791317,930.8618450015648
6557,North Eastern,LPG,497.60050047866616,565.921049194387
6558,North Eastern,charcoal,175.55683165153877,199.66078463729505
6559,North Eastern,firewood,470.0282910364696,534.5631753957769
6560,North Eastern,charcoal,137.88542187963992,156.81709030371448
6561,North Eastern,charcoal,785.3891943105721,893.2231306894136
6562,North Eastern,electricity,466.3294132741481,530.3564417166887
6563,North Eastern,electricity,854.9154232320753,972.2953108418393
6564,North Eastern,LPG,586.9510598654964,667.539440385029
6565,North Eastern,firewood,-90.63761234856321,-103.08215652402093
6566,North Eastern,electricity,659.4784533098718,750.0248449493172
6567,North Eastern,LPG,867.2260864257153,986.296228091966
6568,North Eastern,firewood,919.6778258716179,1045.949591363791
6569,North Eastern,firewood,224.43504966533825,255.2499819843892
6570,North Eastern,charcoal,435.156251316801,494.90320462259774
6571,North Eastern,LPG,597.373507310657,679.3928898644102
6572,North Eastern,charcoal,-222.5981662123338,-253.16089443328724
6573,North Eastern,LPG,320.87852672320304,364.9351484422988
6574,North Eastern,firewood,722.4324091774027,821.6223789574601
6575,North Eastern,electricity,337.15727975341804,383.4489742635623
6576,North Eastern,firewood,214.272819824398,243.69247798628783
6577,North Eastern,charcoal,752.8462054845915,856.2119894976258
6578,North Eastern,charcoal,3.08379101634614,3.507195522890465
6579,North Eastern,electricity,795.3693256713133,904.5735340859845
6580,North Eastern,charcoal,579.4136691883316,658.9671659678895
6581,North Eastern,LPG,154.3030757200504,175.4888880164133
6582,North Eastern,LPG,-123.78680920477552,-140.7827381085912
6583,North Eastern,firewood,49.71034209456195,56.535572064145306
6584,North Eastern,electricity,388.57092990740745,441.9217185836945
6585,North Eastern,electricity,729.4556429531804,829.609902730652
6586,North Eastern,charcoal,464.4135474797064,528.17752754867
6587,North Eastern,electricity,476.1004769002509,541.4690723786554
6588,North Eastern,firewood,511.8638340599245,582.1427384763522
6589,North Eastern,charcoal,-11.044866444857291,-12.561326607736197
6590,North Eastern,firewood,413.3798525126103,470.13690626259165
6591,North Eastern,electricity,419.73844489813627,477.36853338265036
6592,North Eastern,charcoal,119.60591764391887,136.02781013642894
6593,North Eastern,electricity,466.14539871312905,530.1471619564417
6594,North Eastern,firewood,265.0080243139138,301.39362605221413
6595,North Eastern,electricity,551.9992497287653,627.7887467165248
6596,North Eastern,charcoal,576.4840237526134,655.6352802138473
6597,North Eastern,LPG,-3.4771141660637,-3.954521941064246
6598,North Eastern,LPG,370.49316029583395,421.3618712044519
6599,North Eastern,charcoal,415.3508148585166,472.37848173859095
6600,North Eastern,electricity,752.6761527417103,856.0185885131472
6601,North Eastern,charcoal,753.0442762791752,856.437255412306
6602,North Eastern,LPG,263.8361113631521,300.06080945331286
6603,North Eastern,firewood,439.04393332703455,499.32466537283636
6604,North Eastern,firewood,377.5002769765777,429.3310650054618
6605,North Eastern,firewood,-482.7793993182821,-549.0650108446822
6606,North Eastern,LPG,428.9636882400705,487.86040263543214
6607,North Eastern,firewood,305.3076300124681,347.22636761318
6608,North Eastern,electricity,306.7966410798763,348.9198199001433
6609,North Eastern,LPG,189.57734744622732,215.60631725059432
6610,North Eastern,firewood,567.2370884266743,645.1187406676567
6611,North Eastern,electricity,500.09741075305897,568.760785249454
6612,North Eastern,charcoal,508.2217167720576,578.0005584848611
6613,North Eastern,firewood,727.9710150694139,827.9214354384444
6614,North Eastern,electricity,391.58048274255947,445.3444830231129
6615,North Eastern,firewood,-57.13588313474827,-64.9806398891492
6616,North Eastern,charcoal,-109.52461027084979,-124.56233926103747
6617,North Eastern,electricity,751.3326057606511,854.4905725315884
6618,North Eastern,charcoal,1086.641703552175,1235.8376094498885
6619,North Eastern,electricity,298.36279441287206,339.3280060857594
6620,North Eastern,firewood,40.262723124467016,45.79079500945634
6621,North Eastern,charcoal,308.49607699720394,350.85258836892
6622,North Eastern,charcoal,431.28674304932684,490.50241286999943
6623,North Eastern,charcoal,-126.4370209119096,-143.7968238831148
6624,North Eastern,LPG,485.7646055183004,552.460085855963
6625,North Eastern,LPG,1115.6673103762505,1268.8484320909097
6626,North Eastern,electricity,571.9243473620656,650.4495602548773
6627,North Eastern,LPG,54.51253558289227,61.997106718423375
6628,North Eastern,charcoal,758.2573484855457,862.366082432611
6629,North Eastern,LPG,648.7578421330575,737.8322938579263
6630,North Eastern,firewood,424.25482762962446,482.5050154631719
6631,North Eastern,charcoal,461.81924463290346,525.2270269210011
6632,North Eastern,electricity,157.58430051316085,179.22062497361784
6633,North Eastern,electricity,513.7382134879641,584.2744701998615
6634,North Eastern,charcoal,803.5980342311756,913.932044331116
6635,North Eastern,electricity,553.8915135503198,629.9408183607787
6636,North Eastern,electricity,415.48977666180343,472.53652299746904
6637,North Eastern,LPG,257.1085639940777,292.4095698304646
6638,North Eastern,firewood,89.83976721479519,102.17476725338656
6639,North Eastern,electricity,406.56028732561697,462.38101477542415
6640,North Eastern,charcoal,-124.84115646183659,-141.98184724404675
6641,North Eastern,charcoal,669.9705086199242,761.9574594534398
6642,North Eastern,LPG,556.3532884923775,632.7405950023809
6643,North Eastern,LPG,374.7771213314161,426.23402009021953
6644,North Eastern,LPG,443.89622955144245,504.8431818688555
6645,North Eastern,firewood,393.3629985343643,447.3717382331325
6646,North Eastern,charcoal,240.99798656679684,274.08701012241806
6647,North Eastern,firewood,843.2360101729703,959.0123143697191
6648,North Eastern,firewood,385.27046059187455,438.16809483113894
6649,North Eastern,electricity,91.69647707215245,104.28640337415898
6650,North Eastern,firewood,546.506769830941,621.5421493287292
6651,North Eastern,electricity,495.49987289746304,563.5320054462846
6652,North Eastern,electricity,476.3137209716705,541.7115948610808
6653,North Eastern,LPG,127.261528592123,144.73453646782147
6654,North Eastern,LPG,578.8187023454611,658.2905101774929
6655,North Eastern,electricity,732.9132990203848,833.5422949758836
6656,North Eastern,LPG,112.8716101827593,128.36888226085216
6657,North Eastern,LPG,553.515994936187,629.5137410409254
6658,North Eastern,charcoal,-77.35650755986535,-87.97755604783487
6659,North Eastern,LPG,509.316467350302,579.2456183174985
6660,North Eastern,charcoal,389.38607972168296,442.84878846747
6661,North Eastern,electricity,136.37028523167635,155.0939253939855
6662,North Eastern,electricity,374.2857477202331,425.67518088222107
6663,North Eastern,electricity,680.260215613966,773.6599432177635
6664,North Eastern,firewood,-20.672268762015335,-23.510571263040042
6665,North Eastern,charcoal,585.2403690998506,665.59387177726
6666,North Eastern,LPG,551.3970092020691,627.1038185655132
6667,North Eastern,firewood,18.402840211845103,20.929550172931435
6668,North Eastern,charcoal,641.8323871109404,729.9559738612726
6669,North Eastern,LPG,169.82583462156333,193.14292171510397
6670,North Eastern,electricity,591.5256271737164,672.7420957846676
6671,North Eastern,firewood,593.1852367125423,674.6295697131743
6672,North Eastern,firewood,307.6931536644325,349.9394236625591
6673,North Eastern,firewood,308.44605978788877,350.7957037967659
6674,North Eastern,LPG,349.5312763561836,397.5219205998876
6675,North Eastern,electricity,718.3958780456098,817.0316321012721
6676,North Eastern,charcoal,171.38168262659934,194.91238765123143
6677,North Eastern,charcoal,514.0652662205362,584.6464272726157
6678,North Eastern,firewood,433.6488484147107,493.18883530205045
6679,North Eastern,firewood,377.8347559314279,429.71146792081294
6680,North Eastern,charcoal,567.4279520983839,645.335809921492
6681,North Eastern,firewood,281.482816316072,320.1304069962687
6682,North Eastern,charcoal,539.7972049092525,613.9113611432929
6683,North Eastern,electricity,628.8602754922491,715.2027913173349
6684,North Eastern,electricity,20.56289721410593,23.386183001602674
6685,North Eastern,LPG,952.9423194159241,1083.7812998717304
6686,North Eastern,LPG,384.7621853984726,437.59003345368285
6687,North Eastern,charcoal,817.2029483943668,929.4049132089133
6688,North Eastern,firewood,614.5155335428203,698.8885162982496
6689,North Eastern,firewood,686.7326837184528,781.0210811929963
6690,North Eastern,firewood,447.76460707108646,509.24268762194663
6691,North Eastern,LPG,480.50763997424394,546.4813389427077
6692,North Eastern,electricity,396.57197271969443,451.02130457410846
6693,North Eastern,LPG,218.10836457713518,248.05464303357584
6694,North Eastern,LPG,42.10273971245613,47.88344587497635
6695,North Eastern,LPG,63.724331022377726,72.47368167175019
6696,North Eastern,electricity,292.39429933139036,332.54003662959025
6697,North Eastern,electricity,441.3237865661115,501.9175424616386
6698,North Eastern,LPG,670.7095212140605,762.797938476751
6699,North Eastern,LPG,41.1071137998203,46.75112052453562
6700,North Eastern,charcoal,325.9920854164702,370.75079874415155
6701,North Eastern,charcoal,912.7623030365129,1038.0845672434261
6702,North Eastern,electricity,-1.0165062424670737,-1.1560725495578028
6703,North Eastern,electricity,296.97362852641163,337.7481077230879
6704,North Eastern,electricity,-281.6727240131396,-320.34638902014365
6705,North Eastern,LPG,137.1849486551834,156.02044210554007
6706,North Eastern,charcoal,464.25852922754535,528.0012252904874
6707,North Eastern,LPG,590.39481448643,671.4560225154169
6708,North Eastern,charcoal,324.0658484714504,368.56008946658056
6709,North Eastern,LPG,434.68256445992523,494.36448056027297
6710,North Eastern,firewood,793.8767791388427,902.8760609146058
6711,North Eastern,electricity,521.4783081387982,593.0772798462551
6712,North Eastern,electricity,407.2659039841143,463.18351260113315
6713,North Eastern,charcoal,151.7130505866005,172.54325243214075
6714,North Eastern,firewood,339.62165461604576,386.25170779482886
6715,North Eastern,charcoal,-10.689776397631704,-12.157482697026536
6716,North Eastern,electricity,51.2827586133231,58.323881370932355
6717,North Eastern,charcoal,449.1577351674463,510.82709220593665
6718,North Eastern,electricity,157.93590451298311,179.6205042026157
6719,North Eastern,charcoal,965.2168043748023,1097.7410716154627
6720,North Eastern,LPG,415.84485689516214,472.9403557468679
6721,North Eastern,charcoal,344.88529770119055,392.238049075564
6722,North Eastern,LPG,836.8785225741412,951.7819437235709
6723,North Eastern,LPG,332.28695469176284,377.90995357094187
6724,North Eastern,LPG,317.1161794370405,360.65623087374615
6725,North Eastern,firewood,351.84910969489454,400.15799245600357
6726,North Eastern,charcoal,-31.055965227821844,-35.319949253601784
6727,North Eastern,LPG,384.223815645756,436.9777455339183
6728,North Eastern,electricity,-344.0184614353341,-391.2521961904054
6729,North Eastern,charcoal,775.5334222675393,882.0141611448724
6730,North Eastern,firewood,224.33467036643435,255.13582060774579
6731,North Eastern,LPG,-51.36648528493458,-58.4191037145561
6732,North Eastern,electricity,114.33271420801663,130.0305958687773
6733,North Eastern,charcoal,496.60128561429065,564.7846421291327
6734,North Eastern,firewood,62.70633115538226,71.31591042301625
6735,North Eastern,charcoal,15.328096325054162,17.4326439504841
6736,North Eastern,electricity,574.4975479119223,653.3760612402292
6737,North Eastern,charcoal,810.6577282799755,921.961034372816
6738,North Eastern,firewood,516.5518288349058,587.4743949339384
6739,North Eastern,charcoal,292.5259058600426,332.6897127346264
6740,North Eastern,electricity,401.48276761148054,456.6063516045368
6741,North Eastern,LPG,-196.4858733094594,-223.4633837148482
6742,North Eastern,charcoal,285.02906809692047,324.1635591466276
6743,North Eastern,electricity,-181.04690832704023,-205.90464884034284
6744,North Eastern,firewood,494.32631176507306,562.1973143704175
6745,North Eastern,firewood,209.643224865903,238.42723963999148
6746,North Eastern,charcoal,198.88827201262822,226.19563175996208
6747,North Eastern,firewood,519.9879216394165,591.3822632805084
6748,North Eastern,LPG,397.8911463280159,452.5216007188525
6749,North Eastern,LPG,693.5919025536782,788.8220707742983
6750,North Eastern,firewood,371.01986402341015,421.96089135382437
6751,North Eastern,electricity,648.9956279966755,738.102727720619
6752,North Eastern,firewood,503.4461954642989,572.5693581015471
6753,North Eastern,firewood,849.2194391200784,965.8172681112651
6754,North Eastern,charcoal,405.8570939209086,461.58127291624936
6755,North Eastern,firewood,389.85666530979756,443.38398545683276
6756,North Eastern,charcoal,-254.06873387114558,-288.95237103165385
6757,North Eastern,firewood,143.29054682231424,162.96433890101798
6758,North Eastern,electricity,-109.85478249459374,-124.93784413110146
6759,North Eastern,electricity,486.69243640146624,553.5153079193875
6760,North Eastern,firewood,493.32179536486956,561.0548778684662
6761,North Eastern,LPG,346.6186771433008,394.209421515076
6762,North Eastern,electricity,819.2106954001308,931.6883238785688
6763,North Eastern,electricity,58.19412491735011,66.18417826850228
6764,North Eastern,electricity,594.1671393753479,675.7462876115832
6765,North Eastern,LPG,43.390170993752974,49.34764147119526
6766,North Eastern,LPG,704.7416065164919,801.5026290912061
6767,North Eastern,firewood,113.76467494400782,129.3845648138201
6768,North Eastern,firewood,300.77596126121546,342.0725007423803
6769,North Eastern,firewood,1017.2543725226164,1156.9233978699717
6770,North Eastern,charcoal,617.8352338949645,702.6640115087431
6771,North Eastern,charcoal,886.3299069336115,1008.0230031555964
6772,North Eastern,electricity,14.885618168821622,16.92941354340083
6773,North Eastern,charcoal,453.7213827508997,516.0173286025982
6774,North Eastern,electricity,560.1910556563378,637.105287597953
6775,North Eastern,firewood,160.61646012894568,182.6691001046499
6776,North Eastern,charcoal,56.07591965319932,63.775143421583586
6777,North Eastern,firewood,444.05220459648126,505.02057228757815
6778,North Eastern,charcoal,398.5806233404175,453.3057429250568
6779,North Eastern,firewood,149.80526036701173,170.37352261540244
6780,North Eastern,electricity,174.36388465644922,198.3040460197797
6781,North Eastern,electricity,553.0717582248958,629.008510629174
6782,North Eastern,firewood,442.8781621014358,503.68533375796295
6783,North Eastern,LPG,592.8169789345757,674.2107501422929
6784,North Eastern,electricity,469.57163952543016,534.0438256322717
6785,North Eastern,charcoal,1091.172948587126,1240.9909944281385
6786,North Eastern,firewood,621.4253761784304,706.7470803277289
6787,North Eastern,firewood,1213.7665580398204,1380.4167064586877
6788,North Eastern,electricity,349.8761746878724,397.91417347251723
6789,North Eastern,firewood,237.45341196360755,270.0557654262109
6790,North Eastern,charcoal,808.6742112551696,919.7051804605043
6791,North Eastern,LPG,608.2177357486149,691.7260308668997
6792,North Eastern,electricity,352.6176397340904,401.032041669581
6793,North Eastern,charcoal,526.2625292130977,598.5183744740559
6794,North Eastern,firewood,339.090100872735,385.6471717225615
6795,North Eastern,firewood,730.0492434151295,830.2850045360267
6796,North Eastern,charcoal,115.17587685528656,130.9895247475174
6797,North Eastern,charcoal,311.25632936823763,353.9918233904967
6798,North Eastern,LPG,888.5647163533556,1010.5646519086713
6799,North Eastern,charcoal,819.4840007960323,931.9991541053275
6800,North Eastern,electricity,309.5313628559449,352.0300189760661
6801,North Eastern,electricity,432.6120439451652,492.0096775788364
6802,North Eastern,firewood,120.58489726654574,137.14120366124246
6803,North Eastern,electricity,455.72771235510635,518.2991272614624
6804,North Eastern,LPG,173.89613115677903,197.77206996460478
6805,North Eastern,electricity,-117.37264776652705,-133.4879123048712
6806,North Eastern,electricity,-7.612953327400248,-8.658211819252303
6807,North Eastern,LPG,168.52769365844821,191.66654599775316
6808,North Eastern,LPG,186.96962058248235,212.64054948845717
6809,North Eastern,firewood,177.44125123136797,201.80393502543478
6810,North Eastern,electricity,372.57200782190546,423.7261444958531
6811,North Eastern,charcoal,209.08671937826102,237.79432594889624
6812,North Eastern,electricity,338.9055412615652,385.4372720767781
6813,North Eastern,electricity,442.1740948100283,502.8845980274452
6814,North Eastern,firewood,194.54369059035366,221.25453930840922
6815,North Eastern,charcoal,549.395150513793,624.8271046793368
6816,North Eastern,LPG,473.5279449311714,538.5433317702212
6817,North Eastern,charcoal,66.03800702012444,75.10502538398752
6818,North Eastern,firewood,-193.49409316575657,-220.06083215741495
6819,North Eastern,electricity,355.1743788105865,403.93982102128
6820,North Eastern,firewood,-268.35308144624946,-305.1979595288195
6821,North Eastern,LPG,-230.11284350330436,-261.70733691630807
6822,North Eastern,LPG,658.7421204260395,749.1874135605347
6823,North Eastern,electricity,692.2755337210268,787.3249645009238
6824,North Eastern,firewood,13.21037268130317,15.024156850446095
6825,North Eastern,LPG,616.7361370355425,701.4140086505224
6826,North Eastern,electricity,-32.07837182008387,-36.48273227098139
6827,North Eastern,LPG,368.8470586538472,419.48975980702045
6828,North Eastern,charcoal,79.90627122456618,90.87740226369912
6829,North Eastern,electricity,291.3743617533432,331.38006162207716
6830,North Eastern,charcoal,-3.048887994374809,-3.46750031600247
6831,North Eastern,charcoal,347.4884716261836,395.19863878045857
6832,North Eastern,firewood,250.2379567201036,284.5956281777738
6833,North Eastern,electricity,597.1167158372343,679.1008409216865
6834,North Eastern,LPG,908.6849670658514,1033.4474130439928
6835,North Eastern,LPG,911.8043351927148,1036.9950704146745
6836,North Eastern,firewood,355.42654436119625,404.22660890198847
6837,North Eastern,charcoal,371.1068133817647,422.059778859081
6838,North Eastern,firewood,331.02021122144373,376.46928622214796
6839,North Eastern,charcoal,107.76457913925083,122.56065585506997
6840,North Eastern,electricity,67.20844170118858,76.43616074676177
6841,North Eastern,firewood,191.81531831637724,218.15156152121583
6842,North Eastern,charcoal,103.88357747403603,118.14679266122117
6843,North Eastern,LPG,432.52668604681827,491.9126000410464
6844,North Eastern,electricity,295.1955472678589,335.72589590773595
6845,North Eastern,electricity,346.07510342878726,393.5912151295597
6846,North Eastern,electricity,443.65166928975475,504.56504348323807
6847,North Eastern,charcoal,493.0765169738722,560.7759227543849
6848,North Eastern,firewood,551.8168844914513,627.5813427321276
6849,North Eastern,electricity,525.694039410049,597.8718310210487
6850,North Eastern,charcoal,188.24272914192719,214.08845585311377
6851,North Eastern,electricity,376.3299365246557,428.0000368094909
6852,North Eastern,charcoal,262.7915889401397,298.8728741016209
6853,North Eastern,firewood,620.2333857313903,705.3914295923101
6854,North Eastern,electricity,505.02881959778034,574.3692765285556
6855,North Eastern,electricity,745.1693531048045,847.4811052860941
6856,North Eastern,firewood,982.7824393055231,1117.7184682221714
6857,North Eastern,charcoal,122.80049045297841,139.66099779217234
6858,North Eastern,firewood,-106.70959396850736,-121.36082122038343
6859,North Eastern,electricity,373.87968611576173,425.2133670194558
6860,North Eastern,firewood,201.5714064255943,229.24716052782838
6861,North Eastern,firewood,-549.1066799498778,-624.4990271069961
6862,North Eastern,firewood,-161.015989344182,-183.1234846811382
6863,North Eastern,LPG,616.0428906129604,700.6255794941198
6864,North Eastern,charcoal,465.27423264247955,529.156384784292
6865,North Eastern,LPG,449.8268717842643,511.5881012802438
6866,North Eastern,electricity,222.38087010864973,252.91376357456733
6867,North Eastern,LPG,609.6908141950079,693.4013629839825
6868,North Eastern,electricity,701.7925845575685,798.1487064173226
6869,North Eastern,firewood,368.09405279124735,418.6333662394856
6870,North Eastern,LPG,487.42708939942906,554.3508287739706
6871,North Eastern,charcoal,169.7048674856107,193.00534579138503
6872,North Eastern,LPG,425.09069347919103,483.4556456938839
6873,North Eastern,LPG,379.3139660029897,431.3937735352001
6874,North Eastern,charcoal,77.77390795983541,88.45226552272081
6875,North Eastern,charcoal,-144.26732975709035,-164.07523413273884
6876,North Eastern,LPG,646.8432219681306,735.654796344355
6877,North Eastern,electricity,301.50917538127715,342.9063851611265
6878,North Eastern,electricity,36.91278581310098,41.980911305239744
6879,North Eastern,charcoal,967.8386625946823,1100.7229109689322
6880,North Eastern,firewood,-147.87858996968998,-168.1823203725284
6881,North Eastern,LPG,295.9704722593377,336.6072181005448
6882,North Eastern,electricity,640.3911593976098,728.3168655829016
6883,North Eastern,firewood,349.5689068894062,397.56471780532166
6884,North Eastern,electricity,210.11935029791528,238.96873709381904
6885,North Eastern,charcoal,462.6509158079991,526.1728865484374
6886,North Eastern,electricity,520.8915919776449,592.4100075561755
6887,North Eastern,LPG,692.9515180658175,788.0937614962542
6888,North Eastern,firewood,135.47951310053747,154.08085024924128
6889,North Eastern,charcoal,920.9424533116571,1047.3878521513477
6890,North Eastern,charcoal,581.3671088546279,661.1888129003682
6891,North Eastern,charcoal,182.86410429793997,207.97134581804713
6892,North Eastern,LPG,729.7870292237326,829.9867883361511
6893,North Eastern,electricity,145.74109402571113,165.75134623544128
6894,North Eastern,LPG,966.274673047904,1098.9441856573812
6895,North Eastern,firewood,295.7899677959489,336.40193037433266
6896,North Eastern,charcoal,801.0125183097662,910.991537073697
6897,North Eastern,LPG,522.4019080669443,594.1276900445357
6898,North Eastern,LPG,545.6924093583058,620.6159771632011
6899,North Eastern,firewood,123.9586105018443,140.97812772374752
6900,North Eastern,LPG,328.76648933688784,373.90612832284256
6901,North Eastern,electricity,319.22092562757496,363.049958716241
6902,North Eastern,firewood,354.42932596586274,403.0924724209757
6903,North Eastern,firewood,395.519701681383,449.82455672223693
6904,North Eastern,LPG,248.32927869068405,282.424888654915
6905,North Eastern,electricity,338.87736562853297,385.4052279293305
6906,North Eastern,charcoal,615.4260326989024,699.9240269884617
6907,North Eastern,charcoal,767.1501978017627,872.4799199599447
6908,North Eastern,electricity,727.3392511465856,827.2029303290118
6909,North Eastern,LPG,290.09796755918194,329.9284185050576
6910,North Eastern,electricity,324.5310172564695,369.08912592578275
6911,North Eastern,LPG,909.0635617060393,1033.8779887282785
6912,North Eastern,electricity,552.4879317954044,628.3445248309134
6913,North Eastern,charcoal,847.0494022564123,963.3492851862178
6914,North Eastern,charcoal,589.2153952439289,670.1146690109204
6915,North Eastern,LPG,599.1083377718747,681.3659125479531
6916,North Eastern,firewood,143.57062933178815,163.28287673904268
6917,North Eastern,electricity,692.2381674095233,787.2824677948508
6918,North Eastern,charcoal,528.456203395352,601.0132401215337
6919,North Eastern,electricity,-11.746415960985303,-13.359198872428584
6920,North Eastern,LPG,650.3196380568883,739.608524362099
6921,North Eastern,charcoal,654.7151489922987,744.6075389489413
6922,North Eastern,LPG,977.7496442801834,1111.9946704398526
6923,North Eastern,LPG,295.4636447725272,336.0308031997952
6924,North Eastern,firewood,-222.96602362305305,-253.57925866649822
6925,North Eastern,LPG,572.5600281213791,651.1725199824444
6926,North Eastern,charcoal,496.76056105504995,564.9657860879083
6927,North Eastern,firewood,656.2871016924566,746.3953207548309
6928,North Eastern,charcoal,1224.3476454169531,1392.4505771327008
6929,North Eastern,charcoal,251.7045924674605,286.2636330132428
6930,North Eastern,LPG,608.0368184963506,691.5202736758996
6931,North Eastern,charcoal,715.5699873432638,813.817746605494
6932,North Eastern,firewood,629.8164785401722,716.2902810437378
6933,North Eastern,firewood,512.4844845909996,582.8486043253439
6934,North Eastern,electricity,17.775584967778855,20.21617278385489
6935,North Eastern,LPG,373.6644183937448,424.968543039206
6936,North Eastern,charcoal,254.90261774969363,289.90074716672655
6937,North Eastern,LPG,352.52076346284434,400.9218642862929
6938,North Eastern,charcoal,703.1117313079906,799.6489720165777
6939,North Eastern,charcoal,217.7834977484478,247.68517198930965
6940,North Eastern,electricity,475.81921123556856,541.1491889382121
6941,North Eastern,LPG,983.3344609709501,1118.3462824622616
6942,North Eastern,LPG,327.3022180326456,372.2408125685279
6943,North Eastern,charcoal,915.1636525144987,1040.8156220047395
6944,North Eastern,electricity,71.39208953144163,81.19422342410856
6945,North Eastern,LPG,904.8547996628674,1029.091363656579
6946,North Eastern,charcoal,180.07251833364612,204.79647510085573
6947,North Eastern,electricity,701.0724778810081,797.3297290940706
6948,North Eastern,LPG,611.895951182693,695.9092652800767
6949,North Eastern,LPG,406.85843216795877,462.7200949046195
6950,North Eastern,electricity,182.7282400872775,207.8168274512607
6951,North Eastern,electricity,521.3825371808763,592.9683595358106
6952,North Eastern,charcoal,772.8962642118508,879.014921288138
6953,North Eastern,firewood,328.47125244663494,373.5703554075579
6954,North Eastern,firewood,463.7565196446535,527.4302897918644
6955,North Eastern,LPG,287.4445712536674,326.9107108867959
6956,North Eastern,charcoal,264.4004484622982,300.70263003617174
6957,North Eastern,firewood,173.15058663948722,196.92416218508882
6958,North Eastern,electricity,118.31620050784676,134.5610148375741
6959,North Eastern,electricity,511.46882161832673,581.693490826523
6960,North Eastern,charcoal,720.354331446802,819.258981154448
6961,North Eastern,LPG,633.3506698302187,720.3097167979078
6962,North Eastern,firewood,831.7256269663332,945.9215555488107
6963,North Eastern,firewood,407.26377755487965,463.1810942131646
6964,North Eastern,electricity,361.98746452634197,411.6883434058087
6965,North Eastern,charcoal,747.5849601064547,850.2283751290709
6966,North Eastern,LPG,378.2353191453328,430.16702846398704
6967,North Eastern,firewood,373.03029358579136,424.2473528951205
6968,North Eastern,firewood,94.57507135882122,107.56022865638737
6969,North Eastern,LPG,859.4990708697622,977.5082933001806
6970,North Eastern,charcoal,763.9573258002226,868.8486666325932
6971,North Eastern,LPG,417.78383498806403,475.1455555319252
6972,North Eastern,firewood,299.06860438582964,340.13072376800403
6973,North Eastern,LPG,229.62997951678815,261.1581757044432
6974,North Eastern,charcoal,37.37809315491461,42.51010534508438
6975,North Eastern,electricity,269.7257801146256,306.7591297243637
6976,North Eastern,firewood,243.17885218015945,276.5673085844953
6977,North Eastern,electricity,165.5311618155269,188.25859033279875
6978,North Eastern,charcoal,-305.9854394133256,-347.9972402447752
6979,North Eastern,firewood,554.069556891028,630.1433070521662
6980,North Eastern,electricity,329.7742846871542,375.05229397470043
6981,North Eastern,charcoal,739.1522383541833,840.6378406802127
6982,North Eastern,electricity,232.24657697338256,264.13403199182795
6983,North Eastern,charcoal,820.7171477154748,933.4016120968095
6984,North Eastern,LPG,225.3704784228944,256.31384511035776
6985,North Eastern,electricity,767.74075315461,873.151558562738
6986,North Eastern,electricity,217.08207152427252,246.88743994455513
6987,North Eastern,charcoal,509.48011774321327,579.4317379093565
6988,North Eastern,firewood,1065.8677352207508,1212.2113752665598
6989,North Eastern,firewood,837.1822278211212,952.1273477009611
6990,North Eastern,electricity,687.5453079201491,781.9452786975855
6991,North Eastern,electricity,43.94738389372293,49.98135970233108
6992,North Eastern,electricity,-71.62244368938053,-81.45620520793248
6993,North Eastern,charcoal,144.07558377106398,163.85716142283107
6994,North Eastern,firewood,265.42238791314446,301.8648817736192
6995,North Eastern,firewood,262.93230552280966,299.0329110710914
6996,North Eastern,LPG,136.8061896961866,155.58967954147303
6997,North Eastern,firewood,492.20075618620587,559.7799200105719
6998,North Eastern,LPG,817.0503274682757,929.2313374296699
6999,North Eastern,electricity,217.53303752457325,247.40032357669716
7000,North Eastern,charcoal,442.9705966405276,503.79045955927205
7001,North Eastern,LPG,661.5265925919152,752.3541937547852
7002,North Eastern,firewood,422.00248461925554,479.9434257574793
7003,North Eastern,LPG,872.5547483545208,992.3565153035966
7004,North Eastern,charcoal,761.3707577360592,865.9069627732201
7005,North Eastern,electricity,-32.79098905237515,-37.29319184926626
7006,North Eastern,firewood,872.0627633822407,991.7969807946224
7007,North Eastern,electricity,661.9617222561492,752.8490667219185
7008,North Eastern,firewood,1053.3908193212887,1198.0213788141016
7009,North Eastern,LPG,295.50061106317867,336.0728449621531
7010,North Eastern,charcoal,627.3175582909903,713.4482590443432
7011,North Eastern,charcoal,152.72230733539183,173.69108013254112
7012,North Eastern,charcoal,623.485519464807,709.090081287325
7013,North Eastern,charcoal,447.26947137247555,508.67956979191644
7014,North Eastern,electricity,634.6347982782103,721.7701560818085
7015,North Eastern,firewood,534.5619959662298,607.9573580123931
7016,North Eastern,charcoal,352.6595216404651,401.0796739617009
7017,North Eastern,electricity,125.61985027621432,142.86745571913855
7018,North Eastern,firewood,-23.083563842176886,-26.252937157707773
7019,North Eastern,firewood,809.8498887821072,921.0422785118905
7020,North Eastern,charcoal,710.7009948506595,808.2802414436551
7021,North Eastern,firewood,208.18143848366176,236.76474998746852
7022,North Eastern,charcoal,1028.0963927781345,1169.2540275065724
7023,North Eastern,LPG,644.1433704638137,732.5842552284953
7024,North Eastern,firewood,-173.7027649635828,-197.55215459308272
7025,North Eastern,firewood,1156.610478235868,1315.4130968976526
7026,North Eastern,charcoal,523.4617375139426,595.3330340746069
7027,North Eastern,electricity,691.0271400163515,785.9051663405966
7028,North Eastern,electricity,514.1540296870179,584.7473779630454
7029,North Eastern,electricity,742.6211056518972,844.5829834579026
7030,North Eastern,electricity,479.5690687437776,545.4139018822983
7031,North Eastern,charcoal,412.5034657891244,469.14019164197117
7032,North Eastern,electricity,547.9768653602132,623.2140889741704
7033,North Eastern,electricity,-133.7878560706007,-152.15692870909416
7034,North Eastern,charcoal,590.5818559230031,671.6687447412314
7035,North Eastern,electricity,78.66386535090203,89.46441406358088
7036,North Eastern,firewood,-59.20646755206235,-67.33551554696051
7037,North Eastern,firewood,356.3276295979756,405.2514131417776
7038,North Eastern,firewood,316.17556818198466,359.58647369337115
7039,North Eastern,charcoal,91.45947167905274,104.01685714058668
7040,North Eastern,electricity,657.6587781850119,747.955328429814
7041,North Eastern,LPG,-64.45408281357112,-73.30362838387444
7042,North Eastern,LPG,855.5679244875532,973.0374005196943
7043,North Eastern,LPG,696.9665887685761,792.6601014065016
7044,North Eastern,LPG,675.4664168692323,768.2079559053778
7045,North Eastern,charcoal,14.105918288084183,16.04266086903814
7046,North Eastern,charcoal,272.6541542043926,310.0895695766557
7047,North Eastern,firewood,328.5693281901408,373.6818969506472
7048,North Eastern,charcoal,615.5716459617565,700.0896329523057
7049,North Eastern,LPG,424.6679363676624,482.9748440309424
7050,North Eastern,charcoal,1075.760426675653,1223.46233325822
7051,North Eastern,electricity,580.0671055839288,659.7103191806021
7052,North Eastern,LPG,279.8583193045441,318.282866545058
7053,North Eastern,electricity,91.04094637768299,103.54086831533886
7054,North Eastern,firewood,-101.94713060742151,-115.94447163982049
7055,North Eastern,firewood,617.5197041072646,702.305159481192
7056,North Eastern,electricity,425.4500839111806,483.8643804321857
7057,North Eastern,firewood,234.1717702337241,266.3235542868144
7058,North Eastern,firewood,325.0254683751063,369.6514651830084
7059,North Eastern,firewood,419.53569512285964,477.13794606322824
7060,North Eastern,charcoal,-179.67008103802561,-204.33878316454653
7061,North Eastern,firewood,517.1252602370795,588.1265584676305
7062,North Eastern,electricity,-84.15616785053612,-95.71080969641473
7063,North Eastern,electricity,97.85741004655944,111.29323244595204
7064,North Eastern,LPG,525.0219016125034,597.1074087039001
7065,North Eastern,firewood,341.15702855044503,387.99788857042114
7066,North Eastern,electricity,826.1463521851006,939.5762463401148
7067,North Eastern,charcoal,479.2163912726138,545.0128017943437
7068,North Eastern,electricity,585.5522622650346,665.9485878740239
7069,North Eastern,LPG,148.32273502477642,168.68744654367822
7070,North Eastern,charcoal,59.443462661368756,67.60505008477469
7071,North Eastern,LPG,650.7749160956794,740.1263120756162
7072,North Eastern,LPG,-190.83585097112302,-217.0376133094582
7073,North Eastern,firewood,132.80723951156892,151.04167349650734
7074,North Eastern,firewood,266.82848122183634,303.46403169359445
7075,North Eastern,firewood,-91.21670110348845,-103.74075416499741
7076,North Eastern,electricity,631.3215641425223,718.0020148992907
7077,North Eastern,charcoal,395.82170765692666,450.1680281182227
7078,North Eastern,charcoal,529.1066475491336,601.7529902576297
7079,North Eastern,charcoal,394.3760014149295,448.5238264091993
7080,North Eastern,LPG,239.74859265501007,272.66607442654293
7081,North Eastern,firewood,741.5301720041557,843.3422646203263
7082,North Eastern,charcoal,637.5669589703623,725.104902436993
7083,North Eastern,charcoal,-496.4945032659841,-564.6631985644037
7084,North Eastern,firewood,196.76100149576266,223.77628700113087
7085,North Eastern,firewood,701.7209191530295,798.0672013527404
7086,North Eastern,LPG,301.67913877190097,343.09968452528295
7087,North Eastern,charcoal,980.0006024331334,1114.5546851472027
7088,North Eastern,LPG,1160.5258111086014,1319.8660049738123
7089,North Eastern,charcoal,-16.963208187105238,-19.292256671194785
7090,North Eastern,electricity,754.9289429328232,858.5806867974999
7091,North Eastern,charcoal,525.3323012064756,597.4604261621247
7092,North Eastern,charcoal,185.49626770466764,210.96490526051852
7093,North Eastern,LPG,308.3830648744242,350.7240596816826
7094,North Eastern,LPG,658.3930750549116,748.790444259951
7095,North Eastern,LPG,436.10204000140476,495.9788500935976
7096,North Eastern,firewood,435.5596079108662,495.3619420770281
7097,North Eastern,firewood,9.17211384367505,10.431445074411634
7098,North Eastern,charcoal,-107.57263902255573,-122.34236236035264
7099,North Eastern,LPG,463.8048650165913,527.4852729833692
7100,North Eastern,LPG,279.7736799870078,318.186606249224
7101,North Eastern,charcoal,401.1299013875822,456.2050368480972
7102,North Eastern,firewood,328.4378920432479,373.53241462078586
7103,North Eastern,LPG,599.5289583163681,681.8442842932054
7104,North Eastern,LPG,551.4313367853273,627.1428593259527
7105,North Eastern,charcoal,955.3516124490487,1086.5213888383032
7106,North Eastern,LPG,181.61497258731148,206.55070832354934
7107,North Eastern,firewood,382.5162784614441,435.03576349420035
7108,North Eastern,firewood,197.91508007486433,225.0888205691432
7109,North Eastern,LPG,373.8435212299512,425.1722366948235
7110,North Eastern,electricity,697.7555121760399,793.5573439978102
7111,North Eastern,LPG,540.655146734761,614.8870983814437
7112,North Eastern,LPG,457.75325641093,520.6027785161507
7113,North Eastern,charcoal,283.8039255926707,322.77020457654436
7114,North Eastern,firewood,-87.49354928364403,-99.50641360028835
7115,North Eastern,charcoal,618.5781739848521,703.5089572729723
7116,North Eastern,LPG,619.6552603696821,704.7339276184395
7117,North Eastern,electricity,613.1377833769476,697.3216010346025
7118,North Eastern,LPG,363.58098165521966,413.5006504364813
7119,North Eastern,LPG,464.3736677739497,528.132172359313
7120,North Eastern,LPG,807.3543778994203,918.2041339850107
7121,North Eastern,charcoal,-338.8813867359728,-385.40980113482186
7122,North Eastern,electricity,199.82165348468826,227.25716650813595
7123,North Eastern,firewood,525.2429661998136,597.358825459048
7124,North Eastern,firewood,663.4405045024458,754.5308857706316
7125,North Eastern,firewood,379.4834651820877,431.58654495158834
7126,North Eastern,LPG,440.9519552673007,501.4946587255011
7127,North Eastern,LPG,208.59217089514684,237.23187595905048
7128,North Eastern,firewood,-0.8031854882211178,-0.9134628557538772
7129,North Eastern,charcoal,185.80047792063286,211.31088353913574
7130,North Eastern,charcoal,635.2664148157892,722.488493569997
7131,North Eastern,charcoal,154.63381898171082,175.86504232789972
7132,North Eastern,firewood,564.0385398765337,641.4810314015817
7133,North Eastern,LPG,-75.33605543472538,-85.67969584591317
7134,North Eastern,electricity,559.8806656216839,636.7522810115411
7135,North Eastern,electricity,208.74737797942296,237.40839297599774
7136,North Eastern,firewood,123.05284100685594,139.94799607709726
7137,North Eastern,firewood,469.2934781962264,533.7274727525682
7138,North Eastern,firewood,852.507008574263,969.5562208515092
7139,North Eastern,charcoal,457.40492284894225,520.206618756102
7140,North Eastern,firewood,637.8756859362429,725.456017615289
7141,North Eastern,LPG,103.51886231292639,117.73200210849117
7142,North Eastern,electricity,438.2928805552622,498.4704930554997
7143,North Eastern,firewood,893.4752842756773,1016.1494408067277
7144,North Eastern,electricity,115.41376308262903,131.260072753874
7145,North Eastern,electricity,313.08648733355335,356.07326204445025
7146,North Eastern,LPG,415.9316551255622,473.0390713743019
7147,North Eastern,LPG,491.59113384574846,559.0865965227697
7148,North Eastern,LPG,464.25370461927497,527.9957382635014
7149,North Eastern,LPG,743.100728879235,845.128458954354
7150,North Eastern,charcoal,264.72174570174934,301.06804138659953
7151,North Eastern,electricity,493.40618050418453,561.150849087409
7152,North Eastern,LPG,788.4865023251753,896.7456990944218
7153,North Eastern,charcoal,329.9943322196316,375.302554033387
7154,North Eastern,electricity,604.875834865162,687.9252869921487
7155,North Eastern,firewood,614.9126742441256,699.3401844178441
7156,North Eastern,charcoal,1002.7540879511836,1140.432224226881
7157,North Eastern,firewood,634.0180395581281,721.068716389459
7158,North Eastern,electricity,330.97636521078755,376.41942015422865
7159,North Eastern,electricity,-366.6973663314409,-417.0449147287477
7160,North Eastern,electricity,113.96266082791897,129.60973415959225
7161,North Eastern,electricity,133.06133142290986,151.33065222727538
7162,North Eastern,firewood,701.430347977918,797.7367347552862
7163,North Eastern,firewood,472.85998854151705,537.7836649682673
7164,North Eastern,charcoal,554.2723534275294,630.3739475531293
7165,North Eastern,charcoal,367.0139779655376,417.4049971402059
7166,North Eastern,electricity,226.679658921772,257.8027760917313
7167,North Eastern,LPG,135.52955083087227,154.13775815995103
7168,North Eastern,firewood,540.2655450451296,614.4440043798259
7169,North Eastern,electricity,101.0086771857222,114.87716856332186
7170,North Eastern,charcoal,247.49273624677645,281.47348893345884
7171,North Eastern,LPG,245.74133413907032,279.4816193163647
7172,North Eastern,firewood,273.53080215409767,311.0865812898553
7173,North Eastern,firewood,351.7430279817889,400.0373457236885
7174,North Eastern,charcoal,576.5406858278712,655.699721992038
7175,North Eastern,electricity,239.41081422624282,272.28191901950595
7176,North Eastern,charcoal,113.75509107862138,129.37366508371608
7177,North Eastern,charcoal,714.1020885813641,812.1483053435854
7178,North Eastern,electricity,304.05555668853503,345.8023846218709
7179,North Eastern,charcoal,375.9603684666179,427.57972705708454
7180,North Eastern,charcoal,733.4585640422374,834.1624248852366
7181,North Eastern,electricity,151.54099104931856,172.34756912039
7182,North Eastern,firewood,778.7341651090229,885.6543659784917
7183,North Eastern,LPG,1016.9130091873216,1156.5351653487407
7184,North Eastern,firewood,437.5440426471354,497.61883970258714
7185,North Eastern,firewood,-16.18390580777799,-18.40595607518591
7186,North Eastern,electricity,420.6245302500683,478.37627825340263
7187,North Eastern,firewood,386.6939310985029,439.7870078383273
7188,North Eastern,charcoal,-67.32063543180078,-76.56375867658703
7189,North Eastern,charcoal,-13.964228637857559,-15.881517229835401
7190,North Eastern,LPG,900.5692736970705,1024.2174349756783
7191,Central Rift,charcoal,667.4940543010475,722.562313780884
7192,Central Rift,LPG,470.6238740376468,509.45034364575264
7193,Central Rift,charcoal,828.7957192067533,897.1713660413105
7194,Central Rift,electricity,-49.05749254013995,-53.104735674701494
7195,Central Rift,electricity,245.9587444797378,266.25034089931614
7196,Central Rift,LPG,644.355992780029,697.5153621843815
7197,Central Rift,charcoal,560.9413411552307,607.2190018005373
7198,Central Rift,electricity,302.3985003558116,327.3463766351661
7199,Central Rift,electricity,618.0793353063939,669.0708804691714
7200,Central Rift,electricity,82.59923176671595,89.41366838747001
7201,Central Rift,LPG,421.7595163350443,456.5546764326854
7202,Central Rift,firewood,629.7966377302331,681.7548603429774
7203,Central Rift,charcoal,36.41307235242397,39.41715082149894
7204,Central Rift,LPG,737.4628937116904,798.3035824429049
7205,Central Rift,firewood,433.66922660560243,469.4469378005646
7206,Central Rift,LPG,133.6061816690127,144.62869165670625
7207,Central Rift,charcoal,505.569088796553,547.2785386222686
7208,Central Rift,electricity,522.4195220035499,565.5191325688428
7209,Central Rift,charcoal,342.15460791715566,370.382363070321
7210,Central Rift,LPG,319.73219394309,346.1100999433949
7211,Central Rift,LPG,438.98095210946474,475.19688065849556
7212,Central Rift,LPG,678.2593284178585,734.2157230123318
7213,Central Rift,LPG,343.59084477010424,371.93708946363785
7214,Central Rift,firewood,661.7254713795724,716.317822768387
7215,Central Rift,electricity,199.520364350334,215.98079440923655
7216,Central Rift,charcoal,228.58231078646867,247.44035142635235
7217,Central Rift,electricity,299.8041835296184,324.5380286708119
7218,Central Rift,LPG,307.99520212763184,333.4048063031615
7219,Central Rift,firewood,393.0780629365839,425.50700312885203
7220,Central Rift,firewood,216.9023167711715,234.79675790479317
7221,Central Rift,charcoal,692.4408870375198,749.5672602181152
7222,Central Rift,firewood,248.268169008801,268.7502929520271
7223,Central Rift,charcoal,498.47171925181954,539.5956360900947
7224,Central Rift,firewood,358.64177103249597,388.2297171426769
7225,Central Rift,firewood,766.8729610035834,830.1399802863791
7226,Central Rift,LPG,247.24505730649562,267.6427745342815
7227,Central Rift,electricity,824.1667563685409,892.1605137689455
7228,Central Rift,charcoal,430.7420805464891,466.2783021915744
7229,Central Rift,firewood,157.85270500106222,170.87555316364987
7230,Central Rift,LPG,99.05109638415229,107.22281183584485
7231,Central Rift,charcoal,485.6752852714129,525.7434963063045
7232,Central Rift,firewood,519.1517440641755,561.9817629494701
7233,Central Rift,LPG,299.10307102494284,323.77907438450063
7234,Central Rift,charcoal,468.5037373487289,507.1552956799991
7235,Central Rift,charcoal,303.14683857505094,328.1564527574926
7236,Central Rift,charcoal,578.7479119966239,626.4946147363454
7237,Central Rift,firewood,560.9706720848865,607.2507525318896
7238,Central Rift,LPG,274.6027365818663,297.25746234987025
7239,Central Rift,LPG,506.25820064572423,548.0245021989965
7240,Central Rift,LPG,778.8283047008891,843.0816398387125
7241,Central Rift,electricity,645.0846826406406,698.3041689584935
7242,Central Rift,firewood,874.0033703138679,946.108648364762
7243,Central Rift,firewood,729.8238692330485,790.034338444775
7244,Central Rift,electricity,275.2427763706826,297.9503054212639
7245,Central Rift,firewood,350.698729899648,379.631375116369
7246,Central Rift,LPG,865.8775517535721,937.3124497732418
7247,Central Rift,firewood,160.80211000832617,174.06828408401307
7248,Central Rift,firewood,-54.70771847465443,-59.221105248813416
7249,Central Rift,electricity,512.465546929093,554.7439545507432
7250,Central Rift,electricity,514.7378764095655,557.2037512133546
7251,Central Rift,electricity,250.66281645310676,271.34249881048805
7252,Central Rift,LPG,465.4289012583717,503.8267856121874
7253,Central Rift,electricity,363.82953144286193,393.84546778689804
7254,Central Rift,LPG,493.7510113723689,534.4854698105894
7255,Central Rift,electricity,934.4220498530306,1011.5118689659056
7256,Central Rift,firewood,272.155442617763,294.6082666337285
7257,Central Rift,charcoal,400.0629331174897,433.0681250996826
7258,Central Rift,firewood,789.89209905228,855.0581972240931
7259,Central Rift,firewood,383.39368132378087,415.0236600329928
7260,Central Rift,charcoal,-142.8148554558968,-154.5970810310083
7261,Central Rift,firewood,1081.554387910599,1170.7826249132233
7262,Central Rift,firewood,618.5952421573327,669.6293496353127
7263,Central Rift,charcoal,730.4852827728855,790.7503186016486
7264,Central Rift,LPG,265.0260068445322,286.89065240920615
7265,Central Rift,firewood,419.57537158342785,454.1903397390607
7266,Central Rift,firewood,799.1593708640762,865.0900189603625
7267,Central Rift,LPG,469.69923706082926,508.4494241183477
7268,Central Rift,charcoal,524.9013818096246,568.2057458089187
7269,Central Rift,electricity,232.80242878056524,252.00862915496188
7270,Central Rift,firewood,695.0611313962881,752.4036747364819
7271,Central Rift,charcoal,447.6658490699184,484.59828161818666
7272,Central Rift,charcoal,850.4527542402542,920.6151064650752
7273,Central Rift,electricity,33.78086605655392,36.56778750621962
7274,Central Rift,firewood,376.30395597072874,407.34903233831386
7275,Central Rift,charcoal,518.5767918853574,561.3593772158994
7276,Central Rift,firewood,256.77300258912794,277.956775302731
7277,Central Rift,charcoal,190.27232755020884,205.96979457310107
7278,Central Rift,charcoal,597.7132699825021,647.0246147560586
7279,Central Rift,charcoal,175.60845674655027,190.09615442814066
7280,Central Rift,LPG,543.0854517672965,587.8900015380984
7281,Central Rift,LPG,403.80080784474643,437.114374491938
7282,Central Rift,LPG,594.4350703183586,643.4759636196233
7283,Central Rift,electricity,518.8736002065499,561.6806722235902
7284,Central Rift,charcoal,799.5793373828228,865.5446327169058
7285,Central Rift,charcoal,302.8432895891458,327.8278609802503
7286,Central Rift,firewood,-651.6288593529239,-705.3882402495401
7287,Central Rift,firewood,82.05106042834137,88.82027291367953
7288,Central Rift,charcoal,-24.37088283951391,-26.381480673773808
7289,Central Rift,firewood,59.14028301831735,64.01935636732853
7290,Central Rift,firewood,450.5455579169404,487.71556644508803
7291,Central Rift,charcoal,90.00730274223281,97.43290521846701
7292,Central Rift,firewood,303.26580884561037,328.28523807537323
7293,Central Rift,charcoal,600.1487223380198,649.6609919309064
7294,Central Rift,charcoal,376.8546548646917,407.9451638910288
7295,Central Rift,firewood,-576.1925196961338,-623.7284025710649
7296,Central Rift,LPG,599.3517330226999,648.7982509970727
7297,Central Rift,firewood,618.0222800858513,669.009118192934
7298,Central Rift,charcoal,1170.5917598672343,1267.1655800562812
7299,Central Rift,firewood,666.3062472289805,721.2765126253714
7300,Central Rift,charcoal,428.24491641898624,463.5751220235526
7301,Central Rift,electricity,582.1359840683584,630.162202753998
7302,Central Rift,LPG,307.2606349133303,332.60963729368007
7303,Central Rift,LPG,336.4264053209042,364.18158375987883
7304,Central Rift,firewood,152.57357677683535,165.16089686092428
7305,Central Rift,charcoal,447.5028100755881,484.4217919068241
7306,Central Rift,firewood,198.0025243153817,214.3377325714007
7307,Central Rift,LPG,517.7268393901167,560.4393036398013
7308,Central Rift,firewood,96.95591942231692,104.95478277465807
7309,Central Rift,firewood,599.4700497687421,648.9263288746633
7310,Central Rift,charcoal,470.2549756259207,509.05101111505917
7311,Central Rift,electricity,235.92821827443115,255.39229628207173
7312,Central Rift,electricity,107.75248187681473,116.64206163165194
7313,Central Rift,LPG,316.06476044505644,342.1401031817736
7314,Central Rift,LPG,727.2193101324083,787.214903218332
7315,Central Rift,LPG,601.6901729705488,651.3296122406191
7316,Central Rift,LPG,312.69422223224524,338.4914955664055
7317,Central Rift,charcoal,191.5243889855979,207.32515107690975
7318,Central Rift,firewood,471.115650393337,509.9826915507873
7319,Central Rift,charcoal,752.7169607903395,814.8161100555425
7320,Central Rift,LPG,543.1623103486488,587.9732009524123
7321,Central Rift,electricity,862.4810872422985,933.6357769397881
7322,Central Rift,electricity,535.7868538606372,579.9892693041397
7323,Central Rift,firewood,520.5221115345709,563.465185736173
7324,Central Rift,LPG,571.312675227711,618.4459709339972
7325,Central Rift,firewood,500.7976768817365,542.1134852244797
7326,Central Rift,charcoal,76.34217662208891,82.64040619341125
7327,Central Rift,LPG,91.91728012396243,99.50045573418933
7328,Central Rift,LPG,-221.82463477895544,-240.12516714821928
7329,Central Rift,firewood,-199.63167812154632,-216.10129156657388
7330,Central Rift,charcoal,563.5820057686857,610.0775212446023
7331,Central Rift,electricity,296.5020075845017,320.9634232102231
7332,Central Rift,firewood,640.7228999743743,693.5825392222602
7333,Central Rift,LPG,110.12158192324523,119.20661243191296
7334,Central Rift,electricity,825.9216808706158,894.0602195424416
7335,Central Rift,charcoal,495.0414867024075,535.8824093553561
7336,Central Rift,electricity,671.0385553917624,726.3992362115829
7337,Central Rift,electricity,461.04797516729826,499.0844331186004
7338,Central Rift,charcoal,72.0341630012814,77.97698144888712
7339,Central Rift,electricity,199.6804478851111,216.15408483563277
7340,Central Rift,electricity,720.8404638141869,780.3098020788574
7341,Central Rift,electricity,647.9994375234461,701.4593911191304
7342,Central Rift,LPG,691.9875996223043,749.0765765911444
7343,Central Rift,electricity,109.7868634082322,118.84427963941135
7344,Central Rift,LPG,1104.6238134916161,1195.7552781046745
7345,Central Rift,charcoal,743.7365735690163,805.0948408884601
7346,Central Rift,LPG,428.92284699412465,464.30898187113996
7347,Central Rift,LPG,365.08680853086116,395.2064702346572
7348,Central Rift,LPG,391.9899403913608,424.3291104736481
7349,Central Rift,charcoal,659.7965096793785,714.2297217279272
7350,Central Rift,firewood,359.33342377216775,388.97843123337157
7351,Central Rift,LPG,526.8111480040023,570.2730677143326
7352,Central Rift,charcoal,716.9308063954959,776.0775979231244
7353,Central Rift,firewood,357.6839228534554,387.1928464888655
7354,Central Rift,firewood,-2.80965593064775,-3.0414525449261895
7355,Central Rift,LPG,199.47960431473757,215.93667167070342
7356,Central Rift,electricity,-232.32928291594556,-251.49644875651106
7357,Central Rift,electricity,682.2005172344722,738.4820599063161
7358,Central Rift,LPG,293.0328489614615,317.2080590007821
7359,Central Rift,electricity,244.26661112034031,264.41860653776837
7360,Central Rift,LPG,192.3733298195847,208.24412952970044
7361,Central Rift,charcoal,239.31412223220795,259.0575373163651
7362,Central Rift,firewood,499.24285860826717,540.4303944434492
7363,Central Rift,electricity,412.44849301293345,446.4754936865005
7364,Central Rift,electricity,265.3917206067712,287.2865375568298
7365,Central Rift,charcoal,471.83644843671414,510.76295543274307
7366,Central Rift,charcoal,899.2901346044182,973.4815707092827
7367,Central Rift,firewood,-222.3285332091009,-240.67063719885172
7368,Central Rift,charcoal,617.6948081625914,668.6546298360051
7369,Central Rift,electricity,448.9710571031839,486.0111693141966
7370,Central Rift,charcoal,391.9375187057172,424.2723639989389
7371,Central Rift,charcoal,443.2244571072922,479.7904748186438
7372,Central Rift,electricity,529.625001689673,573.319064329071
7373,Central Rift,charcoal,540.6645444685976,585.2693693872569
7374,Central Rift,LPG,-18.56071422377846,-20.091973147240186
7375,Central Rift,firewood,767.4995617774332,830.8182756240715
7376,Central Rift,firewood,209.38315035362447,226.6572602577985
7377,Central Rift,firewood,29.459351443033597,31.889747937083868
7378,Central Rift,charcoal,500.2043636346692,541.4712236345295
7379,Central Rift,electricity,107.69208806851492,116.57668533416741
7380,Central Rift,electricity,575.2440757690267,622.7017120199714
7381,Central Rift,firewood,626.8679855503561,678.5845943582606
7382,Central Rift,LPG,64.37807183306649,69.68926275929446
7383,Central Rift,electricity,252.1964860821511,273.00269618392855
7384,Central Rift,firewood,-85.33604310529307,-92.37626666147975
7385,Central Rift,LPG,805.3187515664822,871.757548570717
7386,Central Rift,firewood,131.98012299583564,142.8684831429921
7387,Central Rift,charcoal,302.7753058853376,327.75426862087795
7388,Central Rift,firewood,454.3935258368323,491.880991718371
7389,Central Rift,charcoal,661.7574926479344,716.3524857913891
7390,Central Rift,LPG,564.9764581005975,611.5870158938968
7391,Central Rift,LPG,775.6261729739495,839.6153322443002
7392,Central Rift,LPG,310.31576215135834,335.9168125288454
7393,Central Rift,electricity,-44.78180588183267,-48.47630486708386
7394,Central Rift,firewood,702.2212691153368,760.1545238173521
7395,Central Rift,LPG,593.1898226532439,642.1279830221366
7396,Central Rift,charcoal,125.11981670849468,135.4422015869455
7397,Central Rift,electricity,1059.6374127900372,1147.0574993452153
7398,Central Rift,firewood,609.820863641017,660.131084891401
7399,Central Rift,charcoal,165.79349296085448,179.47145613012498
7400,Central Rift,electricity,623.3743409048923,674.8027240295459
7401,Central Rift,electricity,253.19015681829802,274.0783447558076
7402,Central Rift,electricity,-75.40658307210737,-81.62762617555623
7403,Central Rift,electricity,473.96806372124456,513.0704289782473
7404,Central Rift,charcoal,139.89914727228177,151.440826922245
7405,Central Rift,electricity,209.27199881395208,226.53693871610312
7406,Central Rift,electricity,211.26179388375724,228.69089187916722
7407,Central Rift,charcoal,248.2142879300225,268.69196668424934
7408,Central Rift,charcoal,-17.752405967033383,-19.216979459313638
7409,Central Rift,firewood,757.947330238426,820.4779849830962
7410,Central Rift,firewood,452.01295882900973,489.304027932403
7411,Central Rift,firewood,503.41528146911946,544.9470421903218
7412,Central Rift,charcoal,149.7530010008558,162.1076235834264
7413,Central Rift,electricity,260.99977068305964,282.5322517644121
7414,Central Rift,charcoal,342.1931935785147,370.42413204874214
7415,Central Rift,charcoal,614.0014684606688,664.6565896086739
7416,Central Rift,electricity,308.59023421186896,334.04892853434814
7417,Central Rift,LPG,379.0676589038167,410.34074076338163
7418,Central Rift,charcoal,692.7058574465581,749.8540906858991
7419,Central Rift,charcoal,82.03388442092472,88.80167988565101
7420,Central Rift,LPG,609.106410313784,659.3576891646711
7421,Central Rift,charcoal,387.8022586264658,419.7959449631492
7422,Central Rift,LPG,717.6509885905036,776.8571951492202
7423,Central Rift,LPG,580.0596553788853,627.9145769476434
7424,Central Rift,firewood,335.2937144324409,362.95544587311724
7425,Central Rift,charcoal,874.1641588682742,946.2827019749068
7426,Central Rift,LPG,831.6012717636918,900.2083766841964
7427,Central Rift,firewood,381.22979290311844,412.6812508176257
7428,Central Rift,LPG,-156.33167276755012,-169.229035770873
7429,Central Rift,electricity,230.68479746597228,249.716293256915
7430,Central Rift,firewood,215.43066497752952,233.2036948381757
7431,Central Rift,electricity,279.7373151673348,302.81564366863995
7432,Central Rift,charcoal,463.2684404304458,501.48808676595763
7433,Central Rift,LPG,888.3015458264152,961.5864233570945
7434,Central Rift,firewood,218.45961558664274,236.48253387254078
7435,Central Rift,firewood,514.5337160296406,556.982747602086
7436,Central Rift,LPG,280.5813225187021,303.72928162649504
7437,Central Rift,electricity,512.7022255316912,555.0001591380557
7438,Central Rift,charcoal,189.94191452861295,205.61212247722352
7439,Central Rift,electricity,-258.24590781314134,-279.5511952077255
7440,Central Rift,electricity,251.06061861619827,271.7731196520346
7441,Central Rift,LPG,483.814631566867,523.7293386711335
7442,Central Rift,charcoal,880.803359482116,953.4696366393906
7443,Central Rift,electricity,628.9366178713179,680.8238888457017
7444,Central Rift,electricity,149.08117852985376,161.3803757585667
7445,Central Rift,charcoal,196.33842898846666,212.53634938001517
7446,Central Rift,charcoal,696.4317001173184,753.8873153769972
7447,Central Rift,firewood,605.3915613450199,655.336365155984
7448,Central Rift,charcoal,428.8649174744986,464.24627316614476
7449,Central Rift,charcoal,309.5216868063763,335.05722596790235
7450,Central Rift,firewood,178.23769896100785,192.942309125291
7451,Central Rift,charcoal,1006.2353768081824,1089.2497953948575
7452,Central Rift,electricity,122.42553015949119,132.5256363976492
7453,Central Rift,firewood,-71.17719462649069,-77.04931318317617
7454,Central Rift,charcoal,923.4809308634648,999.6681076597007
7455,Central Rift,charcoal,725.1507865096457,784.9757263966915
7456,Central Rift,electricity,640.8721879852537,693.7441434940372
7457,Central Rift,LPG,125.36737650097854,135.71018506230928
7458,Central Rift,electricity,46.08522526833622,49.88725635297396
7459,Central Rift,charcoal,623.7351318702512,675.1932802495469
7460,Central Rift,LPG,891.3701544666656,964.9081922101655
7461,Central Rift,firewood,305.64320208632193,330.8587662584435
7462,Central Rift,LPG,806.8767946290195,873.4441301859137
7463,Central Rift,firewood,-12.820272614577334,-13.877945105279965
7464,Central Rift,electricity,539.9483437965888,584.4940821598074
7465,Central Rift,charcoal,556.0431733103303,601.9167351084326
7466,Central Rift,electricity,142.03346834201324,153.75122948022934
7467,Central Rift,charcoal,166.02218201716292,179.71901203357885
7468,Central Rift,LPG,-17.69047861798873,-19.149943103972802
7469,Central Rift,charcoal,378.989162311724,410.25576820244123
7470,Central Rift,LPG,980.2331744551456,1061.1024113476951
7471,Central Rift,LPG,-353.8816255506799,-383.07685965861106
7472,Central Rift,LPG,422.8969894207384,457.7859910479493
7473,Central Rift,firewood,-417.681194597018,-452.139893151272
7474,Central Rift,charcoal,-14.045835899937401,-15.204617361682237
7475,Central Rift,LPG,595.0139759402266,644.1026289552954
7476,Central Rift,electricity,465.54694833641236,503.9545715741664
7477,Central Rift,firewood,299.22630995291075,323.9124805240259
7478,Central Rift,LPG,764.4892837914731,827.5596497042696
7479,Central Rift,LPG,44.398477785168154,48.061352202444525
7480,Central Rift,charcoal,556.6722520121997,602.5977128032062
7481,Central Rift,firewood,374.5085222611045,405.4054753476456
7482,Central Rift,firewood,701.2683938734708,759.1230363680322
7483,Central Rift,electricity,-8.182555962383901,-8.857616829280573
7484,Central Rift,LPG,653.350487445537,707.2519026597939
7485,Central Rift,charcoal,363.05470345472884,393.00671648974395
7486,Central Rift,LPG,-104.83250643517778,-113.48118821607994
7487,Central Rift,LPG,151.48855438799973,163.9863601250097
7488,Central Rift,electricity,187.07912584841137,202.51315373090532
7489,Central Rift,electricity,432.650507429082,468.34417429198123
7490,Central Rift,LPG,83.8996564617546,90.82137811984936
7491,Central Rift,LPG,413.773357221386,447.90965919215034
7492,Central Rift,firewood,632.6611203466834,684.8556627752848
7493,Central Rift,electricity,427.7517208452444,463.0412378149771
7494,Central Rift,electricity,237.11898856606402,256.6813051227643
7495,Central Rift,electricity,304.02157893328285,329.1033591952787
7496,Central Rift,electricity,156.48074266983656,169.39040394009808
7497,Central Rift,LPG,357.3320386361985,386.81193182368486
7498,Central Rift,charcoal,264.2023046781063,285.9989948140501
7499,Central Rift,charcoal,-16.811879420655373,-18.198859472859443
7500,Central Rift,firewood,737.229905019276,798.0513721833663
7501,Central Rift,firewood,302.29334501497993,327.2325459787158
7502,Central Rift,firewood,499.3356281888618,540.5308175144429
7503,Central Rift,charcoal,304.0275652833286,329.10983941920324
7504,Central Rift,firewood,49.333107842897334,53.403089239936364
7505,Central Rift,firewood,481.869571437852,521.6238110814749
7506,Central Rift,firewood,600.1410680725841,649.6527061885722
7507,Central Rift,LPG,-163.16852298087588,-176.62992612679815
7508,Central Rift,firewood,764.3607630011178,827.4205259487101
7509,Central Rift,LPG,66.66669783020848,72.16670040120067
7510,Central Rift,charcoal,337.56145820712527,365.41027850921313
7511,Central Rift,firewood,-60.40574098084045,-65.38921461175978
7512,Central Rift,LPG,160.78154426605315,174.04602166800254
7513,Central Rift,electricity,223.91671549228997,242.3898445204039
7514,Central Rift,LPG,217.49745971591713,235.4410001424803
7515,Central Rift,LPG,293.16846571669134,317.35486413831836
7516,Central Rift,LPG,131.84923596515227,142.72679793227735
7517,Central Rift,electricity,261.8990375652143,283.5057081643445
7518,Central Rift,LPG,277.3107210938878,300.1888555841336
7519,Central Rift,firewood,284.2810257315083,307.73421035435774
7520,Central Rift,electricity,401.00950514023276,434.09278931430197
7521,Central Rift,electricity,-97.32630142454167,-105.35572129206636
7522,Central Rift,LPG,333.23632717101117,360.7283241626196
7523,Central Rift,LPG,-54.209362434361196,-58.68163483519599
7524,Central Rift,electricity,708.3289295190625,766.7660662043852
7525,Central Rift,firewood,561.305937693117,607.6136775527992
7526,Central Rift,firewood,300.07055644413276,324.8263773507737
7527,Central Rift,firewood,538.1460396448125,582.5430879155095
7528,Central Rift,charcoal,59.16906532491157,64.05051321421678
7529,Central Rift,LPG,475.41048922656734,514.6318545877591
7530,Central Rift,firewood,441.2861226683358,477.69222778847353
7531,Central Rift,charcoal,-18.624206849780535,-20.160703914887428
7532,Central Rift,electricity,-209.24159274886006,-226.50402415064102
7533,Central Rift,LPG,951.6398593323844,1030.1501477273061
7534,Central Rift,charcoal,-8.90867144367212,-9.64363683777507
7535,Central Rift,charcoal,14.284055845461126,15.462490452711668
7536,Central Rift,electricity,329.7441469727128,356.94803909796167
7537,Central Rift,electricity,146.5830640861119,158.67616687321615
7538,Central Rift,LPG,151.98317494993358,164.5217868833031
7539,Central Rift,charcoal,-104.34716406077007,-112.9558050957836
7540,Central Rift,LPG,601.7961884902822,651.4443740407305
7541,Central Rift,LPG,65.22257026762202,70.60343231470084
7542,Central Rift,charcoal,597.1060703349259,646.3673211375573
7543,Central Rift,electricity,27.41990568748912,29.682047906706973
7544,Central Rift,charcoal,735.3111259529439,795.9742938440618
7545,Central Rift,LPG,-117.14055088404325,-126.80464633197683
7546,Central Rift,firewood,-16.3391700551158,-17.687151584662853
7547,Central Rift,electricity,80.9680109709335,87.64787187603552
7548,Central Rift,LPG,469.62509346962327,508.3691636808672
7549,Central Rift,LPG,759.4023258889862,822.0530177748276
7550,Central Rift,firewood,803.5550884139625,869.8483832081145
7551,Central Rift,charcoal,287.0567678812503,310.7389512314535
7552,Central Rift,firewood,1040.2357450281452,1126.0551939929671
7553,Central Rift,electricity,416.3212318875411,450.6677335182633
7554,Central Rift,firewood,777.1644008540982,841.2804639245613
7555,Central Rift,LPG,279.9774161815796,303.0755530165599
7556,Central Rift,firewood,673.044032341191,728.5701650093393
7557,Central Rift,LPG,477.3550998593793,516.7368955977781
7558,Central Rift,firewood,91.80060724525964,99.37415734299357
7559,Central Rift,charcoal,228.05221697241598,246.8665248726403
7560,Central Rift,electricity,137.54938205954392,148.89720607945628
7561,Central Rift,charcoal,690.9394722129186,747.9419786704844
7562,Central Rift,charcoal,297.35164411598475,321.8831547555535
7563,Central Rift,charcoal,636.748636147039,689.2803986291697
7564,Central Rift,firewood,-35.221396555321064,-38.12716177113505
7565,Central Rift,electricity,591.2415402520153,640.0189673228066
7566,Central Rift,firewood,515.2265657316012,557.7327574044583
7567,Central Rift,LPG,964.8906389955962,1044.4941167127329
7568,Central Rift,firewood,497.67764067173266,538.7360460271506
7569,Central Rift,electricity,584.7818740525432,633.0263786618781
7570,Central Rift,electricity,1112.2742252278572,1204.0368488091553
7571,Central Rift,firewood,696.5187968575693,753.9815975983188
7572,Central Rift,firewood,550.0121185752104,595.3881183576652
7573,Central Rift,LPG,509.8998789296638,551.966618941361
7574,Central Rift,firewood,109.8381127970398,118.89975710279559
7575,Central Rift,charcoal,612.2711289477766,662.7834970859682
7576,Central Rift,LPG,16.127848873460152,17.458396405520617
7577,Central Rift,charcoal,-142.62822474861196,-154.39505329037243
7578,Central Rift,firewood,377.4961821942512,408.63961722527694
7579,Central Rift,electricity,264.9753742159286,286.8358425887427
7580,Central Rift,firewood,718.197420278562,777.4487074515434
7581,Central Rift,LPG,-130.45316662126436,-141.21555286751868
7582,Central Rift,electricity,322.3390907546439,348.932065741902
7583,Central Rift,electricity,408.61964741145437,442.33076832289936
7584,Central Rift,LPG,542.0096442401718,586.725439889986
7585,Central Rift,electricity,242.8887214562233,262.9270409763617
7586,Central Rift,electricity,374.4087037146348,405.29742177109216
7587,Central Rift,LPG,329.5628128481526,356.7517449081252
7588,Central Rift,LPG,477.6778035850034,517.0862223807662
7589,Central Rift,electricity,519.6942329915752,562.5690072133801
7590,Central Rift,firewood,572.9874521026891,620.2589169011609
7591,Central Rift,LPG,32.783896394316855,35.488567846848
7592,Central Rift,electricity,204.07579918247174,220.91205261502566
7593,Central Rift,LPG,51.90220541112586,56.18413735754375
7594,Central Rift,firewood,15.813899115447953,17.11854579247241
7595,Central Rift,firewood,500.16776111395257,541.4316014058537
7596,Central Rift,charcoal,256.7368004899786,277.9175865304018
7597,Central Rift,electricity,-255.7490469731614,-276.8483433484472
7598,Central Rift,charcoal,494.14950895118005,534.9168434396524
7599,Central Rift,firewood,540.1004610380132,584.6587490736493
7600,Central Rift,electricity,148.3138172876596,160.5497072138915
7601,Central Rift,electricity,335.1032625793525,362.74928174214904
7602,Central Rift,charcoal,757.3250210974377,819.8043353379763
7603,Central Rift,firewood,86.52769996713272,93.66623521442116
7604,Central Rift,electricity,241.25020546559173,261.15334741650304
7605,Central Rift,charcoal,582.7774765907393,630.8566184094753
7606,Central Rift,charcoal,294.44513779766623,318.7368616659737
7607,Central Rift,LPG,150.80489408116156,163.2462978428574
7608,Central Rift,charcoal,48.695404864498926,52.71277576582009
7609,Central Rift,charcoal,535.8149586470472,580.0196927354286
7610,Central Rift,charcoal,290.3344804256915,314.28707506081105
7611,Central Rift,charcoal,44.86068651951382,48.56169315737371
7612,Central Rift,charcoal,166.8615847186581,180.6276654579474
7613,Central Rift,firewood,287.4091303212395,311.1203835727418
7614,Central Rift,electricity,264.8774013907463,286.7297870054829
7615,Central Rift,electricity,508.3769721649579,550.318072368567
7616,Central Rift,LPG,624.5052327539954,676.0269144562001
7617,Central Rift,charcoal,821.0992116928038,888.8398966574601
7618,Central Rift,LPG,194.7269298916872,210.7919016077514
7619,Central Rift,charcoal,67.60567497232643,73.18314315754336
7620,Central Rift,electricity,-31.624109686724694,-34.23309873587948
7621,Central Rift,LPG,523.297151730751,566.469166748538
7622,Central Rift,charcoal,389.83636371202704,421.9978637182693
7623,Central Rift,electricity,271.9695644300185,294.40705349549506
7624,Central Rift,firewood,457.82952126561804,495.60045677003154
7625,Central Rift,charcoal,453.4160120175495,490.82283300899735
7626,Central Rift,electricity,444.11733173295954,480.7570116009287
7627,Central Rift,LPG,622.276760099031,673.614592807201
7628,Central Rift,electricity,638.708965948976,691.4024556397666
7629,Central Rift,firewood,239.23576894250405,258.9727198802606
7630,Central Rift,charcoal,229.06536958208204,247.9632625726038
7631,Central Rift,electricity,819.1792156529707,886.7615009443408
7632,Central Rift,charcoal,487.76335675483307,528.0038336871069
7633,Central Rift,firewood,-33.14162267011892,-35.87580654040373
7634,Central Rift,electricity,850.565473683042,920.737125261893
7635,Central Rift,firewood,267.6589276335649,289.740789163334
7636,Central Rift,charcoal,230.7669943150802,249.80527134607433
7637,Central Rift,LPG,319.66254295641056,346.03470275031447
7638,Central Rift,firewood,765.1401490809353,828.2642113801124
7639,Central Rift,charcoal,501.8205154971416,543.2207080256558
7640,Central Rift,firewood,541.7856407211983,586.4829560806971
7641,Central Rift,electricity,425.82228770279835,460.9526264382792
7642,Central Rift,charcoal,384.719942265064,416.45933750193177
7643,Central Rift,firewood,28.079354827088878,30.39590160032371
7644,Central Rift,charcoal,692.4715799859487,749.6004853347895
7645,Central Rift,electricity,205.10354200768148,222.0245842233152
7646,Central Rift,firewood,272.68957844498425,295.1864686666955
7647,Central Rift,LPG,436.703240972229,472.7312583524379
7648,Central Rift,firewood,311.4795958807084,337.17666254086686
7649,Central Rift,charcoal,378.3871511378106,409.60409110667996
7650,Central Rift,firewood,555.504910313644,601.3340654145196
7651,Central Rift,LPG,536.4032546218884,580.6565231281943
7652,Central Rift,LPG,614.071241743332,664.732119187157
7653,Central Rift,charcoal,688.480930781016,745.2806075704499
7654,Central Rift,firewood,599.8682038463987,649.3573306637267
7655,Central Rift,electricity,-25.153472617849218,-27.22863410882178
7656,Central Rift,electricity,0.8594758062279197,0.9303825602417232
7657,Central Rift,firewood,-64.47219225444024,-69.79114811543157
7658,Central Rift,charcoal,426.23033207339284,461.39433446944776
7659,Central Rift,charcoal,422.9060558731364,457.7958054826701
7660,Central Rift,firewood,903.4805296677729,978.0176733653642
7661,Central Rift,firewood,501.93825681968656,543.3481630073107
7662,Central Rift,charcoal,283.0622073343859,306.41483943947276
7663,Central Rift,LPG,-0.15356378866778186,-0.16623280123287387
7664,Central Rift,firewood,518.197219741907,560.9484903706143
7665,Central Rift,LPG,114.05504205266692,123.46458302201194
7666,Central Rift,charcoal,436.1380135815668,472.11939970204605
7667,Central Rift,charcoal,-185.9535934743691,-201.29476493600453
7668,Central Rift,LPG,424.31820088723504,459.3244524604319
7669,Central Rift,LPG,474.9995146423061,514.1869746002964
7670,Central Rift,electricity,469.4916428015807,508.22470333271116
7671,Central Rift,LPG,778.1341240761535,842.3301893124362
7672,Central Rift,LPG,-158.18947798387535,-171.24010991754506
7673,Central Rift,LPG,427.0753857792695,462.30910510605923
7674,Central Rift,electricity,-516.2261273611095,-558.814782868401
7675,Central Rift,LPG,389.31251615068703,421.4307987331187
7676,Central Rift,LPG,396.1602259617928,428.8434446036407
7677,Central Rift,electricity,279.81925567394603,302.9043442670466
7678,Central Rift,electricity,352.60420286495514,381.69404960131396
7679,Central Rift,charcoal,638.7405411903355,691.4366358385382
7680,Central Rift,electricity,1137.1279763255623,1230.9410343724212
7681,Central Rift,LPG,1020.0149865233277,1104.1662229115022
7682,Central Rift,LPG,362.5230279225506,392.4311777261611
7683,Central Rift,charcoal,-97.46830131199056,-105.50943617022978
7684,Central Rift,LPG,263.76005754852054,285.5202622962735
7685,Central Rift,electricity,355.4121081701235,384.7336070941587
7686,Central Rift,firewood,537.6804795467913,582.0391191094016
7687,Central Rift,charcoal,232.57076335097415,251.7578513274295
7688,Central Rift,charcoal,187.31523340992973,202.76874016624893
7689,Central Rift,LPG,169.50229342811966,183.48623263593953
7690,Central Rift,firewood,1130.5892387407498,1223.8628509368616
7691,Central Rift,electricity,395.09612887379393,427.6915595058819
7692,Central Rift,firewood,189.17991953454884,204.78726289614912
7693,Central Rift,LPG,405.3760559015822,438.81958051346277
7694,Central Rift,firewood,69.7815193527602,75.53849469936291
7695,Central Rift,electricity,386.2293868099543,418.09331122177554
7696,Central Rift,LPG,555.0802319477554,600.8743510834452
7697,Central Rift,firewood,409.8852639094648,443.70079818199565
7698,Central Rift,LPG,822.9345056534108,890.8266023698172
7699,Central Rift,firewood,-61.64357736673742,-66.72917249949326
7700,Central Rift,charcoal,257.00302443038026,278.2057739458866
7701,Central Rift,firewood,565.4354918260642,612.0839199017145
7702,Central Rift,firewood,269.65060193239196,291.89677659181433
7703,Central Rift,LPG,1179.6171744954036,1276.9355913912743
7704,Central Rift,electricity,347.2836777672141,375.93458118300924
7705,Central Rift,firewood,301.82713236202994,326.7278707818974
7706,Central Rift,electricity,298.5657023760594,323.1973728220843
7707,Central Rift,charcoal,272.9716809437564,295.4918446216163
7708,Central Rift,LPG,335.5134804420953,363.19334257856815
7709,Central Rift,LPG,508.4300608796716,550.3755409022446
7710,Central Rift,electricity,326.2444899364325,353.15966035618817
7711,Central Rift,firewood,-107.16065710025595,-116.00141131102707
7712,Central Rift,LPG,379.19856068439174,410.4824419408541
7713,Central Rift,firewood,34.757938195015925,37.62546809610474
7714,Central Rift,electricity,31.636633018479074,34.2466552425036
7715,Central Rift,charcoal,890.7601708344953,964.2478849283411
7716,Central Rift,electricity,640.968352818714,693.848241926258
7717,Central Rift,charcoal,302.57304727428175,327.53532367441
7718,Central Rift,firewood,217.55192240660844,235.49995600515365
7719,Central Rift,firewood,342.91471687070157,371.20518101253447
7720,Central Rift,charcoal,-3.4861800734976214,-3.773789929561175
7721,Central Rift,charcoal,33.78928401818678,36.57689994968719
7722,Central Rift,charcoal,686.132268058087,742.7381801728792
7723,Central Rift,LPG,526.3965710524856,569.8242881643156
7724,Central Rift,firewood,391.1109866815396,423.3776430827666
7725,Central Rift,electricity,633.2753838903735,685.5206030613293
7726,Central Rift,charcoal,-417.384811725516,-451.81905869287107
7727,Central Rift,electricity,1366.0115459582928,1478.707498499852
7728,Central Rift,LPG,388.9747029402194,421.06511593278753
7729,Central Rift,electricity,277.634868597396,300.53974525668116
7730,Central Rift,LPG,288.50962378781355,312.3116677503082
7731,Central Rift,firewood,509.45872336150273,551.4890680388268
7732,Central Rift,firewood,86.32174720316834,93.44329134742974
7733,Central Rift,charcoal,602.9391006117046,652.6815764121702
7734,Central Rift,charcoal,138.8480707587551,150.3030365963524
7735,Central Rift,LPG,79.50795326516698,86.06735940954326
7736,Central Rift,charcoal,309.96257873739864,335.53449148323404
7737,Central Rift,electricity,385.1961509591479,416.97483341327757
7738,Central Rift,LPG,513.0252231056046,555.349804011817
7739,Central Rift,LPG,200.76596823624718,217.32916061573758
7740,Central Rift,electricity,416.9157386709453,451.31128711129827
7741,Central Rift,electricity,166.46204999770353,180.19516912251407
7742,Central Rift,electricity,338.74691393952827,366.6935343395394
7743,Central Rift,charcoal,232.05370025869018,251.19813053003213
7744,Central Rift,firewood,573.291977761634,620.5885659269688
7745,Central Rift,firewood,749.7560382650565,811.6109114219237
7746,Central Rift,electricity,406.73588096865797,440.29159114857225
7747,Central Rift,firewood,460.0792909773634,498.03583248299594
7748,Central Rift,LPG,263.46901626811086,285.20521011023004
7749,Central Rift,firewood,523.4922868990175,566.6804005681864
7750,Central Rift,electricity,833.8695881927079,902.6638292186062
7751,Central Rift,electricity,557.5383605639614,603.5352753104883
7752,Central Rift,LPG,586.6939895809438,635.0962437213717
7753,Central Rift,LPG,385.43323721813016,417.2314792886259
7754,Central Rift,firewood,821.6386914549134,889.4238834999438
7755,Central Rift,electricity,292.6170492665607,316.75795583105196
7756,Central Rift,firewood,642.6308796570812,695.6479272287904
7757,Central Rift,charcoal,369.21615951941203,399.67649267976356
7758,Central Rift,charcoal,499.8968617183387,541.1383528101017
7759,Central Rift,firewood,292.20539505099543,316.31234014270257
7760,Central Rift,electricity,659.5113385916998,713.9210240255151
7761,Central Rift,firewood,240.50911235609942,260.35111412547764
7762,Central Rift,firewood,286.21349323854395,309.8261064307238
7763,Central Rift,firewood,494.38417676737686,535.1708713506855
7764,Central Rift,firewood,960.8159217718721,1040.0832353180515
7765,Central Rift,firewood,394.9630273220232,427.5474770760901
7766,Central Rift,LPG,520.7567630773062,563.719196031184
7767,Central Rift,LPG,339.0044719901793,366.97234092936907
7768,Central Rift,firewood,589.9624248251596,638.6343248732353
7769,Central Rift,firewood,719.4918876792294,778.8499684127659
7770,Central Rift,firewood,720.5974633031951,780.0467540257088
7771,Central Rift,firewood,278.1061634708353,301.04992195717927
7772,Central Rift,firewood,540.9184564465904,585.5442291034342
7773,Central Rift,charcoal,205.51939168356327,222.47474149745725
7774,Central Rift,electricity,71.85283466258323,77.78069352224635
7775,Central Rift,LPG,413.63627489150895,447.76126757005846
7776,Central Rift,firewood,292.39670974875605,316.51943830302844
7777,Central Rift,LPG,248.26645413564407,268.7484366018347
7778,Central Rift,electricity,911.5346174623235,986.7362234029652
7779,Central Rift,electricity,-70.95602243674011,-76.80989428777117
7780,Central Rift,charcoal,332.7388909793212,360.1898494851152
7781,Central Rift,electricity,120.2950717709873,130.21941519209375
7782,Central Rift,firewood,518.5675011623753,561.3493200082712
7783,Central Rift,electricity,430.71574079420935,466.24978940973165
7784,Central Rift,LPG,271.99985730539345,294.43984553308843
7785,Central Rift,electricity,344.48349102340705,372.90337903283813
7786,Central Rift,charcoal,109.46774414936215,118.49883304168452
7787,Central Rift,firewood,223.6799356733642,242.13353036641678
7788,Central Rift,electricity,185.62002479374954,200.93367683923387
7789,Central Rift,firewood,365.3109357970591,395.44908800031646
7790,Central Rift,charcoal,450.46744042818983,487.6310042635155
7791,Central Rift,firewood,701.3400779824922,759.2006344160478
7792,Central Rift,firewood,713.6593430803496,772.5362388844784
7793,Central Rift,electricity,402.9452113261161,436.1881912605207
7794,Central Rift,firewood,621.4394732839057,672.7082298298279
7795,Central Rift,LPG,327.02798745260804,354.0077964174482
7796,Central Rift,LPG,811.0207067147614,877.9299150187293
7797,Central Rift,LPG,338.1218260956767,366.01687674857004
7798,Central Rift,electricity,860.0442480425631,930.9978985060746
7799,Central Rift,LPG,309.4377709603886,334.9663870646207
7800,Central Rift,charcoal,613.3128465374251,663.9111563767627
7801,Central Rift,charcoal,441.6425049229925,478.0780115791394
7802,Central Rift,charcoal,225.08249939808513,243.65180559842716
7803,Central Rift,charcoal,700.2353055332059,758.0047182396953
7804,Central Rift,electricity,600.6738054700313,650.2293944213089
7805,Central Rift,firewood,385.1048752395238,416.8760274467845
7806,Central Rift,LPG,618.4831158169925,669.5079728718944
7807,Central Rift,electricity,546.1216023953475,591.1766345929636
7808,Central Rift,LPG,763.8011210741965,826.8147135628178
7809,Central Rift,firewood,1238.4417016483828,1340.6131420343745
7810,Central Rift,electricity,387.0661373861605,418.9990937205188
7811,Central Rift,LPG,641.997443987922,694.9622331169255
7812,Central Rift,charcoal,182.94544175505825,198.03844069985055
7813,Central Rift,LPG,-66.55530959380434,-72.0461226352932
7814,Central Rift,charcoal,11.475523194260631,12.422253857787133
7815,Central Rift,charcoal,406.75622538769534,440.3136139821802
7816,Central Rift,firewood,674.6870215805088,730.3487008609009
7817,Central Rift,charcoal,604.8087716209279,654.7054952796545
7818,Central Rift,firewood,58.02387512423098,62.81084482198004
7819,Central Rift,LPG,689.1830185102319,746.040617537326
7820,Central Rift,firewood,228.67303484090488,247.53856021527955
7821,Central Rift,charcoal,256.0341012007571,277.1569145498196
7822,Central Rift,electricity,979.6380855811528,1060.458227641598
7823,Central Rift,electricity,442.9637577767164,479.50826779329554
7824,Central Rift,LPG,521.4301074591298,564.448091324508
7825,Central Rift,electricity,376.5292819907662,407.59294775500445
7826,Central Rift,LPG,148.11250547401372,160.33178717561984
7827,Central Rift,charcoal,-13.97144684013682,-15.124091204448108
7828,Central Rift,charcoal,-232.88779798200335,-252.10104131551864
7829,Central Rift,charcoal,861.7840861890597,932.8812732996572
7830,Central Rift,electricity,732.8465832203963,793.306426336079
7831,Central Rift,firewood,484.94049635975955,524.9480873094398
7832,Central Rift,electricity,843.8965083444022,913.5179702828153
7833,Central Rift,LPG,653.2889064964897,707.1852412824502
7834,Central Rift,charcoal,377.13733345151405,408.25116346126396
7835,Central Rift,firewood,386.856314899584,418.7719608787997
7836,Central Rift,electricity,815.5223447416788,882.8029381828674
7837,Central Rift,charcoal,235.18467530632915,254.58741101910132
7838,Central Rift,firewood,639.5682456953359,692.3326259652011
7839,Central Rift,electricity,-158.9414633162868,-172.05413403988044
7840,Central Rift,electricity,767.7731801965892,831.1144675628078
7841,Central Rift,electricity,19.311404613445802,20.90459549405508
7842,Central Rift,LPG,57.23380486180622,61.95559376290524
7843,Central Rift,firewood,431.7160489630881,467.3326230025429
7844,Central Rift,charcoal,339.5335421231557,367.54505934831604
7845,Central Rift,charcoal,641.1686341993702,694.0650465208183
7846,Central Rift,firewood,331.91902175295576,359.3023410475746
7847,Central Rift,firewood,586.6864445586043,635.0880762346892
7848,Central Rift,LPG,706.477879306512,764.7623043492993
7849,Central Rift,firewood,313.3279978050196,339.17755762393375
7850,Central Rift,LPG,671.6523979407532,727.0637207708653
7851,Central Rift,firewood,732.1603151171622,792.5635411143281
7852,Central Rift,electricity,734.5796548554619,795.1824763810374
7853,Central Rift,electricity,137.7643973549259,149.1299601367073
7854,Central Rift,electricity,-65.15638581517584,-70.53178764492785
7855,Central Rift,LPG,322.1851462154064,348.76542077817743
7856,Central Rift,firewood,467.57185983296023,506.1465382691795
7857,Central Rift,firewood,390.7930647960412,423.03349264171464
7858,Central Rift,LPG,372.16889216395674,402.87282576748316
7859,Central Rift,charcoal,1023.541216411387,1107.9833667653265
7860,Central Rift,firewood,661.0628870237032,715.6005752031587
7861,Central Rift,firewood,466.31377726114596,504.7846638851905
7862,Central Rift,firewood,-144.31460736055533,-156.22056246780116
7863,Central Rift,LPG,338.40114633006357,366.3192409022938
7864,Central Rift,charcoal,772.6123678895824,836.3528882404729
7865,Central Rift,electricity,214.54835596453486,232.24859533160898
7866,Central Rift,firewood,448.34927301998835,485.3380880441374
7867,Central Rift,charcoal,731.0701231931855,791.3834083566234
7868,Central Rift,electricity,53.78878232431123,58.22635686606691
7869,Central Rift,charcoal,230.989786071905,250.04644342283717
7870,Central Rift,electricity,356.23749230834056,385.6270854237787
7871,Central Rift,electricity,-404.2096582289921,-437.556955032884
7872,Central Rift,electricity,615.1718840770226,665.923564513377
7873,Central Rift,LPG,331.82425170265077,359.19975246811947
7874,Central Rift,LPG,294.7160006064305,319.030070656461
7875,Central Rift,charcoal,414.2936191680153,448.4728427493766
7876,Central Rift,electricity,300.11955703601683,324.87942049148825
7877,Central Rift,firewood,1052.19668711745,1139.0029138046395
7878,Central Rift,LPG,302.74877079338523,327.7255443838395
7879,Central Rift,charcoal,99.79053233268178,108.02325125012803
7880,Central Rift,electricity,692.9054355717922,750.0701340064651
7881,Central Rift,charcoal,659.2313529365715,713.6179395538387
7882,Central Rift,charcoal,-123.38398976671988,-133.56316892247426
7883,Central Rift,charcoal,526.0092804105883,569.4050460444619
7884,Central Rift,LPG,-239.95344805258526,-259.74960751692356
7885,Central Rift,charcoal,170.31672395229597,184.3678536783604
7886,Central Rift,electricity,-19.560880282502353,-21.1746529058088
7887,Central Rift,LPG,310.70931972325366,336.3428386004221
7888,Central Rift,charcoal,214.41192959320122,232.10091378464034
7889,Central Rift,LPG,470.7572060287556,509.59467552612796
7890,Central Rift,charcoal,559.9406819378235,606.135788197694
7891,Central Rift,charcoal,525.1403490072782,568.4644278003788
7892,Central Rift,LPG,378.7221438657167,409.96672073463833
7893,Central Rift,charcoal,778.7406179884141,842.9867189724583
7894,Central Rift,electricity,545.0641969679791,590.0319932178375
7895,Central Rift,charcoal,602.2278909850681,651.9116919913363
7896,Central Rift,charcoal,226.3183276604123,244.98958969239632
7897,Central Rift,firewood,-41.917073153308024,-45.37523168845594
7898,Central Rift,LPG,-100.08224077665557,-108.33902564072966
7899,Central Rift,LPG,330.3248428045123,357.57664233588457
7900,Central Rift,firewood,-271.92183506034985,-294.3553864528287
7901,Central Rift,charcoal,237.92476005819398,257.55355276299497
7902,Central Rift,firewood,493.3629373662596,534.065379698976
7903,Central Rift,firewood,496.1295722290564,537.0602619379536
7904,Central Rift,electricity,372.9834513432766,403.75458607909695
7905,Central Rift,firewood,511.22048361765013,553.3961735161063
7906,Central Rift,electricity,840.4840625393633,909.8239976988608
7907,Central Rift,charcoal,590.3581846178153,639.062734848785
7908,Central Rift,firewood,287.0922635123385,310.7773752521064
7909,Central Rift,electricity,270.73258367050335,293.0680218233199
7910,Central Rift,LPG,1065.9714775706925,1153.9141244702746
7911,Central Rift,LPG,211.42118384015265,228.86343150696524
7912,Central Rift,LPG,661.8892148861152,716.4950751142196
7913,Central Rift,LPG,281.92043276232073,305.1788684652122
7914,Central Rift,LPG,-31.16256882515711,-33.73348075323257
7915,Central Rift,charcoal,363.2358957139484,393.20285711034916
7916,Central Rift,LPG,355.3292867192079,384.64395287354256
7917,Central Rift,electricity,318.8799448331572,345.18754028189267
7918,Central Rift,firewood,1.6867556235740153,1.8259129625188717
7919,Central Rift,electricity,237.8640227497247,257.48780462657703
7920,Central Rift,charcoal,1015.6753838299403,1099.4686029959105
7921,Central Rift,firewood,464.9026873974066,503.2571591076927
7922,Central Rift,charcoal,-72.02124963269091,-77.96300272738792
7923,Central Rift,LPG,203.12847644729078,219.88657575419228
7924,Central Rift,charcoal,535.2917713620573,579.453342499427
7925,Central Rift,LPG,235.78124328168113,255.2331958524198
7926,Central Rift,LPG,575.2008780820097,622.6549505237755
7927,Central Rift,LPG,203.67872777305996,220.4822228143374
7928,Central Rift,electricity,125.1787001123734,135.5059428716442
7929,Central Rift,electricity,602.0737175235744,651.7447992192692
7930,Central Rift,charcoal,509.20339597269947,551.2126761404472
7931,Central Rift,firewood,578.2370879267999,625.9416476807609
7932,Central Rift,firewood,614.8572456178499,665.5829683813225
7933,Central Rift,LPG,392.3502601080917,424.71915656700924
7934,Central Rift,firewood,366.93809699137313,397.21048999316145
7935,Central Rift,charcoal,56.02452331051285,60.64654648363016
7936,Central Rift,firewood,140.53577879850843,152.12998054938538
7937,Central Rift,firewood,401.1151943890778,434.2071979261768
7938,Central Rift,LPG,1094.2480277612342,1184.523490051536
7939,Central Rift,charcoal,111.74223953984779,120.96097430188523
7940,Central Rift,charcoal,332.7800180631148,360.2343695533218
7941,Central Rift,electricity,814.0685272068216,881.2291807013844
7942,Central Rift,LPG,709.3514249565078,767.8729175154197
7943,Central Rift,LPG,80.29431330677119,86.91859415457981
7944,Central Rift,electricity,295.5052594589565,319.8844433643204
7945,Central Rift,LPG,252.9001924390127,273.76445831523125
7946,Central Rift,charcoal,553.5696030987497,599.2390953543966
7947,Central Rift,charcoal,517.7665193608547,560.4822572081251
7948,Central Rift,LPG,560.0172637293215,606.2186879869905
7949,Central Rift,electricity,979.6120741522826,1060.430070269846
7950,Central Rift,charcoal,207.87350495763494,225.02306911663982
7951,Central Rift,firewood,163.19008957170072,176.65327196136604
7952,Central Rift,LPG,690.8829022011034,747.8807416326945
7953,Central Rift,firewood,170.99662508621014,185.10384665582248
7954,Central Rift,firewood,39.79910567237408,43.082531890344946
7955,Central Rift,LPG,642.1267553124577,695.1022126257354
7956,Central Rift,electricity,764.8384326267371,827.9376033184429
7957,Central Rift,firewood,896.2342208537497,970.1735440741841
7958,Central Rift,LPG,-78.13236850337978,-84.57828890490862
7959,Central Rift,LPG,886.1348983665523,959.2410274817929
7960,Central Rift,charcoal,872.4753026017471,944.4545150663913
7961,Central Rift,firewood,536.8187397498345,581.1062857791959
7962,Central Rift,firewood,-95.86573507097495,-103.77465821433039
7963,Central Rift,firewood,349.3085045410034,378.12645616563617
7964,Central Rift,charcoal,710.4277174700209,769.0380041612976
7965,Central Rift,electricity,141.06493224021517,152.7027891500329
7966,Central Rift,LPG,524.0005674524649,567.2306142672933
7967,Central Rift,LPG,-127.09908915046094,-137.58476400537398
7968,Central Rift,electricity,912.7367633196001,988.0375462934671
7969,Central Rift,firewood,578.3921102638853,626.1094593606559
7970,Central Rift,charcoal,146.35816684601681,158.4327156108132
7971,Central Rift,LPG,22.264905384924077,24.101760079180313
7972,Central Rift,charcoal,2.3728337585400254,2.5685925436195776
7973,Central Rift,firewood,177.21710220232626,191.83751313401817
7974,Central Rift,electricity,825.6890031636183,893.8083459246168
7975,Central Rift,electricity,415.7549172991406,450.0546979763197
7976,Central Rift,electricity,308.8945497641298,334.37835011967053
7977,Central Rift,firewood,289.7478338426596,313.652030134679
7978,Central Rift,LPG,182.40889351630275,197.45762723139774
7979,Central Rift,electricity,-146.99639352756617,-159.12359599359038
7980,Central Rift,LPG,338.12006029480204,366.0149652691232
7981,Central Rift,charcoal,1021.8884555028727,1106.1942530818596
7982,Central Rift,charcoal,1056.842680842526,1144.0322020120345
7983,Central Rift,electricity,335.6424604124552,363.33296339648274
7984,Central Rift,electricity,605.8357952026458,655.8172483068641
7985,Central Rift,LPG,797.3575432232257,863.1395405391418
7986,Central Rift,firewood,144.18436210322898,156.07957197674537
7987,Central Rift,LPG,369.9546068218152,400.475861884615
7988,Central Rift,charcoal,679.564392134723,735.6284544858377
7989,Central Rift,charcoal,435.9272320784122,471.8912287248812
7990,Central Rift,LPG,427.2239175680793,462.46989076744586
7991,Central Rift,electricity,345.78582040734534,374.31315059095135
7992,Central Rift,LPG,168.08873089601272,181.95605119493376
7993,Central Rift,LPG,134.04469467733838,145.1033819882188
7994,Central Rift,LPG,507.1955720484333,549.0392067424291
7995,Central Rift,firewood,225.0401341101737,243.60594517426304
7996,Central Rift,firewood,521.7934668814178,564.8414278991347
7997,Central Rift,charcoal,559.4632890014991,605.6190103441228
7998,Central Rift,LPG,77.36656542433195,83.74930707183934
7999,Central Rift,charcoal,346.51480961606,375.10228140938494
8000,Central Rift,firewood,306.29006787644704,331.5589984762539
8001,Central Rift,charcoal,603.7125934935892,653.5188824568104
8002,Central Rift,LPG,163.07940282420407,176.53345355720091
8003,Central Rift,firewood,-303.73348244658416,-328.79149474842734
8004,Central Rift,LPG,-76.46324514371145,-82.77146286806764
8005,Central Rift,electricity,668.9120328115835,724.097275518539
8006,Central Rift,firewood,561.4647736184784,607.7856174420028
8007,Central Rift,LPG,357.96942064608265,387.5018978493845
8008,Central Rift,electricity,168.0058589570689,181.8663423210271
8009,Central Rift,charcoal,414.5754825070778,448.77795981391176
8010,Central Rift,LPG,283.7088984346416,307.1148825554995
8011,Central Rift,charcoal,184.04346150071967,199.22704707452905
8012,Central Rift,firewood,286.8882564319152,310.5565375875482
8013,Central Rift,charcoal,-59.88273105461735,-64.82305636662329
8014,Central Rift,charcoal,938.4132000167867,1015.8322890181717
8015,Central Rift,LPG,-133.93820322866486,-144.98810499502972
8016,Central Rift,electricity,111.59114951493058,120.79741934991235
8017,Central Rift,charcoal,400.83046644441055,433.89897992607445
8018,Central Rift,firewood,950.5220689228296,1028.9401396089631
8019,Central Rift,electricity,653.205512455347,707.0949672329132
8020,Central Rift,electricity,830.7025057452403,899.2354624692226
8021,Central Rift,charcoal,792.6884664162494,858.0852648955901
8022,Central Rift,electricity,46.152281139847446,49.95984433388486
8023,Central Rift,firewood,193.6088288295461,209.58155720798365
8024,Central Rift,charcoal,793.5463674727484,859.0139427892502
8025,Central Rift,LPG,629.2714736694761,681.186370247208
8026,Central Rift,firewood,349.6583977313004,378.5052155441327
8027,Central Rift,electricity,317.20275455481493,343.37198180558715
8028,Central Rift,electricity,337.0004040072472,364.8029373378451
8029,Central Rift,firewood,334.1052634626792,361.6689476983502
8030,Central Rift,electricity,378.35191671180553,409.56594984052947
8031,Central Rift,LPG,521.5708013254656,564.6003924348165
8032,Central Rift,firewood,21.80205850063851,23.600728326941187
8033,Central Rift,firewood,498.7029526321897,539.8459462243453
8034,Central Rift,firewood,543.6027289563388,588.4499540952368
8035,Central Rift,LPG,551.9700642933211,597.5075945975201
8036,Central Rift,electricity,-232.76568784225196,-251.96885708923776
8037,Central Rift,LPG,1000.2168481497727,1082.7347381221289
8038,Central Rift,firewood,378.69448923167937,409.93678459329294
8039,Central Rift,LPG,532.4958545483039,576.4267625485389
8040,Central Rift,charcoal,535.6033470490072,579.7906231805503
8041,Central Rift,charcoal,461.68358980426785,499.77248596311995
8042,Central Rift,firewood,427.08227427083773,462.3165618981819
8043,Central Rift,charcoal,268.69305328795974,290.86023018421645
8044,Central Rift,firewood,517.6249639214941,560.3290234450174
8045,Central Rift,firewood,69.20363320046494,74.91293293950329
8046,Central Rift,electricity,598.223399720646,647.5768301975993
8047,Central Rift,electricity,205.47611679005558,222.42789642523516
8048,Central Rift,charcoal,334.8045604787406,362.4259367182367
8049,Central Rift,electricity,266.114400108324,288.0688381172607
8050,Central Rift,firewood,721.8574483244302,781.4106878111957
8051,Central Rift,electricity,-20.09682163387356,-21.754809418668128
8052,Central Rift,charcoal,367.48479954079323,397.8022955029087
8053,Central Rift,firewood,326.59449726059756,353.53854328459687
8054,Central Rift,firewood,-77.41447712725096,-83.80117149024916
8055,Central Rift,firewood,440.4836509162308,476.8235521168198
8056,Central Rift,LPG,508.9907227828273,550.9824574124106
8057,Central Rift,firewood,-30.51622337812273,-33.03381180681786
8058,Central Rift,charcoal,644.2667414519807,697.4187476217691
8059,Central Rift,charcoal,473.41412343742877,512.4707886210167
8060,Central Rift,LPG,155.1531535274399,167.95328869345371
8061,Central Rift,charcoal,297.8632388465699,322.4369560514119
8062,Central Rift,LPG,206.27207607403358,223.28952235014134
8063,Central Rift,LPG,23.90153375068809,25.873410285119856
8064,Central Rift,firewood,399.7333186755791,432.71131746631437
8065,Central Rift,electricity,443.89196468299076,480.5130517693375
8066,Central Rift,firewood,472.8733067749984,511.8853545839358
8067,Central Rift,electricity,186.65668299150002,202.05585933829877
8068,Central Rift,firewood,-25.347329654210284,-27.438484350682632
8069,Central Rift,charcoal,1213.3315299879855,1313.4313812119942
8070,Central Rift,firewood,297.2668066393815,321.7913181871305
8071,Central Rift,electricity,520.5366358503752,563.4809083080312
8072,Central Rift,firewood,-94.08116540123586,-101.84286154683782
8073,Central Rift,firewood,291.06031726978824,315.07279344454577
8074,Central Rift,charcoal,-150.69426273808665,-163.1265394139788
8075,Central Rift,LPG,314.2520113569208,340.17780229386676
8076,Central Rift,LPG,275.6129409719874,298.3510086021764
8077,Central Rift,LPG,1076.7853233694727,1165.6201125474543
8078,Central Rift,LPG,199.64798458236973,216.11894331041523
8079,Central Rift,charcoal,370.0582656313144,400.58807254589783
8080,Central Rift,charcoal,579.855623795311,627.6937127584241
8081,Central Rift,charcoal,496.3643199463738,537.3143763419497
8082,Central Rift,LPG,245.14926367342187,265.3740779264792
8083,Central Rift,electricity,-117.21324210796547,-126.88333458187262
8084,Central Rift,electricity,433.614859736804,469.3880856650904
8085,Central Rift,LPG,189.79162118346454,205.44942993110038
8086,Central Rift,charcoal,439.7163082023133,475.99290362900416
8087,Central Rift,charcoal,747.2460503846439,808.8938495413771
8088,Central Rift,LPG,393.3124754374892,425.76075466108205
8089,Central Rift,firewood,-204.78939952009387,-221.6845249805016
8090,Central Rift,electricity,413.21575283656125,447.30605244557756
8091,Central Rift,electricity,914.0947632412702,989.5075812086751
8092,Central Rift,electricity,413.46854326487266,447.5796980842247
8093,Central Rift,LPG,423.2513695781661,458.16960756836477
8094,Central Rift,firewood,549.2718583102785,594.5867866208765
8095,Central Rift,firewood,248.66657931360666,269.1815721069792
8096,Central Rift,firewood,866.8101993897171,938.3220408393688
8097,Central Rift,LPG,317.9452094932181,344.1756892764086
8098,Central Rift,charcoal,-178.1713768931121,-192.87051548679383
8099,Central Rift,charcoal,963.9113352427319,1043.4340204002572
8100,Central Rift,electricity,112.1315875225688,121.38244349318072
8101,Central Rift,firewood,-76.38607147539722,-82.68792237211748
8102,Central Rift,electricity,724.6943107960444,784.4815914367181
8103,Central Rift,firewood,372.0341951322861,402.7270162306997
8104,Central Rift,electricity,594.961341425694,644.0456520933137
8105,Central Rift,LPG,948.611751131467,1026.872220599813
8106,Central Rift,LPG,1019.5592086325122,1103.6728433446945
8107,Central Rift,firewood,549.1733293917773,594.4801290665989
8108,Central Rift,LPG,55.3292981722455,59.893965271455755
8109,Central Rift,charcoal,408.2137265045473,441.8913589411725
8110,Central Rift,firewood,310.96939788570774,336.6243732112786
8111,Central Rift,electricity,25.89482711511863,28.03115035211592
8112,Central Rift,electricity,372.7900718956535,403.5452528270449
8113,Central Rift,firewood,21.168156410058998,22.914529313888867
8114,Central Rift,charcoal,401.5416935492719,434.6688832670868
8115,Central Rift,charcoal,386.5457508478063,418.4357752927503
8116,Central Rift,electricity,200.14541458197044,216.657411284983
8117,Central Rift,firewood,597.2513045719211,646.5245371991045
8118,Central Rift,electricity,99.41667696385969,107.61855281337812
8119,Central Rift,electricity,211.13090155754125,228.5492009360384
8120,Central Rift,charcoal,483.35332431713937,523.2299735733034
8121,Mt. Kenya,charcoal,602.1584104911208,651.8364793566383
8122,Mt. Kenya,LPG,350.0210926632845,378.8978328080055
8123,Mt. Kenya,charcoal,364.22507459248493,394.27364324636494
8124,Mt. Kenya,electricity,1207.0797083358245,1306.6637842735302
8125,Mt. Kenya,LPG,101.75533071530464,110.15014549931728
8126,Mt. Kenya,charcoal,400.5668784137011,433.61364588283146
8127,Mt. Kenya,electricity,131.55444160209515,142.40768303426802
8128,Mt. Kenya,electricity,608.5126610373761,658.7149555729596
8129,Mt. Kenya,electricity,598.8330590494691,648.2367864210503
8130,Mt. Kenya,charcoal,602.76452828061,652.4926018637603
8131,Mt. Kenya,electricity,317.04141517520566,343.1973319271601
8132,Mt. Kenya,LPG,508.15013824402297,550.0725246491548
8133,Mt. Kenya,firewood,432.69120743736795,468.3882320509508
8134,Mt. Kenya,charcoal,544.8030191345727,589.7492682131749
8135,Mt. Kenya,LPG,18.46789510804257,19.99149645445608
8136,Mt. Kenya,firewood,866.9729728547911,938.4982431153114
8137,Mt. Kenya,firewood,418.39153399869105,452.90883555358306
8138,Mt. Kenya,firewood,500.98791751561305,542.3194207106511
8139,Mt. Kenya,charcoal,783.8601383271973,848.5285997391911
8140,Mt. Kenya,LPG,405.1346945184739,438.55830681624803
8141,Mt. Kenya,charcoal,440.52891922376716,476.872555059728
8142,Mt. Kenya,LPG,542.7607717815481,587.5385354535258
8143,Mt. Kenya,electricity,-111.78981576873935,-121.01247556966034
8144,Mt. Kenya,charcoal,542.8856561220023,587.6737227520674
8145,Mt. Kenya,electricity,836.3389178562902,905.3368785794341
8146,Mt. Kenya,electricity,685.3117634362463,741.8499839197367
8147,Mt. Kenya,charcoal,839.118081315363,908.3453230238805
8148,Mt. Kenya,LPG,113.74654409577414,123.13063398367551
8149,Mt. Kenya,LPG,395.21270652485146,427.8177548131517
8150,Mt. Kenya,firewood,-4.17430715249219,-4.518687492572796
8151,Mt. Kenya,electricity,717.8912124950164,777.1172375258552
8152,Mt. Kenya,firewood,533.7501657831989,577.7845544603128
8153,Mt. Kenya,electricity,12.81328497986442,13.870380990703236
8154,Mt. Kenya,electricity,-131.56509307771614,-142.41921325662773
8155,Mt. Kenya,LPG,9.78550041891441,10.592804203474849
8156,Mt. Kenya,charcoal,464.20997166674493,502.5072943292514
8157,Mt. Kenya,electricity,10.725183910707528,11.6100115833409
8158,Mt. Kenya,LPG,433.54939073499474,469.3172154706318
8159,Mt. Kenya,charcoal,832.0893627609777,900.7367351887583
8160,Mt. Kenya,LPG,715.2634527428106,774.2726875940925
8161,Mt. Kenya,LPG,431.4361944880645,467.0296805333298
8162,Mt. Kenya,electricity,223.0417162309448,241.44265781999775
8163,Mt. Kenya,electricity,28.766430325432736,31.139660827280938
8164,Mt. Kenya,LPG,244.73455998730316,264.92516118625565
8165,Mt. Kenya,LPG,15.58803265825145,16.874045352557197
8166,Mt. Kenya,firewood,449.26225031342585,486.3263859642835
8167,Mt. Kenya,LPG,426.31322646409444,461.48406764738223
8168,Mt. Kenya,firewood,7.913069349025307,8.565897570319894
8169,Mt. Kenya,LPG,317.63004427864524,343.8345229316335
8170,Mt. Kenya,electricity,192.41132274618315,208.28525687274325
8171,Mt. Kenya,electricity,622.4546197923962,673.8071259252689
8172,Mt. Kenya,firewood,48.956262359259654,52.99515400389858
8173,Mt. Kenya,charcoal,235.638179844235,255.0783296813844
8174,Mt. Kenya,electricity,240.2713750653667,260.0937635082594
8175,Mt. Kenya,charcoal,974.6915980532185,1055.103654892609
8176,Mt. Kenya,charcoal,366.40457139948785,396.63294853994563
8177,Mt. Kenya,electricity,78.04084137072095,84.47921078380543
8178,Mt. Kenya,charcoal,665.0061818635834,719.869191867329
8179,Mt. Kenya,electricity,353.51521266021393,382.6802177046816
8180,Mt. Kenya,charcoal,665.3520499625383,720.2435940844477
8181,Mt. Kenya,electricity,222.7957792600075,241.1764310489581
8182,Mt. Kenya,electricity,84.31221127919275,91.26796870972616
8183,Mt. Kenya,charcoal,745.9589203254601,807.5005312523106
8184,Mt. Kenya,firewood,-141.67908314197348,-153.36760750118628
8185,Mt. Kenya,charcoal,163.29169680979481,176.76326179660288
8186,Mt. Kenya,electricity,565.8023576704459,612.4810521782576
8187,Mt. Kenya,LPG,781.4634641956754,845.9341999918187
8188,Mt. Kenya,electricity,924.2142697163773,1000.4619469679784
8189,Mt. Kenya,charcoal,333.8535753550547,361.3964953218467
8190,Mt. Kenya,electricity,333.7110240532757,361.24218353767094
8191,Mt. Kenya,LPG,662.389630997184,717.0367755544517
8192,Mt. Kenya,LPG,-153.3293813118305,-165.97905527005653
8193,Mt. Kenya,charcoal,760.8270555942103,823.5952876807327
8194,Mt. Kenya,firewood,904.0149537568718,978.5961874418138
8195,Mt. Kenya,charcoal,424.3136362603265,459.3195112518035
8196,Mt. Kenya,LPG,476.87207806325966,516.2140245034786
8197,Mt. Kenya,LPG,535.3474109529218,579.5135723565378
8198,Mt. Kenya,electricity,-8.105055004572023,-8.773722042449215
8199,Mt. Kenya,firewood,328.84800693761315,355.9779675099662
8200,Mt. Kenya,electricity,427.0413279215868,462.2722374751177
8201,Mt. Kenya,LPG,186.58595580062672,201.97929715417843
8202,Mt. Kenya,electricity,1014.8217419340237,1098.5445356435807
8203,Mt. Kenya,firewood,250.30438588276178,270.9544977180896
8204,Mt. Kenya,LPG,268.83507112874213,291.01396449686337
8205,Mt. Kenya,LPG,-222.2958226065756,-240.6352279716181
8206,Mt. Kenya,firewood,632.3937201287138,684.5662020393327
8207,Mt. Kenya,firewood,690.8596404797559,747.8555608193358
8208,Mt. Kenya,electricity,594.5384505545633,643.5878727253147
8209,Mt. Kenya,LPG,599.5872682963402,649.0532179307883
8210,Mt. Kenya,charcoal,642.3162893028449,695.3073831703296
8211,Mt. Kenya,LPG,1270.501915444162,1375.3183234683054
8212,Mt. Kenya,electricity,261.8518059973836,283.4545799921678
8213,Mt. Kenya,electricity,1283.6119063986293,1389.5098886765163
8214,Mt. Kenya,electricity,268.392786985967,290.5351919123093
8215,Mt. Kenya,charcoal,481.4897075646601,521.2126084387445
8216,Mt. Kenya,LPG,294.62845090627934,318.9352981060474
8217,Mt. Kenya,firewood,724.0284903766557,783.7608408327297
8218,Mt. Kenya,electricity,440.10473855480467,476.41337948557606
8219,Mt. Kenya,electricity,-70.71947536394487,-76.55383208147032
8220,Mt. Kenya,charcoal,694.5044575705926,751.8010753201665
8221,Mt. Kenya,electricity,561.7164956147112,608.0581065029249
8222,Mt. Kenya,electricity,608.666405178834,658.8813836060879
8223,Mt. Kenya,electricity,542.750302488558,587.527202443864
8224,Mt. Kenya,LPG,313.03492519758913,338.8603065263902
8225,Mt. Kenya,firewood,554.431902024899,600.1725339419532
8226,Mt. Kenya,charcoal,19.20723121689747,20.79182779229151
8227,Mt. Kenya,LPG,480.3431646353332,519.9714757177483
8228,Mt. Kenya,firewood,469.18408692697164,507.89177409844683
8229,Mt. Kenya,charcoal,617.3948713567956,668.3299482437313
8230,Mt. Kenya,LPG,358.8235748080425,388.426519729706
8231,Mt. Kenya,electricity,-111.89515196805468,-121.12650200541918
8232,Mt. Kenya,firewood,362.98811940173556,392.93463925237876
8233,Mt. Kenya,LPG,283.709652542218,307.115698876951
8234,Mt. Kenya,firewood,3.8411280976123408,4.1580211656653585
8235,Mt. Kenya,firewood,310.4161893688688,336.02552499180047
8236,Mt. Kenya,firewood,326.5966068620129,353.540826928129
8237,Mt. Kenya,LPG,363.4509939038533,393.43570090092123
8238,Mt. Kenya,LPG,203.51685738279411,220.30699811687464
8239,Mt. Kenya,LPG,358.4362109902101,388.0071983969024
8240,Mt. Kenya,LPG,876.5532022258092,948.8688414094385
8241,Mt. Kenya,charcoal,161.00621845397671,174.2892314764298
8242,Mt. Kenya,charcoal,130.99771180561316,141.80502302957626
8243,Mt. Kenya,LPG,213.87752466443825,231.5224204492544
8244,Mt. Kenya,LPG,164.51738274427757,178.09006682068048
8245,Mt. Kenya,LPG,589.7420630896969,638.3957832945969
8246,Mt. Kenya,firewood,732.5204863163042,792.9534264373993
8247,Mt. Kenya,charcoal,380.46375683423025,411.85201677305423
8248,Mt. Kenya,electricity,303.4396865399351,328.4734606794798
8249,Mt. Kenya,LPG,440.92946754510467,477.3061486175758
8250,Mt. Kenya,firewood,399.6101586292237,432.57799671613463
8251,Mt. Kenya,charcoal,-158.78952792713187,-171.88966398112026
8252,Mt. Kenya,charcoal,-195.36115189449686,-211.47844692579284
8253,Mt. Kenya,firewood,766.0963937462641,829.2993462303309
8254,Mt. Kenya,charcoal,573.1311573881881,620.4144778727136
8255,Mt. Kenya,charcoal,797.0871190918167,862.8468064168916
8256,Mt. Kenya,firewood,89.29878194383497,96.66593145420136
8257,Mt. Kenya,electricity,481.8981653249157,521.6547639642213
8258,Mt. Kenya,charcoal,-87.65876886234162,-94.89061729348481
8259,Mt. Kenya,charcoal,554.4764401041156,600.2207464127051
8260,Mt. Kenya,firewood,-93.5345939540303,-101.2511979552378
8261,Mt. Kenya,firewood,28.56249574275421,30.91890164153143
8262,Mt. Kenya,electricity,330.2351092485875,357.479505761596
8263,Mt. Kenya,electricity,927.1905185742513,1003.683736356627
8264,Mt. Kenya,charcoal,701.7872873081388,759.6847385110603
8265,Mt. Kenya,firewood,497.2938602483607,538.3206037188505
8266,Mt. Kenya,charcoal,155.0133189781455,167.8019177938425
8267,Mt. Kenya,electricity,731.5797135060191,791.9350398702657
8268,Mt. Kenya,charcoal,201.30341854414948,217.9109505740418
8269,Mt. Kenya,electricity,311.62948010922605,337.3389122182372
8270,Mt. Kenya,firewood,638.0621280251987,690.7022535872776
8271,Mt. Kenya,electricity,36.212446146863954,39.19997295398023
8272,Mt. Kenya,LPG,117.06030682389746,126.717782136869
8273,Mt. Kenya,LPG,539.3988427319882,583.8992472573773
8274,Mt. Kenya,firewood,193.5577756034772,209.5262920907641
8275,Mt. Kenya,electricity,60.30575015963899,65.28097454780921
8276,Mt. Kenya,firewood,547.8554475194705,593.0535219398269
8277,Mt. Kenya,LPG,541.7539253114519,586.4486241496467
8278,Mt. Kenya,charcoal,174.37443400494308,188.76032481035088
8279,Mt. Kenya,electricity,681.7801199729277,738.0269798706942
8280,Mt. Kenya,electricity,-411.2105510079592,-445.1354214661159
8281,Mt. Kenya,charcoal,-51.41816906694345,-55.66016801496628
8282,Mt. Kenya,electricity,530.2301663850194,573.9741551117835
8283,Mt. Kenya,firewood,596.4989827736317,645.7101488524563
8284,Mt. Kenya,LPG,306.192564021385,331.45345055314925
8285,Mt. Kenya,electricity,447.017993178537,483.8969776157663
8286,Mt. Kenya,firewood,539.7248094347615,584.2521062131293
8287,Mt. Kenya,LPG,480.2749555622646,519.8976393961515
8288,Mt. Kenya,electricity,384.81204705339553,416.5590409353007
8289,Mt. Kenya,charcoal,657.1272567872654,711.3402554722148
8290,Mt. Kenya,electricity,947.2800069292585,1025.4306075009224
8291,Mt. Kenya,charcoal,678.1659643676672,734.1146564279998
8292,Mt. Kenya,electricity,711.6381886051313,770.3483391650547
8293,Mt. Kenya,LPG,-21.452440101773277,-23.222266410169574
8294,Mt. Kenya,electricity,210.94514460575235,228.3481190357269
8295,Mt. Kenya,electricity,98.50467040467919,106.63130571306522
8296,Mt. Kenya,LPG,1205.488217954086,1304.9409959352981
8297,Mt. Kenya,electricity,-45.89067750606449,-49.676658400314814
8298,Mt. Kenya,electricity,263.06314624819134,284.76585581366714
8299,Mt. Kenya,firewood,331.2710608726534,358.6009233946473
8300,Mt. Kenya,charcoal,526.7057510652628,570.158975528147
8301,Mt. Kenya,electricity,-37.676475409072964,-40.78478463032148
8302,Mt. Kenya,firewood,457.0461015610773,494.7524049398662
8303,Mt. Kenya,firewood,1040.2161051188414,1126.0339337911457
8304,Mt. Kenya,LPG,288.2694109638677,312.05163736838676
8305,Mt. Kenya,charcoal,307.6300685703456,333.00954922739913
8306,Mt. Kenya,firewood,589.1420134695693,637.7462295808087
8307,Mt. Kenya,firewood,435.07731775626087,470.9711964711524
8308,Mt. Kenya,electricity,-117.07999983786567,-126.73909982448959
8309,Mt. Kenya,LPG,341.08729619159925,369.2269981274062
8310,Mt. Kenya,firewood,-40.436432994724896,-43.7724387167897
8311,Mt. Kenya,electricity,256.3769833532149,277.5280844798551
8312,Mt. Kenya,electricity,301.0103617729361,325.84371661920335
8313,Mt. Kenya,charcoal,656.9418789393546,711.1395839518514
8314,Mt. Kenya,LPG,446.3653269509925,483.19046642444937
8315,Mt. Kenya,charcoal,-86.48339534739307,-93.618275463553
8316,Mt. Kenya,charcoal,624.5424441621809,676.0671958055608
8317,Mt. Kenya,LPG,281.6904992973516,304.9299654893831
8318,Mt. Kenya,LPG,679.0567564109904,735.0789388148971
8319,Mt. Kenya,electricity,309.1607114956551,334.66647019404667
8320,Mt. Kenya,LPG,778.759737498787,843.0074158424369
8321,Mt. Kenya,LPG,784.0501389663518,848.7342754310758
8322,Mt. Kenya,firewood,240.65566543472272,260.50975783308735
8323,Mt. Kenya,charcoal,248.32009803870935,268.8065061269029
8324,Mt. Kenya,firewood,552.0734779440596,597.6195398744445
8325,Mt. Kenya,electricity,856.8297714333715,927.5182275766247
8326,Mt. Kenya,charcoal,620.9461674026633,672.174226213383
8327,Mt. Kenya,charcoal,1519.4526574560248,1644.8075016961468
8328,Mt. Kenya,charcoal,459.82144519304126,497.75671442146717
8329,Mt. Kenya,charcoal,192.38024200691353,208.25161197248391
8330,Mt. Kenya,LPG,264.54192147066806,286.3666299919982
8331,Mt. Kenya,LPG,621.2947075575036,672.5515209309976
8332,Mt. Kenya,electricity,403.58233276535316,436.8778752184948
8333,Mt. Kenya,LPG,503.5340862649328,545.0756483817897
8334,Mt. Kenya,charcoal,375.8894334190368,406.9003116761073
8335,Mt. Kenya,firewood,225.29354355430368,243.88026089753373
8336,Mt. Kenya,electricity,8.292330276635084,8.976447524457479
8337,Mt. Kenya,firewood,876.7775118365316,949.1116565630455
8338,Mt. Kenya,charcoal,573.9981381336197,621.3529845296433
8339,Mt. Kenya,electricity,407.6410160372011,441.2713998602702
8340,Mt. Kenya,LPG,372.38886292412735,403.1109441153679
8341,Mt. Kenya,charcoal,-128.2079234755439,-138.78507716227628
8342,Mt. Kenya,firewood,260.0388582750921,281.4920640827872
8343,Mt. Kenya,electricity,-25.288579712306614,-27.37488753857191
8344,Mt. Kenya,charcoal,477.0048414096251,516.3577408259192
8345,Mt. Kenya,electricity,530.0751015394944,573.8062974165027
8346,Mt. Kenya,LPG,400.7194920543514,433.77885014883543
8347,Mt. Kenya,firewood,376.604976262837,407.67488680452107
8348,Mt. Kenya,electricity,29.152905530572866,31.558020236845127
8349,Mt. Kenya,LPG,87.9900544045334,95.2492338929074
8350,Mt. Kenya,firewood,231.69686267129575,250.81185384167765
8351,Mt. Kenya,firewood,536.2927323896018,580.536882811744
8352,Mt. Kenya,LPG,685.299751965897,741.8369815030835
8353,Mt. Kenya,LPG,395.28971578837997,427.9011173409213
8354,Mt. Kenya,LPG,452.8422260363391,490.2017096843371
8355,Mt. Kenya,LPG,143.88827232489894,155.7590547917031
8356,Mt. Kenya,charcoal,480.02472504023456,519.6267648560539
8357,Mt. Kenya,firewood,-129.18700444698368,-139.84493231385983
8358,Mt. Kenya,firewood,906.013127562114,980.7592105859885
8359,Mt. Kenya,LPG,861.3633421759002,932.425817905412
8360,Mt. Kenya,charcoal,14.263800007926989,15.440563508580965
8361,Mt. Kenya,electricity,-21.83222837407817,-23.63338721493962
8362,Mt. Kenya,electricity,679.4755605291623,735.5322942728181
8363,Mt. Kenya,LPG,6.424623768327081,6.954655229214064
8364,Mt. Kenya,firewood,-151.92556344634886,-164.45942243067265
8365,Mt. Kenya,electricity,535.8966870558996,580.1081637380114
8366,Mt. Kenya,charcoal,273.0500862740868,295.576718391699
8367,Mt. Kenya,LPG,625.5937646039092,677.2052501837318
8368,Mt. Kenya,electricity,-111.97578248664092,-121.2137845417888
8369,Mt. Kenya,electricity,770.8971156160155,834.4961276543369
8370,Mt. Kenya,charcoal,409.28364852054324,443.04954952348805
8371,Mt. Kenya,LPG,404.4184270630687,437.78294729577186
8372,Mt. Kenya,firewood,509.8966122818125,551.9630827950621
8373,Mt. Kenya,firewood,-294.671033245383,-318.9813934881271
8374,Mt. Kenya,firewood,100.30242252175032,108.57737237979472
8375,Mt. Kenya,LPG,-292.870025345532,-317.0318024365384
8376,Mt. Kenya,electricity,650.3197972737759,703.9711805488624
8377,Mt. Kenya,LPG,182.8367030580263,197.92073106031347
8378,Mt. Kenya,electricity,439.98098766867327,476.2794191513388
8379,Mt. Kenya,electricity,7.78670197920701,8.429104892491589
8380,Mt. Kenya,charcoal,831.9754631477269,900.6134388574144
8381,Mt. Kenya,charcoal,648.8687794817769,702.4004537890235
8382,Mt. Kenya,electricity,642.6899313295631,695.7118506642521
8383,Mt. Kenya,charcoal,484.51913867096397,524.4919676113185
8384,Mt. Kenya,charcoal,213.5129573287292,231.12777630834935
8385,Mt. Kenya,charcoal,518.239757541879,560.994537539084
8386,Mt. Kenya,electricity,191.39692185472322,207.1871679077379
8387,Mt. Kenya,charcoal,184.96394455171907,200.22346997723588
8388,Mt. Kenya,charcoal,88.54631552949405,95.85138656067731
8389,Mt. Kenya,LPG,396.4169832986927,429.12138442083483
8390,Mt. Kenya,firewood,359.64448244577085,389.31515224754696
8391,Mt. Kenya,LPG,485.4623690973185,525.5130145478473
8392,Mt. Kenya,charcoal,500.01812694630456,541.2696224193747
8393,Mt. Kenya,electricity,920.2195601289943,996.1376738396364
8394,Mt. Kenya,charcoal,545.072384691404,590.0408564284448
8395,Mt. Kenya,LPG,48.193076256208826,52.169005047346054
8396,Mt. Kenya,charcoal,198.52375568236582,214.901965526161
8397,Mt. Kenya,electricity,551.343658880241,596.8295107378609
8398,Mt. Kenya,charcoal,709.1280738825177,767.6311399778255
8399,Mt. Kenya,LPG,429.2932102849116,464.7099001334168
8400,Mt. Kenya,LPG,422.09865377737356,456.92179271400687
8401,Mt. Kenya,LPG,351.45585048344515,380.4509581483294
8402,Mt. Kenya,firewood,593.6028238186573,642.5750567836965
8403,Mt. Kenya,firewood,603.4988216800872,653.2874744686944
8404,Mt. Kenya,firewood,289.5479588040254,313.43566540535755
8405,Mt. Kenya,electricity,671.1738906627754,726.5457366424544
8406,Mt. Kenya,electricity,427.0870091993647,462.3216874583123
8407,Mt. Kenya,LPG,269.7081176157078,291.9590373190037
8408,Mt. Kenya,LPG,367.04313388662314,397.32419243226957
8409,Mt. Kenya,charcoal,282.0846581061375,305.3566423998939
8410,Mt. Kenya,electricity,764.6509865873836,827.7346929808427
8411,Mt. Kenya,LPG,311.1833609959127,336.85598827807553
8412,Mt. Kenya,firewood,76.64867823255923,82.97219418674537
8413,Mt. Kenya,electricity,611.0816200592412,661.4958537141287
8414,Mt. Kenya,firewood,366.39985106317624,396.6278387758883
8415,Mt. Kenya,LPG,58.77420423760566,63.623076087208126
8416,Mt. Kenya,electricity,1121.4021076921517,1213.9177815767544
8417,Mt. Kenya,electricity,119.94512495759079,129.84059776659203
8418,Mt. Kenya,firewood,-172.35380066813423,-186.5729892232553
8419,Mt. Kenya,LPG,776.1993812241926,840.2358301751885
8420,Mt. Kenya,charcoal,369.4309736773874,399.90902900577186
8421,Mt. Kenya,LPG,406.0824636534807,439.5842669048929
8422,Mt. Kenya,charcoal,415.3076138670413,449.57049201107225
8423,Mt. Kenya,LPG,241.53354365009233,261.460061001225
8424,Mt. Kenya,charcoal,610.3946055223882,660.7521604779853
8425,Mt. Kenya,LPG,367.6344887641791,397.96433408722385
8426,Mt. Kenya,electricity,470.8355266453978,509.6794575936431
8427,Mt. Kenya,electricity,782.9863305772872,847.5827028499134
8428,Mt. Kenya,charcoal,535.0103322105223,579.1486846178904
8429,Mt. Kenya,electricity,203.391952731465,220.1717888318109
8430,Mt. Kenya,LPG,-51.27023138847875,-55.50002547802825
8431,Mt. Kenya,firewood,782.4125855488389,846.9616238566182
8432,Mt. Kenya,firewood,132.43919696581492,143.36543071549465
8433,Mt. Kenya,LPG,816.2405693660535,883.5804163387529
8434,Mt. Kenya,LPG,499.41004245359755,540.6113709560194
8435,Mt. Kenya,LPG,699.6566736065188,757.3783491790566
8436,Mt. Kenya,firewood,454.33795265821374,491.82083375251636
8437,Mt. Kenya,electricity,701.1129926645256,758.954814559349
8438,Mt. Kenya,electricity,218.09255385808876,236.0851895513811
8439,Mt. Kenya,electricity,625.1557099477952,676.7310560184884
8440,Mt. Kenya,firewood,470.283093448831,509.08144865835953
8441,Mt. Kenya,LPG,110.77728103577095,119.91640672122206
8442,Mt. Kenya,LPG,348.8936301309546,377.67735461675835
8443,Mt. Kenya,LPG,714.4017812273573,773.3399281786143
8444,Mt. Kenya,electricity,133.36843427675348,144.37133010458564
8445,Mt. Kenya,charcoal,179.96816948244674,194.8155434647486
8446,Mt. Kenya,electricity,821.0563607974871,888.7935105632797
8447,Mt. Kenya,charcoal,-78.38292590833515,-84.8495172957728
8448,Mt. Kenya,charcoal,874.9829575619085,947.169051560766
8449,Mt. Kenya,electricity,1171.3185268670568,1267.952305333589
8450,Mt. Kenya,electricity,672.3858172403084,727.8576471626338
8451,Mt. Kenya,electricity,47.17318483165354,51.064972580264964
8452,Mt. Kenya,LPG,447.474701551823,484.3913644298484
8453,Mt. Kenya,firewood,807.8449186229899,874.4921244093865
8454,Mt. Kenya,electricity,-79.54797493234247,-86.11068286426072
8455,Mt. Kenya,charcoal,214.59482732013709,232.2989005740484
8456,Mt. Kenya,electricity,286.26529859518047,309.88218572928287
8457,Mt. Kenya,charcoal,88.82942255202624,96.15784991256841
8458,Mt. Kenya,electricity,314.5206033767039,340.46855315528194
8459,Mt. Kenya,firewood,383.67404699345917,415.3271558704196
8460,Mt. Kenya,LPG,640.5608939993522,693.4071677542987
8461,Mt. Kenya,charcoal,8.101153719355295,8.769498901202107
8462,Mt. Kenya,LPG,600.2883415721408,649.8121297518423
8463,Mt. Kenya,firewood,670.5322877867154,725.8512015291194
8464,Mt. Kenya,charcoal,388.9982454469878,421.09060069636433
8465,Mt. Kenya,electricity,429.464617215995,464.8954481363146
8466,Mt. Kenya,LPG,820.3479369495681,888.0266417479074
8467,Mt. Kenya,LPG,432.51886350375145,468.20166974281096
8468,Mt. Kenya,LPG,702.8140095657749,760.7961653549513
8469,Mt. Kenya,electricity,46.6310977605126,50.47816332575489
8470,Mt. Kenya,LPG,401.67045879130524,434.8082716415879
8471,Mt. Kenya,firewood,540.6885412341935,585.2953458860145
8472,Mt. Kenya,charcoal,419.55461825708636,454.16787426329597
8473,Mt. Kenya,electricity,408.15338818388983,441.82604270906074
8474,Mt. Kenya,charcoal,724.4807546918281,784.2504169539039
8475,Mt. Kenya,firewood,1065.7056448015646,1153.6263604976937
8476,Mt. Kenya,electricity,712.7055919797563,771.5038033180862
8477,Mt. Kenya,electricity,-94.93803776267157,-102.77042587809197
8478,Mt. Kenya,LPG,-290.75237077925976,-314.7394413685487
8479,Mt. Kenya,electricity,819.1464956721177,886.7260815650674
8480,Mt. Kenya,LPG,101.09810292690884,109.43869641837881
8481,Mt. Kenya,firewood,221.81319357196938,240.11278204165686
8482,Mt. Kenya,electricity,492.6418754105785,533.2848301319513
8483,Mt. Kenya,charcoal,19.96001128768154,21.606712218915266
8484,Mt. Kenya,LPG,24.748474657565282,26.790223816814418
8485,Mt. Kenya,firewood,769.6885316415787,833.187835502009
8486,Mt. Kenya,charcoal,557.6096261951816,603.6124203562841
8487,Mt. Kenya,charcoal,547.0168961826131,592.1457901176786
8488,Mt. Kenya,charcoal,731.8345247704783,792.2108730640427
8489,Mt. Kenya,firewood,587.9623966528918,636.4692943767554
8490,Mt. Kenya,firewood,-110.43533942328531,-119.54625492570635
8491,Mt. Kenya,charcoal,440.1402253169399,476.45179390558746
8492,Mt. Kenya,firewood,693.433657560824,750.641934309592
8493,Mt. Kenya,charcoal,33.09123427226518,35.82126109972706
8494,Mt. Kenya,electricity,438.4463764771847,474.6182025365524
8495,Mt. Kenya,charcoal,317.81726406323764,344.0371883484548
8496,Mt. Kenya,LPG,-25.972967620364102,-28.11573744904414
8497,Mt. Kenya,electricity,76.48540744113785,82.79545355503173
8498,Mt. Kenya,LPG,654.4306743313016,708.421204963634
8499,Mt. Kenya,LPG,631.1802582798817,683.252629587972
8500,Mt. Kenya,charcoal,155.70688882638413,168.55270715456084
8501,Mt. Kenya,firewood,204.7848768542142,221.67962919468687
8502,Mt. Kenya,firewood,83.3191656868305,90.19299685599402
8503,Mt. Kenya,electricity,18.430560190077472,19.951081405758863
8504,Mt. Kenya,firewood,707.0184651138566,765.3474884857497
8505,Mt. Kenya,firewood,281.74578062005355,304.989807521208
8506,Mt. Kenya,firewood,442.189636403816,478.6702814071308
8507,Mt. Kenya,firewood,259.5917016432799,281.00801702885053
8508,Mt. Kenya,LPG,274.530001281921,297.1787263876795
8509,Mt. Kenya,charcoal,116.57356103874986,126.19087982444672
8510,Mt. Kenya,LPG,661.3809198158127,715.9448457006173
8511,Mt. Kenya,LPG,546.4031947347775,591.4814583003966
8512,Mt. Kenya,charcoal,833.344893240176,902.0958469324905
8513,Mt. Kenya,electricity,160.6343313028826,173.8866636353704
8514,Mt. Kenya,firewood,418.36077204621387,452.8755357400265
8515,Mt. Kenya,electricity,-162.32258203871834,-175.71419505691262
8516,Mt. Kenya,LPG,186.5144023540619,201.90184054827202
8517,Mt. Kenya,charcoal,210.33147325506351,227.68381979860627
8518,Mt. Kenya,firewood,279.08304304716216,302.1073940985531
8519,Mt. Kenya,electricity,633.4762223595642,685.7380107042283
8520,Mt. Kenya,charcoal,356.6866815673849,386.1133327966941
8521,Mt. Kenya,charcoal,730.0805605449782,790.312206789939
8522,Mt. Kenya,electricity,289.9557065065993,313.8770522933938
8523,Mt. Kenya,LPG,365.3770399313175,395.5206457256512
8524,Mt. Kenya,electricity,483.2483719629156,523.1163626498561
8525,Mt. Kenya,electricity,900.7258772131786,975.0357620832658
8526,Mt. Kenya,electricity,288.9556924129129,312.7945370369782
8527,Mt. Kenya,electricity,230.36980851054696,249.37531771266708
8528,Mt. Kenya,firewood,715.0879632593326,774.0827202282276
8529,Mt. Kenya,electricity,727.5585262779305,787.5821046958597
8530,Mt. Kenya,charcoal,886.192943738427,959.3038615968472
8531,Mt. Kenya,charcoal,-142.47990084331968,-154.23449266289356
8532,Mt. Kenya,electricity,755.643944411027,817.9845698249367
8533,Mt. Kenya,LPG,629.7930637090975,681.7509914650981
8534,Mt. Kenya,firewood,487.9329871267513,528.1874585647083
8535,Mt. Kenya,LPG,404.6276390491288,438.0094192706819
8536,Mt. Kenya,charcoal,822.239771034416,890.0745521447553
8537,Mt. Kenya,firewood,481.19991383419284,520.8989067255137
8538,Mt. Kenya,LPG,431.6999022768148,467.31514421465204
8539,Mt. Kenya,electricity,311.6187183887797,337.32726265585404
8540,Mt. Kenya,firewood,903.2150043696606,977.7302422301576
8541,Mt. Kenya,LPG,175.63950504058977,190.12976420643844
8542,Mt. Kenya,firewood,180.79384911802748,195.70934167026476
8543,Mt. Kenya,LPG,767.1463960546276,830.4359737291344
8544,Mt. Kenya,firewood,170.3797372027201,184.4360655219445
8545,Mt. Kenya,charcoal,-158.79617771180222,-171.8968623730259
8546,Mt. Kenya,firewood,375.09510882742507,406.04045530568766
8547,Mt. Kenya,firewood,644.0776425092968,697.2140480163138
8548,Mt. Kenya,charcoal,515.9904686944543,558.5596823617468
8549,Mt. Kenya,firewood,434.68936084268677,470.5512331122084
8550,Mt. Kenya,electricity,299.1118258548674,323.788551487894
8551,Mt. Kenya,charcoal,59.307843627254385,64.20074072650287
8552,Mt. Kenya,charcoal,639.4244998340189,692.1770210703255
8553,Mt. Kenya,charcoal,-57.234686365493076,-61.95654799064626
8554,Mt. Kenya,LPG,339.251598504817,367.23985538146445
8555,Mt. Kenya,charcoal,244.5910649002079,264.76982775447505
8556,Mt. Kenya,LPG,848.4096831282518,918.4034819863326
8557,Mt. Kenya,firewood,401.2016433833154,434.3007789624389
8558,Mt. Kenya,electricity,832.2687505235666,900.9309224417609
8559,Mt. Kenya,charcoal,923.5463498064552,999.7389236654877
8560,Mt. Kenya,LPG,47.82701428869649,51.77274296751395
8561,Mt. Kenya,firewood,948.7824431925592,1027.0569947559454
8562,Mt. Kenya,charcoal,229.96928103791254,248.94174672354032
8563,Mt. Kenya,firewood,281.63922288801234,304.87445877627334
8564,Mt. Kenya,charcoal,155.64797964432591,168.4889379649828
8565,Mt. Kenya,firewood,493.450240746506,534.1598856080927
8566,Mt. Kenya,charcoal,572.3876893113767,619.6096736795653
8567,Mt. Kenya,firewood,271.8230141157569,294.24841278030686
8568,Mt. Kenya,LPG,432.0090512850733,467.6497980160919
8569,Mt. Kenya,LPG,916.0666286629461,991.6421255276391
8570,Mt. Kenya,charcoal,-146.13284217259354,-158.1888016518325
8571,Mt. Kenya,LPG,553.8841091419256,599.5795481461345
8572,Mt. Kenya,electricity,542.7367933761689,587.5125788297028
8573,Mt. Kenya,firewood,455.2605025360303,492.8194939952528
8574,Mt. Kenya,LPG,867.2943270603523,938.8461090428314
8575,Mt. Kenya,charcoal,-47.9597151459796,-51.91639164552292
8576,Mt. Kenya,charcoal,523.4799001488873,566.6669919111705
8577,Mt. Kenya,electricity,329.16522336709767,356.32135429488324
8578,Mt. Kenya,electricity,324.5366068059135,351.31087686740136
8579,Mt. Kenya,charcoal,639.834769441146,692.6211379200406
8580,Mt. Kenya,LPG,321.94404669278293,348.5044305449375
8581,Mt. Kenya,LPG,711.5044052133564,770.2035186434583
8582,Mt. Kenya,electricity,444.3284883493113,480.9855886381295
8583,Mt. Kenya,LPG,81.7462386414715,88.4903033293929
8584,Mt. Kenya,LPG,154.42292710284298,167.16281858882752
8585,Mt. Kenya,LPG,475.745976949095,514.9950200473953
8586,Mt. Kenya,firewood,-233.53818168403973,-252.80508167297302
8587,Mt. Kenya,electricity,141.543916148726,153.2212892309959
8588,Mt. Kenya,firewood,176.37542655065047,190.92639924107914
8589,Mt. Kenya,LPG,539.607134840854,584.1247234652244
8590,Mt. Kenya,charcoal,160.934196063764,174.21126723902455
8591,Mt. Kenya,electricity,82.16719747229672,88.9459912637612
8592,Mt. Kenya,firewood,-239.7428030371832,-259.5215842877508
8593,Mt. Kenya,firewood,305.77454737623174,331.0009475347709
8594,Mt. Kenya,charcoal,226.9097408787191,245.62979450121344
8595,Mt. Kenya,firewood,587.4544989532484,635.9194951168914
8596,Mt. Kenya,LPG,253.62207109200673,274.5458919570973
8597,Mt. Kenya,firewood,535.2367981492844,579.3938339966004
8598,Mt. Kenya,electricity,-152.8908422270298,-165.50433671075976
8599,Mt. Kenya,firewood,571.0954590420758,618.2108344130471
8600,Mt. Kenya,firewood,319.77630116596396,346.15784601215597
8601,Mt. Kenya,electricity,-212.36736302848374,-229.88767047833366
8602,Mt. Kenya,charcoal,494.2593117827227,535.0357050047974
8603,Mt. Kenya,LPG,137.26148117043897,148.5855533670002
8604,Mt. Kenya,electricity,135.23186675964007,146.3884957673104
8605,Mt. Kenya,firewood,660.2475568500529,714.7179802901823
8606,Mt. Kenya,electricity,354.52703634539574,383.7755168438909
8607,Mt. Kenya,electricity,388.7673385067975,420.8406439336083
8608,Mt. Kenya,charcoal,526.6365625055668,570.084078912276
8609,Mt. Kenya,charcoal,320.8451091881197,347.31483069613955
8610,Mt. Kenya,charcoal,528.66963335499,572.2848781067767
8611,Mt. Kenya,firewood,516.376007076071,558.9770276598468
8612,Mt. Kenya,charcoal,-19.631371571252714,-21.250959725881064
8613,Mt. Kenya,firewood,348.2698120764649,377.0020715727733
8614,Mt. Kenya,firewood,442.8925644082925,479.43120097197664
8615,Mt. Kenya,electricity,337.7850638827129,365.6523316530367
8616,Mt. Kenya,charcoal,263.2494379580521,284.9675165895914
8617,Mt. Kenya,charcoal,85.49811822134956,92.5517129746109
8618,Mt. Kenya,firewood,1006.528108995286,1089.566677987397
8619,Mt. Kenya,charcoal,896.1222742330838,970.0523618573131
8620,Mt. Kenya,LPG,187.3888113514347,202.84838828792806
8621,Mt. Kenya,electricity,685.8376793015566,742.419287843935
8622,Mt. Kenya,firewood,210.04905315433763,227.37810003957048
8623,Mt. Kenya,LPG,684.007301018202,740.4379033522038
8624,Mt. Kenya,electricity,-159.86528244900455,-173.05416825104743
8625,Mt. Kenya,LPG,1042.3527392436072,1128.3468402312049
8626,Mt. Kenya,charcoal,621.4714804389356,672.7428775751478
8627,Mt. Kenya,charcoal,770.2220772094399,833.7653985792188
8628,Mt. Kenya,electricity,479.93344284025056,519.5279518745713
8629,Mt. Kenya,firewood,230.76241519217604,249.80031444553057
8630,Mt. Kenya,firewood,-54.98901978995849,-59.525613922630065
8631,Mt. Kenya,electricity,412.18285672368125,446.18794240338497
8632,Mt. Kenya,charcoal,-151.06871176410107,-163.5318804846394
8633,Mt. Kenya,electricity,737.752586936075,798.6171753583012
8634,Mt. Kenya,electricity,956.8674250514781,1035.808987618225
8635,Mt. Kenya,LPG,280.63345907036177,303.7857194436666
8636,Mt. Kenya,electricity,684.3969662579411,740.8597159742213
8637,Mt. Kenya,LPG,105.46653398527178,114.1675230390567
8638,Mt. Kenya,electricity,600.0603788752012,649.5653601324053
8639,Mt. Kenya,charcoal,767.9243328357302,831.2780902946779
8640,Mt. Kenya,firewood,248.70320342637953,269.22121770905585
8641,Mt. Kenya,charcoal,149.28284952614501,161.59868461205198
8642,Mt. Kenya,charcoal,189.02906436118266,204.62396217098023
8643,Mt. Kenya,electricity,1247.5175530092847,1350.4377511325508
8644,Mt. Kenya,charcoal,178.1390843140308,192.83555876993836
8645,Mt. Kenya,electricity,29.627221449093213,32.071467218643406
8646,Mt. Kenya,electricity,62.781834405930056,67.96133574441929
8647,Mt. Kenya,LPG,802.685901438394,868.9074883070615
8648,Mt. Kenya,electricity,587.8596204206602,636.3580391053647
8649,Mt. Kenya,firewood,733.9101608302371,794.4577490987317
8650,Mt. Kenya,firewood,115.73417095540253,125.28224005922324
8651,Mt. Kenya,firewood,161.28597794072473,174.59207112083453
8652,Mt. Kenya,charcoal,141.733774088215,153.42681045049275
8653,Mt. Kenya,electricity,678.8047414225822,734.8061325899453
8654,Mt. Kenya,charcoal,229.06654688058504,247.9645369982333
8655,Mt. Kenya,electricity,435.0398774814477,470.9306673736672
8656,Mt. Kenya,firewood,323.3721607186302,350.0503639779172
8657,Mt. Kenya,electricity,193.32001748215237,209.26891892442993
8658,Mt. Kenya,charcoal,415.2112821315542,449.4662129074074
8659,Mt. Kenya,firewood,595.8330379507908,644.989263581731
8660,Mt. Kenya,LPG,-214.28249584948992,-231.96080175707283
8661,Mt. Kenya,charcoal,412.4783519549222,446.50781599120324
8662,Mt. Kenya,electricity,222.5818349038793,240.94483628344935
8663,Mt. Kenya,charcoal,-33.75650232475931,-36.541413766551955
8664,Mt. Kenya,charcoal,424.7071840483842,459.7455267323759
8665,Mt. Kenya,electricity,215.67172767561408,233.46464520885223
8666,Mt. Kenya,electricity,360.12755901644016,389.8380826352965
8667,Mt. Kenya,LPG,125.03412323909265,135.3494384063178
8668,Mt. Kenya,LPG,82.95356266875899,89.79723158893161
8669,Mt. Kenya,electricity,565.6051218302961,612.2675443812955
8670,Mt. Kenya,electricity,930.6234210537352,1007.3998532906684
8671,Mt. Kenya,charcoal,358.7023948377606,388.2953424118759
8672,Mt. Kenya,charcoal,317.23635903478333,343.40835865515294
8673,Mt. Kenya,firewood,895.8677364754672,969.7768247346933
8674,Mt. Kenya,electricity,376.21261148863005,407.250151936442
8675,Mt. Kenya,charcoal,550.6611820421709,596.0907295606501
8676,Mt. Kenya,LPG,468.0499946219767,506.66411917828975
8677,Mt. Kenya,electricity,216.75981734483597,234.64250227578495
8678,Mt. Kenya,charcoal,249.5683110776878,270.1576967415971
8679,Mt. Kenya,firewood,637.0811070330234,689.6402983632478
8680,Mt. Kenya,electricity,408.241918778057,441.92187707724673
8681,Mt. Kenya,electricity,339.89337818363623,367.9345818837862
8682,Mt. Kenya,charcoal,1109.020591335618,1200.5147901208065
8683,Mt. Kenya,LPG,122.16893589801771,132.24787310960417
8684,Mt. Kenya,firewood,2.2043991102797804,2.3862620368778624
8685,Mt. Kenya,charcoal,829.8996407404852,898.3663611015753
8686,Mt. Kenya,firewood,610.7333433695663,661.1188441975556
8687,Mt. Kenya,firewood,553.1744903359343,598.8113857886489
8688,Mt. Kenya,electricity,458.7483871471924,496.59512908683575
8689,Mt. Kenya,firewood,229.9435399837395,248.91388203239802
8690,Mt. Kenya,charcoal,36.539108735659795,39.55358520635173
8691,Mt. Kenya,electricity,325.50783907884835,352.3622358028533
8692,Mt. Kenya,charcoal,1220.7482936121423,1321.460027835144
8693,Mt. Kenya,firewood,157.93802637497245,170.9679135509077
8694,Mt. Kenya,LPG,243.58219608798257,263.6777272652411
8695,Mt. Kenya,LPG,245.89346473408608,266.1796755746482
8696,Mt. Kenya,LPG,501.4248735384498,542.7924256053719
8697,Mt. Kenya,electricity,29.60756149989993,32.05018532364168
8698,Mt. Kenya,electricity,453.8462677366988,491.28858482497645
8699,Mt. Kenya,LPG,176.39403580033255,190.94654375385997
8700,Mt. Kenya,firewood,720.195176343939,779.611278392314
8701,Mt. Kenya,firewood,564.412106982058,610.9761058080778
8702,Mt. Kenya,charcoal,33.62278676334182,36.396666671317526
8703,Mt. Kenya,LPG,723.2763554238195,782.9466547462846
8704,Mt. Kenya,electricity,348.08377092386246,376.80068202508113
8705,Mt. Kenya,charcoal,504.58359779348984,546.2117446114528
8706,Mt. Kenya,charcoal,203.531888444068,220.3232692407036
8707,Mt. Kenya,charcoal,804.1788964542201,870.5236554116932
8708,Mt. Kenya,firewood,452.59941050550253,489.9388618722065
8709,Mt. Kenya,LPG,402.73467664339637,435.9602874664766
8710,Mt. Kenya,electricity,875.0326514387164,947.2228451824104
8711,Mt. Kenya,electricity,429.58992789540554,465.03109694677653
8712,Mt. Kenya,charcoal,568.3370208993372,615.2248251235325
8713,Mt. Kenya,LPG,915.7908114912574,991.3435534392861
8714,Mt. Kenya,electricity,305.82420065969126,331.0546972141158
8715,Mt. Kenya,electricity,1026.2436606039623,1110.9087626037892
8716,Mt. Kenya,charcoal,140.55662642161263,152.15254810139567
8717,Mt. Kenya,electricity,556.9273163828857,602.8738199844738
8718,Mt. Kenya,firewood,194.68276358549312,210.74409158129632
8719,Mt. Kenya,electricity,245.27719761333248,265.51256641643243
8720,Mt. Kenya,LPG,245.2099262696311,265.43974518687565
8721,Mt. Kenya,electricity,-97.16536420974188,-105.18150675704558
8722,Mt. Kenya,LPG,804.2928681772044,870.6470298018237
8723,Mt. Kenya,charcoal,122.27092872655845,132.35828034649953
8724,Mt. Kenya,firewood,592.0317211218442,640.8743381143963
8725,Mt. Kenya,charcoal,1018.1012689343776,1102.0946236214638
8726,Mt. Kenya,electricity,205.93009856090433,222.91933169217893
8727,Mt. Kenya,LPG,280.96775110475505,304.14759057089736
8728,Mt. Kenya,charcoal,501.3696750725798,542.7326732660676
8729,Mt. Kenya,charcoal,-58.880095557871755,-63.73770344139618
8730,Mt. Kenya,LPG,722.6567554160133,782.2759377378344
8731,Mt. Kenya,charcoal,136.10187321012057,147.3302777499555
8732,Mt. Kenya,electricity,90.02303636830169,97.44993686868658
8733,Mt. Kenya,LPG,423.01900952626164,457.91807781217824
8734,Mt. Kenya,charcoal,-66.23723041000028,-71.70180191882531
8735,Mt. Kenya,LPG,828.3163609718266,896.6524607520023
8736,Mt. Kenya,charcoal,980.3846446197795,1061.2663778009112
8737,Mt. Kenya,firewood,890.4419921340326,963.9034564850903
8738,Mt. Kenya,firewood,473.2368491472466,512.2788892018945
8739,Mt. Kenya,charcoal,323.4546495039939,350.1396580880734
8740,Mt. Kenya,LPG,323.1930370668456,349.85646262486034
8741,Mt. Kenya,LPG,583.7810938777181,631.9430341226299
8742,Mt. Kenya,firewood,788.7246612761728,853.7944458314571
8743,Mt. Kenya,charcoal,452.52128292014066,489.85428876105226
8744,Mt. Kenya,firewood,428.70094347487714,464.0687713115545
8745,Mt. Kenya,electricity,193.79525257951485,209.78336091732484
8746,Mt. Kenya,LPG,331.44673911590814,358.7910950929706
8747,Mt. Kenya,charcoal,352.4663775737071,381.544853723538
8748,Mt. Kenya,firewood,322.5687607559105,349.1806835182731
8749,Mt. Kenya,charcoal,171.95673646338662,186.143167221616
8750,Mt. Kenya,electricity,-255.72914246664118,-276.8267967201391
8751,Mt. Kenya,LPG,447.53843950041426,484.46036075919847
8752,Mt. Kenya,firewood,270.7202381026892,293.05465774616107
8753,Mt. Kenya,electricity,649.6610899407291,703.2581298608393
8754,Mt. Kenya,electricity,11.53507728272649,12.486721158551426
8755,Mt. Kenya,electricity,901.5150402011948,975.8900310177934
8756,Mt. Kenya,LPG,127.19857740800427,137.69246004416462
8757,Mt. Kenya,charcoal,787.568769045967,852.5431924922592
8758,Mt. Kenya,LPG,-270.1621362877031,-292.4505125314386
8759,Mt. Kenya,firewood,169.53540185567374,183.52207250876683
8760,Mt. Kenya,LPG,416.118510499516,450.4482876157261
8761,Mt. Kenya,firewood,145.94757842841975,157.98825364876438
8762,Mt. Kenya,electricity,436.2892359992962,472.2830979692381
8763,Mt. Kenya,electricity,704.870941032915,763.0227936681305
8764,Mt. Kenya,LPG,329.24375150879746,356.4063610082733
8765,Mt. Kenya,charcoal,399.91240880488897,432.9051825312923
8766,Mt. Kenya,LPG,358.601638660066,388.18627384952146
8767,Mt. Kenya,LPG,212.94552708428296,230.5135330687363
8768,Mt. Kenya,LPG,-226.47372845830716,-245.1578110561175
8769,Mt. Kenya,LPG,481.7124225981673,521.4536974625161
8770,Mt. Kenya,charcoal,290.16602640842973,314.1047235871252
8771,Mt. Kenya,LPG,353.18155926652315,382.3190379060113
8772,Mt. Kenya,charcoal,749.5353813432062,811.3720503040207
8773,Mt. Kenya,firewood,19.511108597381508,21.120775056665483
8774,Mt. Kenya,charcoal,45.400100396022424,49.14560867869427
8775,Mt. Kenya,electricity,266.4787498676211,288.4632467316998
8776,Mt. Kenya,firewood,740.8881246427419,802.0113949257682
8777,Mt. Kenya,LPG,530.3579397948865,574.1124698279647
8778,Mt. Kenya,firewood,606.9954420497645,657.0725660188701
8779,Mt. Kenya,electricity,409.09647248311376,442.84693146297064
8780,Mt. Kenya,LPG,401.47222821290126,434.5936870404656
8781,West Kenya,LPG,532.8752925661141,576.8375042028185
8782,West Kenya,electricity,144.0684293133316,155.95407473168146
8783,West Kenya,charcoal,221.7969545738685,240.09520332621267
8784,West Kenya,charcoal,242.6492375931574,262.6677996945929
8785,West Kenya,electricity,179.0185064011917,193.78753317929002
8786,West Kenya,firewood,475.61718663421385,514.8556045315365
8787,West Kenya,electricity,198.33337561941602,214.69587910801783
8788,West Kenya,LPG,7.037164416605549,7.617730480975506
8789,West Kenya,LPG,420.13876723903473,454.8002155362551
8790,West Kenya,electricity,1016.7212014826547,1100.6007006049738
8791,West Kenya,firewood,137.84975686200158,149.2223618031167
8792,West Kenya,charcoal,907.3074132494304,982.1602748425084
8793,West Kenya,electricity,168.60706477506537,182.51714761900826
8794,West Kenya,electricity,-76.15890716443965,-82.44201700550593
8795,West Kenya,electricity,519.0046984871312,561.8225861123195
8796,West Kenya,firewood,532.1239822767365,576.0242108145673
8797,West Kenya,electricity,369.04633048757756,399.4926527528027
8798,West Kenya,LPG,289.5567648307617,313.4451979292996
8799,West Kenya,firewood,500.42289327476,541.7077819699277
8800,West Kenya,charcoal,153.09301423645763,165.72318791096538
8801,West Kenya,firewood,478.11420531595456,517.5586272545208
8802,West Kenya,LPG,452.62127792826186,489.9625333573435
8803,West Kenya,firewood,344.55786070334113,372.9838842113668
8804,West Kenya,firewood,517.4579396185062,560.148219637033
8805,West Kenya,LPG,-30.442562116781005,-32.954073491415436
8806,West Kenya,LPG,742.0803042825413,803.3019293858509
8807,West Kenya,charcoal,281.49060925707454,304.7135845207832
8808,West Kenya,charcoal,712.524189115781,771.307434717833
8809,West Kenya,electricity,621.7286183503475,673.0212293642511
8810,West Kenya,LPG,689.0116946317801,745.855159438902
8811,West Kenya,firewood,864.6985102496249,936.0361373452189
8812,West Kenya,firewood,-29.739097238809165,-32.19257276101092
8813,West Kenya,electricity,33.677411247725445,36.455797675662794
8814,West Kenya,charcoal,249.97438869568538,270.59727576307944
8815,West Kenya,electricity,513.5645082600851,555.9335801915421
8816,West Kenya,charcoal,936.0176591368231,1013.239116015611
8817,West Kenya,LPG,-203.9769134165782,-220.8050087734459
8818,West Kenya,charcoal,579.2661843519512,627.0556445609872
8819,West Kenya,electricity,563.6487693042535,610.1497927718544
8820,West Kenya,charcoal,57.296100863010906,62.02302918420931
8821,West Kenya,electricity,163.3532593983309,176.82990329869318
8822,West Kenya,LPG,132.17782689008243,143.08249760851425
8823,West Kenya,charcoal,644.7427553695428,697.9340326875301
8824,West Kenya,firewood,808.8306940690683,875.5592263297664
8825,West Kenya,firewood,288.34977869021264,312.1386354321552
8826,West Kenya,charcoal,65.02196204687817,70.38627391574562
8827,West Kenya,charcoal,-101.66876656964388,-110.0564398116395
8828,West Kenya,firewood,846.9853476762904,916.8616388595844
8829,West Kenya,firewood,529.2743189639207,572.9394502784442
8830,West Kenya,electricity,372.70622299892676,403.4544863963382
8831,West Kenya,electricity,699.0053712454063,756.6733143731524
8832,West Kenya,firewood,778.9441114205417,843.2070006127365
8833,West Kenya,firewood,163.6141626457992,177.11233106407764
8834,West Kenya,firewood,265.560298230857,287.46902283490266
8835,West Kenya,firewood,74.1834501273459,80.30358476285194
8836,West Kenya,charcoal,265.33220374131315,287.2221105499715
8837,West Kenya,firewood,134.78733431117553,145.9072893918475
8838,West Kenya,LPG,728.8151114141326,788.9423581057986
8839,West Kenya,LPG,446.5371064897559,483.37641777516075
8840,West Kenya,charcoal,630.5553239534527,682.5761381796125
8841,West Kenya,electricity,145.1947442667833,157.1733106687929
8842,West Kenya,electricity,591.1584677629568,639.9290413534007
8843,West Kenya,LPG,467.24326761632165,505.7908371946682
8844,West Kenya,LPG,289.78393672008485,313.69111149949185
8845,West Kenya,firewood,27.538674444675394,29.810615086361114
8846,West Kenya,charcoal,88.42946298888381,95.72489368546672
8847,West Kenya,electricity,760.0390543550145,822.7422763393032
8848,West Kenya,electricity,373.11136490836594,403.89305251330615
8849,West Kenya,firewood,572.1071120254084,619.3059487675046
8850,West Kenya,firewood,984.05798974217,1065.242773895899
8851,West Kenya,firewood,869.149160761544,940.8539665243713
8852,West Kenya,firewood,459.976830371786,497.9249188774583
8853,West Kenya,charcoal,651.638948473342,705.3991617223927
8854,West Kenya,firewood,113.79157599817842,123.17938101802814
8855,West Kenya,electricity,606.7941700492308,656.8546890782924
8856,West Kenya,charcoal,704.2484808713649,762.3489805432525
8857,West Kenya,charcoal,862.5795427939579,933.7423550744594
8858,West Kenya,electricity,393.4421996316649,425.90118110127725
8859,West Kenya,firewood,508.8294740956299,550.8079057085193
8860,West Kenya,LPG,306.44371407782563,331.72532048924626
8861,West Kenya,electricity,-14.972180233314134,-16.20738510256255
8862,West Kenya,firewood,616.4611760021746,667.3192230223541
8863,West Kenya,LPG,499.480777177756,540.6879412949208
8864,West Kenya,electricity,-49.31116220194474,-53.37933308360518
8865,West Kenya,charcoal,449.9957882127325,487.12044074028296
8866,West Kenya,charcoal,326.10677480149286,353.01058372261605
8867,West Kenya,electricity,-108.18490672033403,-117.11016152476158
8868,West Kenya,firewood,517.8402862946775,560.5621099139885
8869,West Kenya,LPG,560.2280288775072,606.4468412599016
8870,West Kenya,charcoal,116.91504307657772,126.56053413039538
8871,West Kenya,electricity,419.3331743857753,453.92816127260176
8872,West Kenya,LPG,339.54586312191844,367.55839682947675
8873,West Kenya,LPG,654.159028201,708.1271480275825
8874,West Kenya,firewood,219.53170583279677,237.64307156400253
8875,West Kenya,electricity,368.81289305483403,399.23995673185783
8876,West Kenya,LPG,234.474907889774,253.81908779068036
8877,West Kenya,charcoal,574.9859978324268,622.4223426536021
8878,West Kenya,LPG,427.1817351866751,462.4242283395758
8879,West Kenya,LPG,115.42736591138839,124.95012359907794
8880,West Kenya,LPG,210.43206800616366,227.79271361667216
8881,West Kenya,firewood,390.8734965828638,423.1205600509501
8882,West Kenya,electricity,444.6523043160393,481.3361194221126
8883,West Kenya,charcoal,458.51690128671487,496.34454564286887
8884,West Kenya,charcoal,257.44297820539646,278.68202390734166
8885,West Kenya,charcoal,689.6252144918212,746.5192946873965
8886,West Kenya,firewood,258.1742891998073,279.47366805879136
8887,West Kenya,firewood,-565.9728312890246,-612.6655898703691
8888,West Kenya,charcoal,744.7624183746915,806.2053178906035
8889,West Kenya,electricity,773.22075683148,837.0114692700771
8890,West Kenya,LPG,352.5672401230799,381.654037433234
8891,West Kenya,charcoal,491.1029560041306,531.6189498744714
8892,West Kenya,firewood,231.15589521765406,250.22625657311053
8893,West Kenya,charcoal,130.11933864035387,140.85418407818307
8894,West Kenya,charcoal,224.57934964442757,243.10714599009285
8895,West Kenya,LPG,634.0689741190374,686.379664483858
8896,West Kenya,LPG,421.48628820597975,456.2589069829731
8897,West Kenya,electricity,582.3666189740736,630.4118650394347
8898,West Kenya,electricity,-0.42029077855778496,-0.45496476778880224
8899,West Kenya,LPG,273.01009549382803,295.53342837206884
8900,West Kenya,electricity,255.6751422732789,276.7683415108244
8901,West Kenya,firewood,252.00991042620407,272.8007280363659
8902,West Kenya,electricity,474.4009483796985,513.5390266210236
8903,West Kenya,charcoal,910.2309897974676,985.3250464557586
8904,West Kenya,charcoal,450.8717107110768,488.0686268447406
8905,West Kenya,charcoal,90.32074154179384,97.77220271899184
8906,West Kenya,electricity,310.9546603207606,336.60841979722335
8907,West Kenya,electricity,459.31698131297935,497.21063227130014
8908,West Kenya,LPG,168.92362195575768,182.8598207671077
8909,West Kenya,charcoal,696.2767627001244,753.7195956228848
8910,West Kenya,firewood,569.669719450492,616.6674713051576
8911,West Kenya,electricity,443.2897341158949,479.8611371804562
8912,West Kenya,charcoal,-69.2082705584902,-74.91795287956565
8913,West Kenya,firewood,160.1912809147192,173.40706159018353
8914,West Kenya,electricity,418.0113311958324,452.49726601948856
8915,West Kenya,firewood,307.20697523331063,332.5515506900588
8916,West Kenya,firewood,117.92300337571623,127.65165115421283
8917,West Kenya,firewood,284.33352669865064,307.79104265128933
8918,West Kenya,LPG,663.904400748886,718.6765138106691
8919,West Kenya,charcoal,463.95161003857436,502.22761786675676
8920,West Kenya,firewood,-255.63441768677592,-276.7242571459349
8921,West Kenya,LPG,756.9070898600733,819.3519247735293
8922,West Kenya,LPG,650.8431271381774,704.537685127077
8923,West Kenya,electricity,449.9792173873485,487.10250282180476
8924,West Kenya,electricity,200.42911045632752,216.96451206897456
8925,West Kenya,LPG,518.4087104260026,561.1774290361478
8926,West Kenya,firewood,335.35453547999623,363.0212846570959
8927,West Kenya,LPG,206.108365037595,223.1123051531966
8928,West Kenya,electricity,447.282007858266,484.18277350657297
8929,West Kenya,electricity,690.6031930219804,747.5779564462938
8930,West Kenya,charcoal,862.8818796428826,934.0696347134204
8931,West Kenya,electricity,259.15434601907475,280.5345795656484
8932,West Kenya,electricity,764.4632845072351,827.531505479082
8933,West Kenya,electricity,221.3151791462769,239.57368142584474
8934,West Kenya,LPG,467.37237163864023,505.93059229882806
8935,West Kenya,LPG,85.13498774516859,92.158624234145
8936,West Kenya,firewood,894.2439715963374,968.0190992530352
8937,West Kenya,firewood,-0.6368628972192028,-0.689404086239787
8938,West Kenya,charcoal,18.605194402198265,20.140122940379623
8939,West Kenya,charcoal,218.12143181625754,236.11644994109878
8940,West Kenya,firewood,706.1184753097336,764.3732495227866
8941,West Kenya,LPG,536.4543475953619,580.7118312719792
8942,West Kenya,LPG,-226.35067448685777,-245.02460513202354
8943,West Kenya,LPG,545.9313000431507,590.9706322967106
8944,West Kenya,firewood,189.64825595270156,205.29423706879945
8945,West Kenya,electricity,322.952600965955,349.5961905456463
8946,West Kenya,charcoal,954.7635105800553,1033.53150020291
8947,West Kenya,electricity,-91.96594967944196,-99.55314052799592
8948,West Kenya,charcoal,126.15158828765374,136.55909432138517
8949,West Kenya,firewood,252.77808153325276,273.6322732597461
8950,West Kenya,electricity,-2.67946298438369,-2.9005186805953445
8951,West Kenya,charcoal,-239.61762998716472,-259.38608446110584
8952,West Kenya,charcoal,1111.711907507296,1203.428139876648
8953,West Kenya,electricity,797.3136812599446,863.09205996389
8954,West Kenya,LPG,746.7155388894603,808.3195708478407
8955,West Kenya,charcoal,425.4584794931092,460.55880405129074
8956,West Kenya,charcoal,1165.0607259550156,1261.1782358463045
8957,West Kenya,LPG,12.407523338257306,13.431144013663534
8958,West Kenya,LPG,664.3582559303139,719.1678120445648
8959,West Kenya,charcoal,-169.90164227234663,-183.91852775981525
8960,West Kenya,LPG,519.409527272382,562.2608132723535
8961,West Kenya,LPG,244.23286018014977,264.3820711450121
8962,West Kenya,LPG,-53.37368306737062,-57.7770119204287
8963,West Kenya,electricity,55.248123163129264,59.80609332408743
8964,West Kenya,firewood,131.45766056602702,142.30291756272425
8965,West Kenya,LPG,1067.6295712008223,1155.7090108248901
8966,West Kenya,electricity,-15.134498880915373,-16.38309503859089
8967,West Kenya,electricity,961.6403042355723,1040.9756293350072
8968,West Kenya,electricity,481.0337532211632,520.7190378619091
8969,West Kenya,charcoal,126.20521011927224,136.6171399541122
8970,West Kenya,electricity,474.1581705686204,513.2762196405316
8971,West Kenya,charcoal,737.6425606559751,798.498071910093
8972,West Kenya,firewood,21.846317884868768,23.648639110370443
8973,West Kenya,charcoal,508.4477292841902,550.3946669501358
8974,West Kenya,firewood,-217.65249424008505,-235.60882501489206
8975,West Kenya,electricity,367.8422063683434,398.18918839373174
8976,West Kenya,electricity,343.9100918434535,372.2826744205384
8977,West Kenya,LPG,795.866364926911,861.5253400333812
8978,West Kenya,electricity,104.78296548117834,113.42756013337555
8979,West Kenya,LPG,563.413966792411,609.8956190527849
8980,West Kenya,charcoal,83.67541279715374,90.57863435291893
8981,West Kenya,firewood,80.32006608683145,86.94647153899504
8982,West Kenya,electricity,892.4071421356587,966.0307313618505
8983,West Kenya,electricity,272.3616043927341,294.83143675513463
8984,West Kenya,electricity,197.52708864910738,213.82307346265875
8985,West Kenya,LPG,-134.57516035144818,-145.67761108044266
8986,West Kenya,firewood,89.52332634353746,96.9090007668793
8987,West Kenya,electricity,1025.188614895224,1109.7666756240799
8988,West Kenya,LPG,893.5738010802577,967.293639669379
8989,West Kenya,firewood,191.20492156639904,206.97932759562696
8990,West Kenya,electricity,306.72930598069206,332.03447372409914
8991,West Kenya,LPG,707.1830314840615,765.5256315814967
8992,West Kenya,electricity,703.6267120927619,761.6759158404147
8993,West Kenya,LPG,693.3265542693255,750.5259949965448
8994,West Kenya,charcoal,411.61143112649603,445.569374194432
8995,West Kenya,electricity,161.49991518561114,174.82365818842408
8996,West Kenya,LPG,771.8056039981253,835.4795663279707
8997,West Kenya,LPG,540.3341408858772,584.9117075089621
8998,West Kenya,LPG,362.57650724750664,392.4890690954259
8999,West Kenya,firewood,656.1856995351975,710.3210197468513
9000,West Kenya,charcoal,110.86867165479708,120.01533706631784
9001,West Kenya,LPG,236.4079304822836,255.911584747072
9002,West Kenya,firewood,484.97445018589804,524.9848423262347
9003,West Kenya,electricity,323.39694216045075,350.07718988868794
9004,West Kenya,electricity,180.41785265713958,195.3023255013536
9005,West Kenya,LPG,640.6231956137224,693.4746092518545
9006,West Kenya,electricity,590.2943948084111,638.993682380105
9007,West Kenya,charcoal,172.29472375647285,186.50903846638187
9008,West Kenya,firewood,134.35357848338577,145.4377487082651
9009,West Kenya,charcoal,449.4984106651365,486.58202954501024
9010,West Kenya,LPG,278.54444656998203,301.5243634120055
9011,West Kenya,LPG,285.6336466589129,309.1984225082732
9012,West Kenya,firewood,49.46507468468889,53.54594334617572
9013,West Kenya,charcoal,471.0573120381868,509.9195402813372
9014,West Kenya,charcoal,200.16857323622554,216.68248052821414
9015,West Kenya,electricity,827.2481102091635,895.4960793014195
9016,West Kenya,firewood,159.50417440893793,172.6632687976753
9017,West Kenya,electricity,-62.59807156767039,-67.76241247200319
9018,West Kenya,firewood,108.65462867773385,117.6186355436469
9019,West Kenya,LPG,685.1642989225588,741.6903535836699
9020,West Kenya,LPG,565.1283778752636,611.7514690499728
9021,West Kenya,firewood,602.7594180588205,652.4870700486732
9022,West Kenya,firewood,572.7440307502618,619.9954132871584
9023,West Kenya,electricity,534.1909024722412,578.2616519262011
9024,West Kenya,LPG,449.1008214789994,486.1516392510169
9025,West Kenya,LPG,89.22037785106858,96.58105902378173
9026,West Kenya,firewood,824.9802025411198,893.0410692507621
9027,West Kenya,electricity,659.3803807923579,713.7792622077274
9028,West Kenya,electricity,508.28082240945173,550.2139902582315
9029,West Kenya,LPG,710.6929092413038,769.3250742537114
9030,West Kenya,charcoal,300.5298965285941,325.32361299220315
9031,West Kenya,firewood,424.9542713549873,460.0129987417738
9032,West Kenya,LPG,-39.829425521140706,-43.115353126634815
9033,West Kenya,charcoal,665.0023530967187,719.865047227198
9034,West Kenya,charcoal,253.25494549774598,274.14847850131
9035,West Kenya,electricity,534.4647832262549,578.558127842421
9036,West Kenya,charcoal,727.6440172462293,787.6746486690432
9037,West Kenya,LPG,909.6582646752884,984.7050715109997
9038,West Kenya,firewood,233.94397032450755,253.24434787627942
9039,West Kenya,firewood,269.2825616568136,291.4983729935007
9040,West Kenya,LPG,73.05510869659366,79.08215516406264
9041,West Kenya,firewood,510.3825986297705,552.4891630167266
9042,West Kenya,firewood,379.6885982618923,411.01290761849845
9043,West Kenya,electricity,213.2628045642566,230.8569859408078
9044,West Kenya,LPG,-136.50630545236902,-147.76807565218945
9045,West Kenya,electricity,551.2485058795487,596.7265076146115
9046,West Kenya,firewood,208.01914957095005,225.18072941055343
9047,West Kenya,LPG,-152.54526045874582,-165.13024444659234
9048,West Kenya,charcoal,327.2330309417162,354.2297559944078
9049,West Kenya,charcoal,436.7736542376354,472.80748071224036
9050,West Kenya,charcoal,111.65115397082207,120.86237417341489
9051,West Kenya,LPG,871.1778542346842,943.0500272090457
9052,West Kenya,LPG,-39.07478247700175,-42.298452031354394
9053,West Kenya,charcoal,477.2115927264703,516.5815491264041
9054,West Kenya,charcoal,224.1820828372337,242.6771046713055
9055,West Kenya,electricity,661.2515739740957,715.8048288269586
9056,West Kenya,charcoal,848.6562236740714,918.6703621271823
9057,West Kenya,LPG,237.5710400388231,257.170650842026
9058,West Kenya,firewood,988.0136925339924,1069.5248221680467
9059,West Kenya,charcoal,176.97108458732316,191.57119906577734
9060,West Kenya,electricity,278.83511306477226,301.839009892616
9061,West Kenya,electricity,328.94083624006123,356.0784552298663
9062,West Kenya,firewood,-582.5143644582585,-630.5717995260648
9063,West Kenya,charcoal,-206.98792167804902,-224.06442521648808
9064,West Kenya,charcoal,275.72717694038215,298.4746690379637
9065,West Kenya,LPG,709.0089059773488,767.5021407204802
9066,West Kenya,LPG,174.65258841337157,189.06142695747474
9067,West Kenya,electricity,282.68842550866856,306.0102206131337
9068,West Kenya,electricity,460.35107954375985,498.33004360612006
9069,West Kenya,charcoal,228.44145993240085,247.28788037682392
9070,West Kenya,charcoal,-10.210984115297435,-11.053390304809474
9071,West Kenya,firewood,389.32614959892686,421.44555694083834
9072,West Kenya,charcoal,170.51520684280155,184.58271140733268
9073,West Kenya,firewood,443.449775602662,480.0343820898816
9074,West Kenya,charcoal,-53.63777541908644,-58.06289189116107
9075,West Kenya,charcoal,421.76411920766674,456.55965904229924
9076,West Kenya,LPG,186.47064399142806,201.85447212072089
9077,West Kenya,electricity,750.2212798553649,812.1145354434325
9078,West Kenya,LPG,491.55656272148576,532.1099791460083
9079,West Kenya,firewood,177.49076683654283,192.1337551005576
9080,West Kenya,LPG,687.860590530942,744.6090892497447
9081,West Kenya,charcoal,744.2013453185051,805.5979563072818
9082,West Kenya,LPG,942.9983414616382,1020.7957046322234
9083,West Kenya,firewood,432.3586271707207,468.02821391230515
9084,West Kenya,firewood,29.220129397501978,31.630790072795893
9085,West Kenya,firewood,478.8868060862475,518.3949675883629
9086,West Kenya,electricity,554.2339468085003,599.9582474202016
9087,West Kenya,charcoal,189.7946331745823,205.45269041148532
9088,West Kenya,LPG,-72.44042089536941,-78.41675561923739
9089,West Kenya,LPG,203.88965695602766,220.71055365489994
9090,West Kenya,charcoal,142.18152491539433,153.91150072091438
9091,West Kenya,firewood,445.1763151312442,481.90336112957186
9092,West Kenya,charcoal,847.2589615660931,917.1578258952959
9093,West Kenya,electricity,413.02092179767874,447.09514784598724
9094,West Kenya,electricity,170.5076241334534,184.5745031244633
9095,West Kenya,electricity,510.4633044176479,552.5765270321039
9096,West Kenya,firewood,212.25660283929076,229.76777257353226
9097,West Kenya,charcoal,688.3759893619604,745.1670084843221
9098,West Kenya,electricity,139.16234474943724,150.64323819126582
9099,West Kenya,LPG,530.7335946960987,574.5191162585269
9100,West Kenya,charcoal,316.1717409324952,342.2559095594261
9101,West Kenya,electricity,182.87957148420395,197.9671361316508
9102,West Kenya,firewood,334.56993291334106,362.1719523786917
9103,West Kenya,charcoal,214.3573757066114,232.04185920240684
9104,West Kenya,electricity,189.77426591882264,205.43064285712552
9105,West Kenya,firewood,-85.84639521397668,-92.92872281912976
9106,West Kenya,firewood,635.0613874110363,687.4539518724469
9107,West Kenya,LPG,325.1051554982822,351.9263308268905
9108,West Kenya,electricity,495.10188021302883,535.9477853306038
9109,West Kenya,firewood,409.5466603840801,443.33425986576674
9110,West Kenya,charcoal,549.1959413290201,594.5046064886643
9111,West Kenya,LPG,378.3804029306931,409.5967861724753
9112,West Kenya,electricity,501.7011855864706,543.0915333973544
9113,West Kenya,electricity,487.10274592560387,527.2887224644662
9114,West Kenya,firewood,-72.86275617857274,-78.87393356330499
9115,West Kenya,electricity,650.8466235291603,704.541469970316
9116,West Kenya,electricity,185.72634577764813,201.0487693043041
9117,West Kenya,LPG,515.3256861919922,557.8400553028315
9118,West Kenya,LPG,650.7812793208225,704.4707348647903
9119,West Kenya,electricity,412.79795037506915,446.85378128101235
9120,West Kenya,charcoal,929.9315667783579,1006.6509210375725
9121,West Kenya,electricity,157.16396839105457,170.12999578331656
9122,West Kenya,firewood,709.7370611073718,768.29036864873
9123,West Kenya,electricity,523.5911491548092,566.7874189600809
9124,West Kenya,firewood,-117.86286176281828,-127.5865478582508
9125,West Kenya,firewood,371.6420412591712,402.30250966305283
9126,West Kenya,electricity,560.1888349597153,606.4044138438919
9127,West Kenya,charcoal,920.3056088086992,996.2308215354169
9128,West Kenya,charcoal,-454.7621455127395,-492.2800225175405
9129,West Kenya,firewood,416.6007442211735,450.97030561942034
9130,West Kenya,electricity,129.06357131174605,139.7113159449651
9131,West Kenya,LPG,172.25920824628292,186.47059292660126
9132,West Kenya,LPG,697.5768633598401,755.126954587027
9133,West Kenya,charcoal,1026.1404455970858,1110.7970323588454
9134,West Kenya,LPG,270.11470690926717,292.3991702292817
9135,West Kenya,LPG,-122.38860454551627,-132.48566442052137
9136,West Kenya,LPG,391.7101525055405,424.02624008724763
9137,West Kenya,firewood,479.552556871819,519.1156428137441
9138,West Kenya,LPG,-323.87808511246556,-350.598027134244
9139,West Kenya,firewood,95.88226671100722,103.79255371466532
9140,West Kenya,firewood,684.046584381086,740.4804275925255
9141,West Kenya,electricity,393.45253045660814,425.91236421927834
9142,West Kenya,charcoal,454.1397243805686,491.60625164196557
9143,West Kenya,LPG,-185.81802399267326,-201.14801097206882
9144,West Kenya,electricity,471.1757651231335,510.047765745792
9145,West Kenya,firewood,300.43954456040194,325.2258069866351
9146,West Kenya,electricity,670.8420712326149,726.1865421093056
9147,West Kenya,electricity,966.4163535809398,1046.1457027513673
9148,West Kenya,firewood,198.94820701799384,215.36143409697834
9149,West Kenya,LPG,618.5215342712506,669.5495608486289
9150,West Kenya,firewood,211.6432608750816,229.10382989727586
9151,West Kenya,firewood,444.83210972798673,481.5307587805456
9152,West Kenya,firewood,18.706800070236284,20.250111076030777
9153,West Kenya,electricity,729.0957305632336,789.2461283347004
9154,West Kenya,electricity,716.6212982414137,775.7425553463303
9155,West Kenya,electricity,487.81398522060397,528.0586390013038
9156,West Kenya,charcoal,449.25142373579683,486.3146661940001
9157,West Kenya,LPG,-353.83938543682245,-383.0311347353603
9158,West Kenya,firewood,-131.07197920974852,-141.88541749455277
9159,West Kenya,LPG,767.8296384161406,831.1755835854722
9160,West Kenya,firewood,-48.977067441220186,-53.01767550512085
9161,West Kenya,electricity,168.35807730251693,182.24761867997458
9162,West Kenya,LPG,81.81617389184748,88.5660082379249
9163,West Kenya,electricity,598.3988943161366,647.7668030972179
9164,West Kenya,charcoal,191.7459915804337,207.56503588581947
9165,West Kenya,LPG,1247.7564051191516,1350.6963085414816
9166,West Kenya,charcoal,455.95678852024037,493.5732235731602
9167,West Kenya,LPG,331.78089024948076,359.15281369506295
9168,West Kenya,electricity,-8.402705105334292,-9.09592827652437
9169,West Kenya,firewood,556.4730068381317,602.3820299022776
9170,West Kenya,charcoal,686.7109555384109,743.3646093703297
9171,West Kenya,electricity,477.0164807607089,516.3703404234674
9172,West Kenya,firewood,263.29470732250013,285.0165206766064
9173,West Kenya,electricity,-161.3374743175906,-174.64781594879182
9174,West Kenya,firewood,739.1260831999356,800.1039850639303
9175,West Kenya,charcoal,426.6981478282164,461.9007450240443
9176,West Kenya,charcoal,532.4960949437262,576.4270227765836
9177,West Kenya,LPG,322.88082072879024,349.5184884389154
9178,West Kenya,firewood,77.76027928171476,84.17550232245623
9179,West Kenya,firewood,369.06408306951244,399.5118699227472
9180,West Kenya,LPG,420.57014245493866,455.2671792074711
9181,West Kenya,charcoal,453.8424609346764,491.2844639617872
9182,West Kenya,charcoal,222.70758319152293,241.08095880482358
9183,West Kenya,electricity,1076.9497268473028,1165.7980793122053
9184,West Kenya,LPG,288.94302016043486,312.78081932367076
9185,West Kenya,electricity,619.4608623797633,670.5663835260938
9186,West Kenya,firewood,176.67728896351338,191.25316530300324
9187,West Kenya,firewood,695.2606132734363,752.6196138684949
9188,West Kenya,firewood,174.6648419936437,189.0746914581193
9189,West Kenya,LPG,203.07459318840935,219.82824712645314
9190,West Kenya,LPG,168.51934327465943,182.42218909481883
9191,West Kenya,electricity,545.8622748498158,590.8959125249256
9192,West Kenya,firewood,285.28522802368553,308.8212593356396
9193,West Kenya,charcoal,849.5670826051014,919.6563669200223
9194,West Kenya,firewood,194.45184424305077,210.49412139310246
9195,West Kenya,firewood,887.5855558081081,960.8113641622771
9196,West Kenya,LPG,220.47154393755508,238.6604463124034
9197,West Kenya,electricity,233.9041487475734,253.20124101924822
9198,West Kenya,firewood,685.6508917658541,742.2170903365371
9199,West Kenya,electricity,-100.50067924078377,-108.79198527814843
9200,West Kenya,charcoal,840.9605299203279,910.339773638755
9201,West Kenya,LPG,872.6516674007025,944.6454299612606
9202,West Kenya,electricity,274.54077572387996,297.1903897211001
9203,West Kenya,LPG,235.30312415576117,254.71563189861146
9204,West Kenya,LPG,741.9692704452982,803.1817352570354
9205,West Kenya,charcoal,131.25832829237612,142.08714037649716
9206,West Kenya,LPG,404.97705132178965,438.3876580558373
9207,West Kenya,LPG,428.45724910676563,463.8049721580738
9208,West Kenya,firewood,413.30744369688745,447.40530780188067
9209,West Kenya,electricity,574.728668679305,622.1437838453477
9210,West Kenya,LPG,-81.72488894793395,-88.4671922861385
9211,West Kenya,charcoal,849.4924674201625,919.5755959823259
9212,West Kenya,LPG,704.9651641539981,763.124790196703
9213,West Kenya,charcoal,241.43409021915727,261.35240266223775
9214,West Kenya,electricity,889.203059990452,962.5623124396642
9215,West Kenya,electricity,776.679457890634,840.7555131666113
9216,West Kenya,charcoal,584.0527226163472,632.2370722321958
9217,West Kenya,LPG,581.7939420718994,629.7919422928311
9218,West Kenya,electricity,203.80887110074025,220.62310296655133
9219,West Kenya,charcoal,399.22330643508866,432.1592292159835
9220,West Kenya,electricity,18.008945054849733,19.494683021874835
9221,West Kenya,charcoal,542.9167685323307,587.707401936248
9222,West Kenya,electricity,600.487554749241,650.0277780160534
9223,West Kenya,firewood,762.7131678834926,825.6370042338807
9224,West Kenya,firewood,243.51788476117102,263.60811025396765
9225,West Kenya,charcoal,260.21597879038825,281.68379704059527
9226,West Kenya,LPG,265.3119555858327,287.20019192166393
9227,West Kenya,electricity,179.95887383162426,194.80548092273327
9228,West Kenya,firewood,597.2158749560233,646.4861846398952
9229,West Kenya,charcoal,236.59284164910076,256.1117510851516
9230,West Kenya,electricity,754.4823008155349,816.7270906328166
9231,West Kenya,firewood,933.2286639214439,1010.2200286949629
9232,West Kenya,firewood,702.5295790806649,760.4882693548197
9233,West Kenya,electricity,387.0707485132166,419.00408526555697
9234,West Kenya,electricity,467.51577421684027,506.0858255897296
9235,West Kenya,charcoal,244.2898766809625,264.4437915071419
9236,West Kenya,electricity,556.3532382352751,602.2523803896853
9237,West Kenya,LPG,166.99044652874232,180.76715836736358
9238,West Kenya,charcoal,122.74170547621088,132.8678961779983
9239,West Kenya,charcoal,62.94421297206344,68.13711054225867
9240,West Kenya,charcoal,-224.52581477545698,-243.0491944944322
9241,West Kenya,firewood,621.3822808658202,672.6463190372505
9242,West Kenya,charcoal,386.0555308022059,417.9051120933879
9243,West Kenya,firewood,404.3343483443235,437.69193208273015
9244,West Kenya,LPG,491.17965967425243,531.7019815973782
9245,West Kenya,electricity,518.9457002919193,561.7587205660026
9246,West Kenya,firewood,528.2781833127217,571.8611334360212
9247,West Kenya,electricity,1090.0287995246708,1179.9561754854562
9248,West Kenya,LPG,505.3434001514646,547.0342306639604
9249,West Kenya,electricity,406.5302712763759,440.0690186566769
9250,West Kenya,firewood,164.78119680675783,178.37564554331536
9251,West Kenya,firewood,349.01494496974067,377.8086779297443
9252,West Kenya,firewood,402.2776186333382,435.4655221705886
9253,West Kenya,firewood,280.9819083880331,304.16291583004585
9254,West Kenya,LPG,285.22405614317296,308.7550407749847
9255,West Kenya,LPG,271.38610792435844,293.775461828118
9256,West Kenya,firewood,354.6748576014311,383.93553335354915
9257,West Kenya,LPG,-245.18236346061815,-265.4099084461192
9258,West Kenya,electricity,116.27365641114994,125.86623306506982
9259,West Kenya,LPG,769.8963298786459,833.4127770936342
9260,West Kenya,electricity,560.8455561838533,607.1153145690213
9261,West Kenya,charcoal,90.25483460797807,97.70085846313626
9262,West Kenya,LPG,242.02203413748578,261.9888519538284
9263,West Kenya,LPG,581.8514805969834,629.8542277462345
9264,West Kenya,charcoal,114.00178682450655,123.40693423752835
9265,West Kenya,charcoal,399.8283951154748,432.8142377125015
9266,West Kenya,electricity,146.31719991071589,158.38836890334994
9267,West Kenya,LPG,408.1249109305378,441.79521608230715
9268,West Kenya,electricity,531.6548393020616,575.5163635444817
9269,West Kenya,charcoal,534.6466526970814,578.7550015445906
9270,West Kenya,electricity,662.8372431608615,717.5213157216325
9271,West Kenya,LPG,224.5511570752993,243.0766275340115
9272,West Kenya,firewood,334.01985365472984,361.5764915812451
9273,West Kenya,LPG,210.5597329676037,227.930910937431
9274,West Kenya,charcoal,349.0126460593465,377.8061893592426
9275,West Kenya,electricity,415.11860958078756,449.36589487120256
9276,West Kenya,LPG,585.410478433399,633.7068429041544
9277,West Kenya,electricity,466.4376175259372,504.918720971827
9278,West Kenya,electricity,578.9908449704956,626.7575896805615
9279,West Kenya,charcoal,554.3445747770762,600.078002196185
9280,West Kenya,electricity,159.36454141159925,172.51211607805618
9281,West Kenya,LPG,693.4418734627627,750.6508280234407
9282,West Kenya,firewood,462.90755728524516,501.0974307612779
9283,West Kenya,charcoal,746.5034837703481,808.0900211814019
9284,West Kenya,LPG,953.9416851347314,1032.6418741583468
9285,West Kenya,firewood,917.3229142631945,993.0020546899082
9286,West Kenya,LPG,756.6616998188858,819.0862900539439
9287,West Kenya,electricity,698.1701120314742,755.7691462740709
9288,West Kenya,firewood,985.2407102425051,1066.5230688375118
9289,West Kenya,firewood,254.6041163913857,275.608955993675
9290,West Kenya,electricity,649.357861135551,702.929884679234
9291,West Kenya,charcoal,401.8155084656068,434.96528791401937
9292,West Kenya,charcoal,-3.085703217815535,-3.3402737332853167
9293,West Kenya,charcoal,645.3807800042295,698.6246943545784
9294,West Kenya,firewood,118.78739029886884,128.58734999852553
9295,West Kenya,LPG,257.39076127125213,278.62549907613044
9296,West Kenya,firewood,278.824819729478,301.82786735715996
9297,West Kenya,LPG,280.09256167349486,303.2001980115582
9298,West Kenya,LPG,256.5442421837418,277.7091421639005
9299,West Kenya,charcoal,676.6420281487485,732.4649954710203
9300,West Kenya,charcoal,766.6238598292952,829.870328265212
9301,West Kenya,LPG,367.80943185179075,398.1537099795635
9302,West Kenya,charcoal,214.15343288072253,231.82109109338214
9303,West Kenya,firewood,268.38219578866426,290.5237269412291
9304,West Kenya,charcoal,-238.3790239542983,-258.0452934305279
9305,West Kenya,charcoal,857.2978711324199,928.0249455008445
9306,West Kenya,LPG,457.53192950101334,495.2783136848469
9307,West Kenya,electricity,-44.88242785824906,-48.58522815655461
9308,West Kenya,LPG,730.1497930402916,790.3871509661157
9309,West Kenya,LPG,223.48732483593076,241.92502913489506
9310,West Kenya,firewood,504.9191553610762,546.574985678365
9311,West Kenya,electricity,42.95610655380722,46.49998534449632
9312,West Kenya,LPG,822.2881562201405,890.1269291083022
9313,West Kenya,charcoal,142.83704085808165,154.6210967288734
9314,West Kenya,electricity,672.3700435095815,727.8405720991219
9315,West Kenya,firewood,784.897214270142,849.6512344474287
9316,West Kenya,firewood,242.25842668251,262.2447468838171
9317,West Kenya,LPG,-169.6121548159358,-183.6051575882505
9318,West Kenya,charcoal,311.16523856567534,336.83637074734355
9319,West Kenya,firewood,681.1251428543789,737.3179671398651
9320,West Kenya,LPG,414.41189095626095,448.60087196015246
9321,North Rift,electricity,605.7515719252705,655.7260766091053
9322,North Rift,electricity,112.63146455302564,121.92356037865025
9323,North Rift,charcoal,210.09003330195293,227.42246104936405
9324,North Rift,electricity,496.68013937001797,537.6562508680445
9325,North Rift,LPG,39.75764258588981,43.03764809922572
9326,North Rift,electricity,298.90996904290097,323.5700414889403
9327,North Rift,charcoal,1002.7934648517454,1085.5239257020144
9328,North Rift,firewood,622.199256246848,673.5306948872129
9329,North Rift,charcoal,762.5924201122448,825.5062947715049
9330,North Rift,electricity,219.17645805372587,237.25851584315825
9331,North Rift,electricity,157.05390093722013,170.0108477645408
9332,North Rift,electricity,138.1575302133972,149.55552645600247
9333,North Rift,electricity,597.9555275211887,647.2868585416868
9334,North Rift,electricity,706.1360025292595,764.3922227379234
9335,North Rift,firewood,649.0174490679219,702.5613886160255
9336,North Rift,charcoal,225.74391274085477,244.36778554197528
9337,North Rift,electricity,614.774325502913,665.4932073569033
9338,North Rift,firewood,153.4339080996626,166.09220551788476
9339,North Rift,charcoal,577.7627248824855,625.4281496852906
9340,North Rift,LPG,184.81490480195046,200.06213444811138
9341,North Rift,firewood,698.4079866384038,756.0266455360721
9342,North Rift,LPG,665.214023647147,720.0941805980366
9343,North Rift,firewood,469.0082440534573,507.70142418786753
9344,North Rift,charcoal,848.1846798296684,918.1599159156161
9345,North Rift,firewood,666.8642351158151,721.8805345128699
9346,North Rift,charcoal,375.07476847222875,406.01843687118765
9347,North Rift,electricity,81.01146233236676,87.69490797478701
9348,North Rift,charcoal,922.3553286631104,998.449643277817
9349,North Rift,charcoal,466.430117182056,504.91060184957564
9350,North Rift,firewood,360.3341728174002,390.0617420748357
9351,North Rift,LPG,355.73400840050573,385.08206409354744
9352,North Rift,firewood,471.45882177456525,510.3541745709669
9353,North Rift,firewood,510.1302143784158,552.2159570646352
9354,North Rift,electricity,44.14759039237225,47.78976659974296
9355,North Rift,electricity,167.5436136706743,181.3659617985049
9356,North Rift,electricity,396.3981410948473,429.1009877351722
9357,North Rift,electricity,350.0077121230539,378.8833483732059
9358,North Rift,charcoal,499.71528323076996,540.9417940973085
9359,North Rift,LPG,-159.20401336870532,-172.33834447162351
9360,North Rift,charcoal,340.80022156967925,368.91623984917777
9361,North Rift,electricity,542.3096829039989,587.0502317435788
9362,North Rift,charcoal,260.3900729382693,281.87225395567657
9363,North Rift,electricity,1184.8824792216365,1282.6352837574216
9364,North Rift,LPG,192.24507805043254,208.10529698959323
9365,North Rift,charcoal,406.6649938869021,440.2148558825715
9366,North Rift,electricity,95.30053479986503,103.1628289208539
9367,North Rift,LPG,208.18878166189876,225.3643561490054
9368,North Rift,LPG,253.37718331399543,274.28080093740004
9369,North Rift,firewood,292.27112140013503,316.3834889156462
9370,North Rift,electricity,109.11004314091048,118.1116217000356
9371,North Rift,LPG,562.7239837111404,609.1487123673095
9372,North Rift,electricity,540.9232920076641,585.5494635982965
9373,North Rift,firewood,-24.44640470072261,-26.463233088532224
9374,North Rift,LPG,-119.26652051000212,-129.1060084520773
9375,North Rift,electricity,279.87354745257664,302.96311511741425
9376,North Rift,firewood,535.4873316239274,579.6650364829014
9377,North Rift,charcoal,791.0714769479289,856.334873796133
9378,North Rift,LPG,-178.44242427735753,-193.16392428023954
9379,North Rift,electricity,165.1183204493674,178.7405818864402
9380,North Rift,LPG,137.37286824228175,148.70612987227
9381,North Rift,electricity,295.68854819049625,320.0828534162122
9382,North Rift,LPG,220.5274556497129,238.7209707408142
9383,North Rift,electricity,406.00946644732403,439.5052474292283
9384,North Rift,electricity,347.4141154365477,376.0757799600629
9385,North Rift,LPG,27.31231048837992,29.565576103671265
9386,North Rift,charcoal,472.1680637936257,511.12192905659987
9387,North Rift,firewood,86.2170921910128,93.33000229677135
9388,North Rift,charcoal,187.97884633267864,203.48710115512463
9389,North Rift,LPG,551.4324741209999,596.9256532359824
9390,North Rift,charcoal,538.1170366629938,582.5116921876908
9391,North Rift,charcoal,350.4277253056563,379.3380126433729
9392,North Rift,charcoal,621.3108386586118,672.5689828479473
9393,North Rift,LPG,529.7287445247993,573.4313659480952
9394,North Rift,LPG,352.8119948970739,381.91898447608247
9395,North Rift,LPG,473.0019946585541,512.0246592178848
9396,North Rift,firewood,435.6350925267669,471.5749876602252
9397,North Rift,firewood,674.4694155646446,730.1131423487278
9398,North Rift,firewood,348.86957059932024,377.65131017376416
9399,North Rift,firewood,-36.75517767510604,-39.78747983330229
9400,North Rift,electricity,455.0799790264627,492.62407729614586
9401,North Rift,electricity,623.0377316786471,674.4383445421355
9402,North Rift,electricity,394.9218298493504,427.5028808119218
9403,North Rift,charcoal,435.6944946258206,471.6392904324508
9404,North Rift,electricity,489.83595368349813,530.2474198623868
9405,North Rift,electricity,494.3725973182666,535.1583365970237
9406,North Rift,charcoal,467.8437673228656,506.440878127002
9407,North Rift,charcoal,587.1418011543363,635.5809997495691
9408,North Rift,LPG,200.56040668300727,217.10664023435538
9409,North Rift,firewood,575.9409395318918,623.4560670432729
9410,North Rift,firewood,83.28419857580491,90.15514495830881
9411,North Rift,electricity,122.90301114297756,133.0425095622732
9412,North Rift,firewood,437.9803001341973,474.1136748952686
9413,North Rift,electricity,285.7024855041634,309.2729405582569
9414,North Rift,electricity,178.36146341613534,193.0762841479665
9415,North Rift,LPG,306.48422761978185,331.76917639841383
9416,North Rift,LPG,879.2592840038778,951.7981749341977
9417,North Rift,firewood,440.90125152356086,477.27560477425465
9418,North Rift,electricity,169.2110010388416,183.17090862454603
9419,North Rift,LPG,220.4158947546831,238.60020607194446
9420,North Rift,charcoal,314.31914263925796,340.2504719069967
9421,North Rift,firewood,109.83828076905382,118.89993893250076
9422,North Rift,electricity,655.6863670462888,709.7804923276076
9423,North Rift,electricity,355.40059037172745,384.721139077395
9424,North Rift,LPG,663.9966966240968,718.7764240955847
9425,North Rift,firewood,1089.7557725447432,1179.6606237796846
9426,North Rift,LPG,-43.656601870757015,-47.25827152509447
9427,North Rift,LPG,581.8854904369465,629.8910433979946
9428,North Rift,charcoal,102.70919646660388,111.1827051750987
9429,North Rift,firewood,549.3062561069811,594.624022235807
9430,North Rift,charcoal,100.36018666284195,108.63990206252642
9431,North Rift,LPG,521.2695903893672,564.27433159649
9432,North Rift,electricity,368.5839177336629,398.99209094669004
9433,North Rift,LPG,445.7799212880943,482.55676479436204
9434,North Rift,charcoal,58.23850334135648,63.04317986701839
9435,North Rift,LPG,601.7026681551046,651.3431382779007
9436,North Rift,LPG,755.3994617450765,817.7199173390453
9437,North Rift,firewood,754.7472914061905,817.0139429472011
9438,North Rift,LPG,326.98358710831104,353.9597330447467
9439,North Rift,electricity,539.9261073871938,584.4700112466373
9440,North Rift,electricity,676.6661336659602,732.4910896934019
9441,North Rift,electricity,478.7218542107836,518.2164071831733
9442,North Rift,charcoal,583.5849057441733,631.7306604680676
9443,North Rift,electricity,714.9617472540273,773.9460914024845
9444,North Rift,firewood,448.817674766998,485.84513293527533
9445,North Rift,electricity,734.3747805515048,794.9606999470041
9446,North Rift,LPG,164.1149482160459,177.65443144386967
9447,North Rift,firewood,822.6680087288311,890.5381194489596
9448,North Rift,electricity,211.95735965278334,229.44384182413796
9449,North Rift,LPG,513.6619943568843,556.0391088913273
9450,North Rift,electricity,861.4155338615668,932.4823154051461
9451,North Rift,LPG,724.7911856170733,784.5864584304819
9452,North Rift,LPG,152.57583717973944,165.16334374706796
9453,North Rift,electricity,344.00052141226723,372.3805644287793
9454,North Rift,firewood,709.1003511211311,767.6011300886245
9455,North Rift,LPG,-64.75489151408334,-70.09717006399522
9456,North Rift,electricity,398.4847690084973,431.3597624516984
9457,North Rift,charcoal,506.088162346899,547.8404357405182
9458,North Rift,charcoal,-129.7026670068443,-140.40313703490898
9459,North Rift,LPG,518.0830178506997,560.8248668233824
9460,North Rift,LPG,520.7503000717563,563.7121998276763
9461,North Rift,firewood,177.4627953022407,192.10347591467556
9462,North Rift,LPG,256.66183962184965,277.8364413906522
9463,North Rift,charcoal,296.4896724408271,320.9500704171954
9464,North Rift,charcoal,526.0054558739056,569.4009059835028
9465,North Rift,LPG,1072.6930572625233,1161.1902344866814
9466,North Rift,firewood,248.42318324777906,268.91809586572083
9467,North Rift,firewood,432.8900163494416,468.60344269827056
9468,North Rift,electricity,248.4921045020342,268.99270312345203
9469,North Rift,firewood,73.23679138185338,79.27882667085629
9470,North Rift,LPG,101.06663208345043,109.40462923033509
9471,North Rift,electricity,741.9614547311241,803.173274746442
9472,North Rift,electricity,880.2385651355276,952.8582467592086
9473,North Rift,electricity,108.72302678234638,117.69267649188996
9474,North Rift,LPG,45.93471688405117,49.72433102698539
9475,North Rift,electricity,-125.03356511537618,-135.34883423739473
9476,North Rift,charcoal,314.4307474498045,340.3712841144134
9477,North Rift,LPG,468.914835022415,507.6003089117642
9478,North Rift,electricity,779.2049358110195,843.4893430154286
9479,North Rift,firewood,903.6760317889466,978.2293044115347
9480,North Rift,LPG,524.8597402324037,568.160668801577
9481,North Rift,firewood,394.6724135887681,427.23288770984146
9482,North Rift,firewood,500.8673718516887,542.188930029453
9483,North Rift,charcoal,763.2281627462294,826.1944861727933
9484,North Rift,firewood,470.7451191576304,509.58159148813496
9485,North Rift,charcoal,412.7852262173455,446.8400073802765
9486,North Rift,firewood,-115.53669503178753,-125.06847237191
9487,North Rift,firewood,462.0068810453715,500.1224487316146
9488,North Rift,charcoal,-39.177989703408514,-42.41017385393972
9489,North Rift,electricity,844.7947753350518,914.4903443001936
9490,North Rift,charcoal,63.08995654277669,68.29487795755577
9491,North Rift,charcoal,429.3811108089401,464.80505245067764
9492,North Rift,charcoal,210.66716354270756,228.04720453498092
9493,North Rift,electricity,878.8395589621518,951.3438225765294
9494,North Rift,electricity,-13.37840556121671,-14.482124020017087
9495,North Rift,charcoal,604.3082247625402,654.1636533054499
9496,North Rift,charcoal,923.4324260932867,999.6156012459829
9497,North Rift,charcoal,130.66598145209775,141.44592492189582
9498,North Rift,charcoal,448.0191235203882,484.9807012108202
9499,North Rift,electricity,342.9056864721363,371.1954056060876
9500,North Rift,LPG,296.23127742960787,320.67035781755055
9501,North Rift,firewood,877.7472065824998,950.161351125556
9502,North Rift,LPG,372.26157816015353,402.9731583583662
9503,North Rift,electricity,831.8600040201145,900.488454351774
9504,North Rift,firewood,606.0640402500693,656.0643235707
9505,North Rift,electricity,850.2193486809274,920.3624449471039
9506,North Rift,firewood,390.0999777323047,422.28322589521986
9507,North Rift,firewood,261.80741379280244,283.40652543070865
9508,North Rift,firewood,662.9417402138856,717.6344337815312
9509,North Rift,electricity,694.3398328054641,751.6228690119149
9510,North Rift,charcoal,512.9233629641511,555.2395404086936
9511,North Rift,electricity,691.7217020564807,748.7887424761403
9512,North Rift,charcoal,339.8142127037289,367.84888525178656
9513,North Rift,electricity,934.2324062658817,1011.3065797828169
9514,North Rift,charcoal,697.4065691108714,754.9426110625183
9515,North Rift,LPG,-70.44215553479114,-76.2536333664114
9516,North Rift,LPG,416.12352285333844,450.45371348873886
9517,North Rift,charcoal,434.19133099443326,470.012115801474
9518,North Rift,charcoal,640.5951383282211,693.4442372402993
9519,North Rift,charcoal,534.9175396476569,579.0482366685886
9520,North Rift,electricity,345.4527178625603,373.9525670862215
9521,North Rift,charcoal,-87.08727349934765,-94.27197356304383
9522,North Rift,firewood,367.68285682674923,398.01669251495605
9523,North Rift,electricity,427.536760652627,462.8085434064687
9524,North Rift,LPG,291.3184767599511,315.3522510926471
9525,North Rift,electricity,470.2257867809232,509.0194141903494
9526,North Rift,firewood,268.61445039612045,290.7751425538004
9527,North Rift,charcoal,291.1268299113735,315.1447933790618
9528,North Rift,firewood,454.00457121891856,491.45994834447936
9529,North Rift,electricity,580.4797203458273,628.3692972743581
9530,North Rift,charcoal,535.5606251967995,579.7443767755354
9531,North Rift,LPG,621.4049306174866,672.6708373934292
9532,North Rift,firewood,524.5212956865832,567.7943025807264
9533,North Rift,charcoal,831.8969998192022,900.5285023042863
9534,North Rift,charcoal,731.971201442954,792.3588255619977
9535,North Rift,electricity,875.6180775191845,947.8565689145172
9536,North Rift,charcoal,680.3097251853279,736.4352775131175
9537,North Rift,electricity,712.1232941230016,770.8734658881493
9538,North Rift,firewood,-31.928388995700516,-34.56248108784581
9539,North Rift,firewood,387.9949783435632,420.0045640569072
9540,North Rift,firewood,511.7429093358933,553.9616993561045
9541,North Rift,firewood,433.3625520234232,469.1149625653556
9542,North Rift,electricity,413.2656306707012,447.3600452010341
9543,North Rift,LPG,7.680042766800625,8.313646295061677
9544,North Rift,electricity,354.4500237883641,383.69215075090415
9545,North Rift,electricity,288.14203420480715,311.9137520267037
9546,North Rift,electricity,443.12508335677455,479.6829027337085
9547,North Rift,charcoal,240.0166912675611,259.8180682971349
9548,North Rift,LPG,319.53902712723294,345.9009968652297
9549,North Rift,firewood,190.8182579348439,206.56076421446852
9550,North Rift,firewood,618.2581119975273,669.2644062373233
9551,North Rift,firewood,73.52000366959061,79.58540397233183
9552,North Rift,LPG,577.715953549711,625.3775197175622
9553,North Rift,firewood,625.8125294581188,677.4420631384136
9554,North Rift,charcoal,945.8176242988429,1023.8475783034975
9555,North Rift,electricity,92.9965735509279,100.66879086887946
9556,North Rift,firewood,593.4771749726126,642.4390419078532
9557,North Rift,firewood,247.151057561518,267.54101981034324
9558,North Rift,firewood,440.0054491372907,476.3058986911172
9559,North Rift,charcoal,427.39603264417,462.6562053373141
9560,North Rift,electricity,508.6620571435325,550.6266768578739
9561,North Rift,charcoal,403.1122419562721,436.36900191766455
9562,North Rift,firewood,379.04974610860086,410.3213501625604
9563,North Rift,charcoal,204.53538725736811,221.409556706101
9564,North Rift,charcoal,386.4431529488035,418.3247130670798
9565,North Rift,charcoal,402.19004226696,435.3707207539842
9566,North Rift,LPG,358.2816946989763,387.83993451164184
9567,North Rift,charcoal,255.3174711307601,276.38116249904783
9568,North Rift,charcoal,355.7173093467645,385.0639873678726
9569,North Rift,electricity,1010.0095282916409,1093.3353143757013
9570,North Rift,electricity,681.3227467234345,737.5318733281179
9571,North Rift,firewood,365.51040603188153,395.6650145295118
9572,North Rift,charcoal,400.19956588733714,433.2160300730425
9573,North Rift,LPG,689.2824075787687,746.1482062040171
9574,North Rift,electricity,362.0183875947374,391.88490457130325
9575,North Rift,LPG,176.59524261748547,191.16435013342803
9576,North Rift,charcoal,-174.50971073037715,-188.90676186563326
9577,North Rift,LPG,523.7812858924885,566.9932419786188
9578,North Rift,LPG,783.7026614662227,848.3581310371861
9579,North Rift,charcoal,416.7403135007574,451.1213893645699
9580,North Rift,electricity,251.41729823791098,272.15922534253866
9581,North Rift,electricity,252.5360605645078,273.3702855610797
9582,North Rift,electricity,536.9627759322454,581.2622049466557
9583,North Rift,LPG,608.9788066777654,659.2195582286811
9584,North Rift,LPG,443.6552113131512,480.25676624648617
9585,North Rift,firewood,437.919927176875,474.04832116896716
9586,North Rift,firewood,404.9550402972687,438.36383112179334
9587,North Rift,LPG,-137.34203842955162,-148.67275659998964
9588,North Rift,firewood,595.2103823057133,644.3152388459347
9589,North Rift,electricity,637.2862529316433,689.8623687985039
9590,North Rift,charcoal,507.7470104247594,549.636138784802
9591,North Rift,charcoal,160.9712831705662,174.25141403213792
9592,North Rift,LPG,282.0368067089813,305.3048432624723
9593,North Rift,electricity,338.63867197284003,366.57636241059936
9594,North Rift,electricity,643.642655377053,696.7431744456599
9595,North Rift,firewood,613.4007604576958,664.0063231954557
9596,North Rift,charcoal,577.1739047806738,624.7907519250793
9597,North Rift,charcoal,253.07240366367105,273.9508769659239
9598,North Rift,firewood,669.3792396011045,724.6030268681956
9599,North Rift,electricity,51.32584947071774,55.56023205205196
9600,North Rift,charcoal,563.8839890571871,610.4044181544051
9601,North Rift,firewood,469.76430277626076,508.51985775530227
9602,North Rift,LPG,-2.3131274826595813,-2.503960499978997
9603,North Rift,firewood,225.68705823964098,244.30624054441137
9604,North Rift,charcoal,97.59805527617596,105.64989483646048
9605,North Rift,LPG,756.2623105652374,818.6539511868694
9606,North Rift,firewood,607.6991737007988,657.8343555311147
9607,North Rift,electricity,700.6421328199483,758.4451087775941
9608,North Rift,firewood,575.1270759889487,622.575059758037
9609,North Rift,charcoal,569.2498175770545,616.2129275271615
9610,North Rift,LPG,363.50598683071377,393.49523074424764
9611,North Rift,electricity,216.28917089416237,234.13302749293078
9612,North Rift,charcoal,434.073473296396,469.88453484334866
9613,North Rift,LPG,509.9085052714619,551.9759569563574
9614,North Rift,firewood,606.1855968646296,656.1959086059616
9615,North Rift,electricity,505.2560971293176,546.9397251424863
9616,North Rift,charcoal,292.503699905795,316.6352551480231
9617,North Rift,charcoal,-294.1192939442527,-318.3841356946536
9618,North Rift,electricity,891.9187576483375,965.5020551543254
9619,North Rift,charcoal,164.081430145413,177.61814813240957
9620,North Rift,charcoal,730.8419712131256,791.1364338382085
9621,North Rift,firewood,212.34306130973866,229.8613638677921
9622,North Rift,LPG,794.24883790315,859.77436703016
9623,North Rift,charcoal,453.04826437270236,490.42474618345034
9624,North Rift,firewood,282.73084431659987,306.05613897271934
9625,North Rift,electricity,676.817562137463,732.6550110138037
9626,North Rift,charcoal,-6.54461459978603,-7.084545304268377
9627,North Rift,LPG,482.81197271416954,522.6439604630885
9628,North Rift,charcoal,141.36751634050609,153.03033643859783
9629,North Rift,charcoal,412.2936156459339,446.3078389367235
9630,North Rift,electricity,-26.36621132986886,-28.541423764583044
9631,North Rift,electricity,308.44268568147754,333.88920725019943
9632,North Rift,LPG,358.0777271250873,387.61913961290696
9633,North Rift,firewood,554.2412929039332,599.9661995685077
9634,North Rift,electricity,532.3349789202975,576.2526146812221
9635,North Rift,firewood,433.13009517280625,468.86332802456275
9636,North Rift,firewood,532.6015673030593,576.5411966055617
9637,North Rift,charcoal,121.72303718418641,131.7651877518818
9638,North Rift,electricity,328.8922502704571,356.0258609177698
9639,North Rift,electricity,841.1118491443959,910.5035766988086
9640,North Rift,electricity,322.4281486529791,349.02847091684987
9641,North Rift,firewood,163.8669265872851,177.3859480307361
9642,North Rift,charcoal,566.5874253429589,613.330887933753
9643,North Rift,firewood,210.359621559157,227.71429033778747
9644,North Rift,charcoal,937.0767939814651,1014.385629484936
9645,North Rift,charcoal,452.9026504280317,490.2671190883443
9646,North Rift,firewood,-49.8783411995708,-53.99330434853539
9647,North Rift,electricity,383.5022032140322,415.14113497918987
9648,North Rift,electricity,648.1010727589269,701.5694112615383
9649,North Rift,firewood,291.15025802883065,315.17015431620916
9650,North Rift,firewood,620.9674901671976,672.1973081059915
9651,North Rift,firewood,76.29677888056574,82.59126313821241
9652,North Rift,charcoal,429.8482103389447,465.3106876919076
9653,North Rift,electricity,1007.9125586696015,1091.0653447598436
9654,North Rift,LPG,102.43192590109544,110.88255978793582
9655,North Rift,electricity,585.7555786862335,634.0804139278479
9656,North Rift,charcoal,54.62795385648968,59.13476004965008
9657,North Rift,LPG,240.93826085011642,260.81566737025105
9658,North Rift,LPG,806.472441390121,873.006417804806
9659,North Rift,charcoal,-108.35992325593787,-117.29961692455275
9660,North Rift,electricity,929.0655339804889,1005.7134405338793
9661,North Rift,charcoal,173.25950363040445,187.5534126799128
9662,North Rift,LPG,526.4199886369504,569.8496376994988
9663,North Rift,firewood,323.85591742589816,350.5740306135348
9664,North Rift,LPG,257.76879088612566,279.034716134231
9665,North Rift,LPG,813.2215855713168,880.3123663809505
9666,North Rift,charcoal,30.20412204740751,32.695962116318626
9667,North Rift,LPG,657.6017755535058,711.85392203667
9668,North Rift,firewood,1002.5661061288107,1085.2778098844376
9669,North Rift,firewood,108.16850849966102,117.09241045088305
9670,North Rift,electricity,434.0024526625171,469.8076550071748
9671,North Rift,charcoal,1093.0652996883682,1183.2431869126585
9672,North Rift,charcoal,360.16075710652024,389.87401956780815
9673,North Rift,electricity,-174.51782904773404,-188.9155499441721
9674,North Rift,charcoal,349.6709586900859,378.518812782018
9675,North Rift,LPG,-136.04234375308522,-147.26583711271476
9676,North Rift,electricity,610.8101781025246,661.2020177959829
9677,North Rift,charcoal,652.067482999284,705.863050346725
9678,North Rift,firewood,-257.08166336318686,-278.29090059064976
9679,North Rift,LPG,289.71353076735386,313.61489705566055
9680,North Rift,charcoal,353.74478626376936,382.9287311305303
9681,North Rift,charcoal,564.681320268953,611.2675291911415
9682,North Rift,electricity,415.57485767345474,449.85978343151476
9683,North Rift,electricity,314.17143646250736,340.09057997066424
9684,North Rift,firewood,436.24126394598557,472.2311682215294
9685,North Rift,firewood,238.19460265871467,257.84565737805866
9686,North Rift,LPG,86.50007138032163,93.63632726919816
9687,North Rift,charcoal,810.8646497382264,877.7609833416301
9688,North Rift,electricity,376.87772692007695,407.9701393909833
9689,North Rift,firewood,261.0647514692072,282.60259346541676
9690,North Rift,firewood,366.4830644699524,396.71791728872347
9691,North Rift,firewood,442.67967457024713,479.20074772229253
9692,North Rift,firewood,783.552313465503,848.195379326407
9693,North Rift,firewood,78.77143702377339,85.2700805782347
9694,North Rift,charcoal,292.69499708322996,316.8423343425964
9695,North Rift,firewood,600.8925891703386,650.4662277768915
9696,North Rift,charcoal,248.76339136255325,269.2863711499639
9697,North Rift,firewood,297.8890953841143,322.4649457533037
9698,North Rift,electricity,296.42859138170996,320.88395017070104
9699,North Rift,LPG,164.34782095020478,177.90651617859666
9700,North Rift,electricity,-19.046747620662757,-20.618104299367435
9701,North Rift,electricity,222.73461557050342,241.11022135506997
9702,North Rift,charcoal,204.73570457681154,221.6264002043985
9703,North Rift,charcoal,-87.96612008065978,-95.22332498731421
9704,North Rift,LPG,20.95133371607693,22.67981874765328
9705,North Rift,charcoal,-205.28853806926872,-222.2248424599834
9706,North Rift,electricity,709.7131384269745,768.2644723471999
9707,North Rift,firewood,629.2001029474042,681.109111440565
9708,North Rift,LPG,422.32296277549204,457.16460720447014
9709,North Rift,charcoal,385.8153743853072,417.6451427720951
9710,North Rift,LPG,23.15937939044335,25.070028190154925
9711,North Rift,charcoal,384.08362854916845,415.7705279044749
9712,North Rift,charcoal,174.19758813055896,188.56888915133007
9713,North Rift,LPG,507.85592290257944,549.7540365420423
9714,North Rift,electricity,303.6953954610905,328.7502655866305
9715,North Rift,electricity,530.0550096997096,573.7845479999356
9716,North Rift,LPG,499.3741290867238,540.5724947363785
9717,North Rift,electricity,294.22038600497046,318.49356785038054
9718,North Rift,LPG,419.2236686699216,453.8096213351902
9719,North Rift,electricity,146.860270052088,158.97624233138527
9720,North Rift,firewood,479.6819730145957,519.2557357882998
9721,North Rift,charcoal,227.58207073797305,246.35759157385584
9722,North Rift,charcoal,235.66866722334953,255.11133226927586
9723,North Rift,electricity,247.8639544153587,268.3127306546258
9724,North Rift,firewood,629.6650153238049,681.6123790880189
9725,North Rift,firewood,957.0804461913447,1036.0395830021307
9726,North Rift,firewood,175.1510128499467,189.60097141006733
9727,North Rift,LPG,680.9207757679774,737.0967397688355
9728,North Rift,firewood,42.56850668828406,46.0804084900675
9729,North Rift,LPG,733.4422903723806,793.951279328102
9730,North Rift,LPG,401.4219411823139,434.5392513298548
9731,North Rift,charcoal,548.7211185989413,593.990610883354
9732,North Rift,charcoal,745.1202301111794,806.5926490953517
9733,North Rift,LPG,842.9544687639118,912.4982124369345
9734,North Rift,LPG,11.631043789366458,12.590604901989192
9735,North Rift,charcoal,383.41720568897495,415.0491251583154
9736,North Rift,firewood,925.0651382914664,1001.3830122005123
9737,North Rift,LPG,529.6768702310334,573.3752120250937
9738,North Rift,firewood,583.3186673843961,631.4424574436088
9739,North Rift,charcoal,-83.59673680981092,-90.49346759662032
9740,North Rift,electricity,973.5350763304333,1053.851720127694
9741,North Rift,firewood,544.6186646094311,589.5497044397092
9742,North Rift,charcoal,232.48263185719392,251.66244898541242
9743,North Rift,electricity,213.63216178262073,231.25681512968694
9744,North Rift,firewood,222.8570854584906,241.24279500881607
9745,North Rift,electricity,806.1152571535506,872.6197658687186
9746,North Rift,firewood,237.3962668996497,256.9814589188708
9747,North Rift,LPG,406.744167883182,440.3005617335445
9748,North Rift,LPG,906.1609560969589,980.919234974958
9749,North Rift,electricity,690.7222935641935,747.7068827832395
9750,North Rift,electricity,789.0365820840473,854.1321001059812
9751,North Rift,charcoal,339.57102030413586,367.58562947922707
9752,North Rift,LPG,178.9020145058135,193.6614307025431
9753,North Rift,charcoal,312.5291803765605,338.3128377576267
9754,North Rift,firewood,462.1655458128335,500.2942033423923
9755,North Rift,electricity,306.9771057472851,332.30271697143615
9756,North Rift,electricity,443.7621823013322,480.3725623411921
9757,North Rift,charcoal,995.5501646996792,1077.6830532874028
9758,North Rift,electricity,964.4136797394019,1043.9778083179026
9759,North Rift,LPG,573.2828966185666,620.5787355895984
9760,North Rift,firewood,568.2034149845306,615.0801967207543
9761,North Rift,charcoal,492.33283959007053,532.9502988562514
9762,North Rift,charcoal,808.9692717928856,875.7092367157986
9763,North Rift,electricity,559.5548409303548,605.7181153071091
9764,North Rift,electricity,1047.5115378748533,1133.9312397495287
9765,North Rift,firewood,432.99234380039934,468.7142121639323
9766,North Rift,charcoal,645.5818899736148,698.842395896438
9767,North Rift,electricity,552.9051378618565,598.5198117354596
9768,North Rift,firewood,-438.14564639963237,-474.292662227602
9769,North Rift,electricity,471.3651364394962,510.25276019575466
9770,North Rift,LPG,705.9882053284914,764.2322322680919
9771,North Rift,LPG,285.2898032540996,308.8262120225628
9772,North Rift,electricity,238.03016780839073,257.667656652583
9773,North Rift,firewood,43.0697865748096,46.62304396723139
9774,North Rift,electricity,76.83944340357158,83.17869748436624
9775,North Rift,LPG,165.879506472185,179.56456575614027
9776,North Rift,LPG,241.12958553961,261.02277634662784
9777,North Rift,charcoal,328.10753819208924,355.1764100929366
9778,North Rift,electricity,86.67191271687176,93.82234551601368
9779,North Rift,LPG,417.9770470558575,452.46015343796574
9780,North Rift,LPG,296.8042681641994,321.29062028774587
9781,North Rift,electricity,432.9376617752799,468.6550188717405
9782,North Rift,firewood,635.2059492621669,687.6104400762956
9783,North Rift,LPG,259.16319629777433,280.5441599923407
9784,North Rift,LPG,160.44777262594397,173.68471386758435
9785,North Rift,charcoal,230.57626230812147,249.5988039485415
9786,North Rift,firewood,421.318529037871,456.07730768349535
9787,North Rift,LPG,161.17629909764614,174.47334377320195
9788,North Rift,electricity,633.0152904608425,685.239051923862
9789,North Rift,electricity,570.8569898810509,617.9526915462377
9790,North Rift,electricity,501.69897158328854,543.0891367389098
9791,South Nyanza,charcoal,878.6270818153628,1076.5817633483641
9792,South Nyanza,firewood,309.7162222515017,379.495287124765
9793,South Nyanza,electricity,465.3109835130845,570.1455480985825
9794,South Nyanza,electricity,-329.2775330974963,-403.46376130436227
9795,South Nyanza,LPG,677.6854524856813,830.3679849307052
9796,South Nyanza,firewood,647.8426663684437,793.8016191012541
9797,South Nyanza,LPG,579.5603066882052,710.1352437850578
9798,South Nyanza,LPG,-34.97586370273484,-42.855925794961
9799,South Nyanza,electricity,217.91483752165922,267.01105041528905
9800,South Nyanza,charcoal,566.2226319366546,693.7925909119829
9801,South Nyanza,firewood,611.8643906203886,749.7174378271621
9802,South Nyanza,firewood,523.8803923744975,641.9106447764718
9803,South Nyanza,firewood,232.13535819489326,284.4354543962027
9804,South Nyanza,LPG,40.047440462359134,49.07012879852865
9805,South Nyanza,LPG,348.6632849223083,427.2171230153044
9806,South Nyanza,charcoal,-160.04132378370844,-196.09863403217796
9807,South Nyanza,firewood,280.8218078092059,344.09096110862
9808,South Nyanza,electricity,358.4218374809744,439.1742774654379
9809,South Nyanza,charcoal,221.62786737276556,271.56062589184967
9810,South Nyanza,charcoal,674.9324156956443,826.994688951873
9811,South Nyanza,LPG,258.0681609878087,316.210917658362
9812,South Nyanza,firewood,551.3088303067985,675.5187097749202
9813,South Nyanza,LPG,182.44480582251396,223.54962057432635
9814,South Nyanza,electricity,702.3573325313153,860.5984395506206
9815,South Nyanza,LPG,648.2015148491723,794.2413161446909
9816,South Nyanza,charcoal,108.79185384521486,133.30265851654178
9817,South Nyanza,firewood,651.8337973877481,798.6919519392077
9818,South Nyanza,charcoal,173.93614591030942,213.12395958390215
9819,South Nyanza,LPG,566.4117940283109,694.0243712228893
9820,South Nyanza,charcoal,1093.9448274675638,1340.4105970960059
9821,South Nyanza,LPG,133.4316181453317,163.49376171347492
9822,South Nyanza,charcoal,725.7663853623937,889.2815519845411
9823,South Nyanza,LPG,330.88522271240936,405.43366338951523
9824,South Nyanza,firewood,771.7524381664821,945.6282624853906
9825,South Nyanza,firewood,468.3576414914845,573.878618119516
9826,South Nyanza,firewood,242.15167087334294,296.7084423211071
9827,South Nyanza,charcoal,277.125381613816,339.5617300914087
9828,South Nyanza,electricity,700.7993270591801,858.6894154456133
9829,South Nyanza,firewood,657.880048219327,806.1004230831414
9830,South Nyanza,charcoal,173.38465830869188,212.44822182564016
9831,South Nyanza,charcoal,1084.3231394383074,1328.621142753758
9832,South Nyanza,firewood,796.5525890472416,976.0158873595851
9833,South Nyanza,charcoal,333.40008258787736,408.51512119492617
9834,South Nyanza,LPG,352.02384986851513,431.3348232438916
9835,South Nyanza,firewood,456.41695099667015,559.24769005622
9836,South Nyanza,electricity,-143.46480148530452,-175.78742125994364
9837,South Nyanza,charcoal,363.6103115408291,445.5317147309779
9838,South Nyanza,electricity,177.90873406435892,217.991571849059
9839,South Nyanza,LPG,446.0892154905202,546.5931157405344
9840,South Nyanza,LPG,461.7126951445034,565.73656536056
9841,South Nyanza,charcoal,302.3088672558863,370.4190550486375
9842,South Nyanza,charcoal,-264.102257744055,-323.6044964137906
9843,South Nyanza,firewood,277.0132796409254,339.4243715440259
9844,South Nyanza,LPG,-140.87693247811524,-172.61650536543462
9845,South Nyanza,electricity,99.03563661262967,121.34836554145514
9846,South Nyanza,LPG,71.42916062874878,87.52215051840588
9847,South Nyanza,electricity,639.1882466950284,783.1973586754183
9848,South Nyanza,charcoal,553.196868391298,677.8321228398576
9849,South Nyanza,LPG,232.33866159491532,284.68456205224976
9850,South Nyanza,firewood,704.160691992436,862.8080958983319
9851,South Nyanza,charcoal,-100.82717611481064,-123.54353889347749
9852,South Nyanza,LPG,749.6653239000902,918.5649213747806
9853,South Nyanza,LPG,269.54909192270134,330.278502332886
9854,South Nyanza,charcoal,128.08969474299283,156.94830296858913
9855,South Nyanza,electricity,361.96039612894083,443.51007337679124
9856,South Nyanza,electricity,274.85585974110245,336.78088494077286
9857,South Nyanza,electricity,267.2906133820106,327.5111885769776
9858,South Nyanza,LPG,241.28862558291215,295.65095292674226
9859,South Nyanza,LPG,691.4459910673827,847.228772854864
9860,South Nyanza,LPG,-255.63521123132068,-313.2298243217372
9861,South Nyanza,firewood,-15.896588351917387,-19.478089707604376
9862,South Nyanza,electricity,347.0055614401047,425.1859144325603
9863,South Nyanza,LPG,891.4893627346866,1092.3419161588115
9864,South Nyanza,firewood,208.07471407969481,254.95394716185007
9865,South Nyanza,charcoal,520.9367946342134,638.3038544653017
9866,South Nyanza,electricity,50.94799497227848,62.42657823953282
9867,South Nyanza,electricity,168.61684966839775,206.60622589868777
9868,South Nyanza,LPG,460.42394178895006,564.1574558740006
9869,South Nyanza,firewood,1128.4891293327478,1382.737730171416
9870,South Nyanza,electricity,473.83008298735064,580.5840006844007
9871,South Nyanza,charcoal,279.26474386508113,342.18309065788395
9872,South Nyanza,electricity,557.83165569939,683.5111277284626
9873,South Nyanza,charcoal,-55.9791967308073,-68.59130975425819
9874,South Nyanza,electricity,81.64777559693363,100.04301943892278
9875,South Nyanza,electricity,654.0521111691266,801.4100518155309
9876,South Nyanza,LPG,538.2156551117681,659.4756422084495
9877,South Nyanza,charcoal,190.71284633142588,233.68045060989613
9878,South Nyanza,LPG,17.563772219123734,21.520890100092313
9879,South Nyanza,LPG,24.705784402586005,30.271997628488634
9880,South Nyanza,electricity,371.01871797848463,454.60923513903725
9881,South Nyanza,charcoal,262.0942556494521,321.1440914472737
9882,South Nyanza,electricity,240.6583280691831,294.87864938317006
9883,South Nyanza,charcoal,951.924780475718,1166.3934335168972
9884,South Nyanza,LPG,162.08507020637154,198.60283652386707
9885,South Nyanza,LPG,283.1266637223006,346.9151010589349
9886,South Nyanza,firewood,690.5377503148693,846.1159054608094
9887,South Nyanza,electricity,355.357190822596,435.4191659149269
9888,South Nyanza,firewood,-135.77836364238033,-166.36922897100862
9889,South Nyanza,firewood,1246.7991536969826,1527.7030030249127
9890,South Nyanza,firewood,744.1622577017044,911.8220143618985
9891,South Nyanza,firewood,651.0007226983432,797.67118552228
9892,South Nyanza,LPG,134.84781431454496,165.22902687961195
9893,South Nyanza,firewood,357.6627499146451,438.24416747041465
9894,South Nyanza,electricity,308.17381709722264,377.6053780892269
9895,South Nyanza,charcoal,751.0067205807186,920.2085347275545
9896,South Nyanza,charcoal,-222.06630661574764,-272.09784549627557
9897,South Nyanza,firewood,529.6703293984015,649.0050546118614
9898,South Nyanza,LPG,365.6400468293293,448.01874937997724
9899,South Nyanza,LPG,274.6638050246745,336.5455602967337
9900,South Nyanza,charcoal,656.6684462138405,804.6158471458189
9901,South Nyanza,charcoal,479.9323907306559,588.0611583622727
9902,South Nyanza,firewood,273.73009779082315,335.40148882309563
9903,South Nyanza,electricity,619.7819664631617,759.418843507312
9904,South Nyanza,LPG,349.4678621978758,428.2029715510572
9905,South Nyanza,LPG,100.06379820850168,122.60817194487711
9906,South Nyanza,electricity,375.6717099262843,460.31054617267614
9907,South Nyanza,LPG,395.3654395874893,484.44127312655064
9908,South Nyanza,firewood,989.4102799695943,1212.3244160467439
9909,South Nyanza,electricity,775.2614988899165,949.9279145898148
9910,South Nyanza,electricity,625.6706126306008,766.6342016562752
9911,South Nyanza,firewood,559.6814067549942,685.7776276968945
9912,South Nyanza,LPG,267.2328810569869,327.4404491591261
9913,South Nyanza,electricity,607.9840703519529,744.962881402248
9914,South Nyanza,firewood,724.8618777327401,888.1732587859266
9915,South Nyanza,LPG,361.05738586441936,442.4036148996731
9916,South Nyanza,LPG,452.4975422525129,554.445238522004
9917,South Nyanza,charcoal,631.3036521409551,773.5363649683123
9918,South Nyanza,charcoal,997.8609812598017,1222.679060337635
9919,South Nyanza,electricity,372.7389580961746,456.71704535524276
9920,South Nyanza,electricity,49.022938223469566,60.06780620521726
9921,South Nyanza,LPG,482.52438769447957,591.2371322420458
9922,South Nyanza,electricity,763.4039485673682,935.3988581795962
9923,South Nyanza,firewood,439.35129074650064,538.3371365516873
9924,South Nyanza,charcoal,510.5008451587986,625.516685573076
9925,South Nyanza,electricity,808.5660002571105,990.7359201150376
9926,South Nyanza,charcoal,-73.65723687980176,-90.2522123488211
9927,South Nyanza,firewood,153.5628067595199,188.16050712243975
9928,South Nyanza,charcoal,86.42473969962981,105.8962335539564
9929,South Nyanza,charcoal,631.5457503831133,773.8330079444287
9930,South Nyanza,electricity,199.42906822148072,244.36043729178033
9931,South Nyanza,firewood,585.3654084578272,717.2482349833757
9932,South Nyanza,electricity,453.6405911831757,555.8458163767452
9933,South Nyanza,LPG,415.3046195800547,508.87275037144104
9934,South Nyanza,firewood,229.93016814409938,281.73343502696497
9935,South Nyanza,charcoal,828.3968813742313,1015.0346987478456
9936,South Nyanza,charcoal,548.7827762811404,672.4235357772814
9937,South Nyanza,firewood,665.985425770072,816.0319421960692
9938,South Nyanza,charcoal,484.6074154338655,593.7894661311154
9939,South Nyanza,LPG,689.709173034325,845.1006497189584
9940,South Nyanza,electricity,181.6666074898543,222.59609415731848
9941,South Nyanza,firewood,129.0448018322508,158.11859568505693
9942,South Nyanza,electricity,268.9175709075683,329.50469963304346
9943,South Nyanza,electricity,245.69237452196066,301.0468665017584
9944,South Nyanza,firewood,355.66815207727603,435.80018674028634
9945,South Nyanza,firewood,290.19035834857283,355.5702460845063
9946,South Nyanza,LPG,190.21411732170867,233.06935795428964
9947,South Nyanza,LPG,61.34038652858072,75.16037561346997
9948,South Nyanza,charcoal,248.20860490252878,304.13000358706853
9949,South Nyanza,electricity,507.9909575739114,622.4413203153136
9950,South Nyanza,firewood,495.25108347286823,606.8311525793055
9951,South Nyanza,charcoal,233.93366657834002,286.63892165844004
9952,South Nyanza,electricity,632.155553387975,774.5801995662858
9953,South Nyanza,electricity,804.6263546297341,985.9086723278133
9954,South Nyanza,electricity,626.2381613198501,767.3296190652123
9955,South Nyanza,LPG,119.89240749321971,146.90416690144212
9956,South Nyanza,charcoal,-73.61164343551008,-90.1963467015305
9957,South Nyanza,firewood,115.87295354433661,141.97912997787566
9958,South Nyanza,LPG,1009.0063471887378,1236.3354772103605
9959,South Nyanza,electricity,473.1973298538307,579.8086882698988
9960,South Nyanza,charcoal,221.89108628875428,271.88314802961065
9961,South Nyanza,firewood,397.3478417222549,486.87031046227895
9962,South Nyanza,charcoal,401.4598639036275,491.9087712411148
9963,South Nyanza,electricity,656.9609474955416,804.9742489662872
9964,South Nyanza,charcoal,13.860674195321508,16.983484091527444
9965,South Nyanza,LPG,274.63432990349634,336.50944443075406
9966,South Nyanza,firewood,434.29506990497555,532.1417491545666
9967,South Nyanza,firewood,442.09181073426714,541.6950956926976
9968,South Nyanza,LPG,369.44723259429975,452.6836940977955
9969,South Nyanza,charcoal,250.72773401478662,307.2166924883181
9970,South Nyanza,LPG,-60.75477766773287,-74.44282907627309
9971,South Nyanza,electricity,1145.913657608527,1404.0880046677282
9972,South Nyanza,charcoal,120.7642338410298,147.97241572541384
9973,South Nyanza,electricity,406.2038757626753,497.72160897200604
9974,South Nyanza,electricity,802.9991645720679,983.9148763501548
9975,South Nyanza,firewood,481.71387346422233,590.2440091557116
9976,South Nyanza,LPG,746.7676531519564,915.0144054070922
9977,South Nyanza,firewood,580.8026290467999,711.657461371044
9978,South Nyanza,firewood,489.09815336855917,599.2919673224956
9979,South Nyanza,firewood,462.3785060656852,566.5523834822841
9980,South Nyanza,charcoal,226.72756215607552,277.80928190983934
9981,South Nyanza,LPG,427.751835496177,524.1243240334658
9982,South Nyanza,charcoal,35.694736880208495,43.73676109931947
9983,South Nyanza,electricity,201.11500189432405,246.42621182111526
9984,South Nyanza,electricity,656.5747844790167,804.5010834221391
9985,South Nyanza,LPG,581.3577324237854,712.3376295388642
9986,South Nyanza,LPG,628.7831945483938,770.448048280147
9987,South Nyanza,LPG,899.4795867873391,1102.1323376905268
9988,South Nyanza,charcoal,537.1515449306057,658.1717880034712
9989,South Nyanza,LPG,1065.1744363943249,1305.1582369139662
9990,South Nyanza,firewood,781.1196053204789,957.1058523991828
9991,South Nyanza,LPG,665.2682653343902,815.1532055142284
9992,South Nyanza,charcoal,296.40704911274975,363.1875572778523
9993,South Nyanza,LPG,543.6914096244423,666.1850842128291
9994,South Nyanza,LPG,512.0026349821424,627.3568286436191
9995,South Nyanza,charcoal,648.8362098188261,795.0190078910076
9996,South Nyanza,charcoal,-157.79342260389433,-193.34428071655174
9997,South Nyanza,charcoal,154.07742829698253,188.7910728922927
9998,South Nyanza,firewood,746.5353202094807,914.7297278526768
9999,South Nyanza,firewood,287.15356230611513,351.84925989368287
10000,South Nyanza,LPG,261.55772287242996,320.48667783558847
